id,price,moonRank,ðŸ’Ž score (%),storeURL,Background,Base,Bottom,Ears,Eyes,Head,Shoes,Teeth,Top
5,3,3017,47.46,https://magiceden.io/item-details/BLmGi883zeKfMKif7qobkLZ73jauGzKxpWN8rDY39iLp,White,Sky,Shorts Black,Pigtails,Cross,None,None,Spike Open,Windbreaker Lemon
12,2.5,1678,67.79,https://magiceden.io/item-details/ZtXKWmMWkJmJ9sE5NFVYpgpDvgv4tSbeeptrteUHxsv,White,Shadow,Puff Pants Cream,Heart,Cross,Pink Flower,None,Spike,None
33,3.33,3367,40.15,https://magiceden.io/item-details/6bpLex2hC5Lw7PCcjNHzzhFejJoSqDQ43omkkBZzp34p,White,Flame,None,Heart,Spiral,None,Fly Panda,Spike,Sweater Carolina
48,3,2131,57.6,https://magiceden.io/item-details/AE3HAGZ4HtaHebvhppxkuHLqy1bi2M8pDmupcPCUCT8t,Purple,Black,None,Pigtails,Cross,None,Angoboot Neon Orange,Spike Open,None
110,2.6,1113,73.25,https://magiceden.io/item-details/4GYsFdskS2ypZ5naRM4GbGh5MuVsuA97XTuHTZQyQAtj,Black,Candy,Windbreakers White,Heart,Spiral,None,Fly Blue,Gap,Puff Vest Pistachio
146,2,3148,55.96,https://magiceden.io/item-details/2YkimEKCXe1TEyRPDrPSTYEoQVXajpViLewUn8uhvmUV,White,Pink,Puff Pants Cream,Heart,Spiral,None,Runners White,Spike Open,Smooth Puff Seafoam
150,3,1321,66.87,https://magiceden.io/item-details/8QtpToScR1wkdbi167in7tFJnEFQJa6Wban1NRToteD9,White,Purple,Windbreakers White,Heart,Round,Thorn,None,Spike,Smooth Puff Chrome
154,2,1929,69.91,https://magiceden.io/item-details/EW69JvhHCZKKAAqDxYFRT8fiEYQ6G2QE3KwJqHejfHXb,White,White,None,Heart,Spidey,Blue Flower,Runners Black,Gap,Long Puff Black
167,2.65,2202,60.29,https://magiceden.io/item-details/7yDCgX8msVqkzRsUnMaHpMjAFaVwfABuVu9Ac1PMbZSV,Purple,Black,Shorts Black,Mickey,Cross,None,Angoboot Beige,Gap,Base Puff Yellow
182,3,2219,56.59,https://magiceden.io/item-details/5EuppBUwtVB6azhfbqkS4Wr31qDC8L6CwmY2HyShGnFW,White,Pink,Windbreakers Dark,Horns,Cross,None,Fly Bred,Spike,Long Puff Orange
188,3.5,346,73.03,https://magiceden.io/item-details/6YvBjR2PjPp5WZezskcvJwPinLuuuufmJCxB5CeYUJcG,Red,Pink,Latex,Pigtails,Spiral,Halo Yellow,Sandals White,Spike Open,Long Puff Black
211,3.6,1274,61.41,https://magiceden.io/item-details/EbaccE2nMx5W5FQPj3Uyxu5wHmjBvTLm68abJySJsbg2,White,Mint,Shorts Pineapple,Mickey,Cross,Halo Yellow,Croc,Spike,Tee Black
214,1.2,2623,69.97,https://magiceden.io/item-details/5EwnfwdhkbU9V6GF7VbyMY3P4stkifWTzPhSShm2EthP,White,Pink,Windbreakers White,Heart,Spidey,None,Runners White,Spike Open,Perforated Puff Black
275,2,1627,73.37,https://magiceden.io/item-details/H8D4RxTc4G21W1CgpDejXy6w8jh9jBfTPddFtYz14nqX,Purple,Mint,Puff Pants Cream,Mickey,Spiral,None,Fly Blue,Spike,Puff Vest Pistachio
279,3.5,473,71.58,https://magiceden.io/item-details/2NPi17VYjkTpthvngtcCyKQeaUmGrk4fM6Wk4UWDokxc,Purple,Black,Puff Pants Cream,Mickey,Round,Pink Flower,Angoboot Neon Green,Spike Open,Smooth Puff Azure
283,3.5,908,66.6,https://magiceden.io/item-details/BuukrvBsqZAi324qPgN7371NtxubSgxn8jrxLJBzjuto,Yellow,White,None,Heart,Round,Halo Red,Angoboot Beige,Spike Open,Long Puff Black
293,3,2163,57.23,https://magiceden.io/item-details/BErLbFznDYjJMRFxw15tWteuPdjaN1LnHbhJJ765nR8c,White,Solana,Puff Pants Cream,Heart,Spiral,None,Angoboot Neon Green,Gap,None
319,3.8,882,63.9,https://magiceden.io/item-details/EhSsz5WwovkkTedGFKyU4Eq87q6uL2vgXnPfMFgybS9A,Yellow,Candy,Puff Pants Black,Pigtails,Spidey,None,Angoboot Neon Orange,Spike Open,Tee White
347,3.5,549,70.71,https://magiceden.io/item-details/JC14JPUj1gYchDxARUSUufT7ciHdRWfAd54LupCD7AAj,Red,Mint,Shorts Black,Heart,Spiral,Halo Yellow,Angoboot Neon Green,Spike,Smooth Puff Chrome
368,3.49,717,68.88,https://magiceden.io/item-details/dSSFqjunEEgvMEAa1GZE9rpSE1bGWCShnxgrGbd5ckw,Yellow,Mint,Puff Pants Cream,Mickey,Spiral,None,Angoboot Neon Green,Rainbow,Grandpa
401,1.5,2725,65.8,https://magiceden.io/item-details/Ea7SU58PwiY5ioSXWh3eSsZDKhQEukX3aigu7W3o5PAP,White,Mint,Puff Pants Black,Heart,Spiral,None,Angoboot Beige,Spike Open,Striped Sweater
429,1.2,2687,69.24,https://magiceden.io/item-details/FoxDUrdQ6M9G83SeM2MgBUtpm5RXWTDbMYbRpHrTk3VE,White,Black,Puff Pants Red,Heart,Spidey,None,Fly Panda,Spike,Base Puff White
441,3,1713,62.38,https://magiceden.io/item-details/5XRctiJp3uauZQ81NSZh641gapfkycAr44Myp8dM95by,White,Pink,Puff Pants Purple,Pigtails,Spidey,None,Croc,Gap,None
445,1.9,2663,62.51,https://magiceden.io/item-details/Dao9LxsZwmVPv6i3WS9rqgV5E1Xzxm6bxNXTbvbtkwQU,White,White,Puff Pants Cream,Heart,Cross,None,Runners Black,Vamp,Tee Blue
497,3,3314,44.06,https://magiceden.io/item-details/D7kdNcLNVbBPYhbAwJfLFPFc1eQRXUp7rEnM3pXyGyGd,White,Purple,None,Heart,Spiral,None,Croc,Spike,Long Puff Black
526,2.75,3125,48.72,https://magiceden.io/item-details/6YFKSHnjpMN76JpFauKRaBmWAdeMXUu9MtwJ7jE2d8EZ,White,Purple,Jeans,Heart,Spiral,None,Fly Bred,Spike,Long Puff Orange
534,3.15,2778,48.7,https://magiceden.io/item-details/85NBRfdbdF9jhuzprCfW7AqqmvhSpfahpwpnVRiGT2pn,Green,Black,Shorts Black,Heart,Cross,None,None,Spike,Smooth Puff Azure
556,2,1380,76.2,https://magiceden.io/item-details/EkVWZJxpT3jM2tTKiSyfrdaQqtZKNKLurY3YWxbunVqG,White,Mint,Shorts Pineapple,Horns,Cross,None,Angoboot Neon Orange,Gap,Enigma Vest Red
557,2.4,2036,64.69,https://magiceden.io/item-details/831kAwCMf8TUHEzJmqdakbAVhVADqBNA3RGxFuPRjwNS,White,Purple,Jeans,Pigtails,Spiral,None,Fly Bred,Vamp,None
614,3,456,76.77,https://magiceden.io/item-details/5iRPVedEae8oQBoEstcCZFvXXmD6qqetG3kUdGB1DAP9,Purple,Black,Puff Pants Purple,Heart,Spiral,Halo Red,Runners Black,Spike Open,Windbreaker Lemon
623,1.9,731,84.62,https://magiceden.io/item-details/Dtg8dWY9vRFHyQvM7xhD5EtP8tDJze163VN83TQE3bk5,White,White,Puff Pants Purple,Pigtails,Spiral,Halo Red,None,Gap,Base Puff Yellow
637,1.5,3265,59.62,https://magiceden.io/item-details/CBK7hMMmtUwTTcAXVpM6cfswexRmxVQE9pyG8zXgr98f,White,Black,Puff Pants Black,Heart,Spiral,None,Runners Black,Spike Open,Smooth Puff Azure
668,2.55,546,80.24,https://magiceden.io/item-details/HZTqDbP6wGYuuSP3Q2H2nzPZGnJgmE4c7xnuNxt7ueqw,Yellow,Pink,Shorts Pineapple,Mickey,Cross,Thorn,Angoboot Beige,Spike,Sweater Carolina
673,3,2055,58.47,https://magiceden.io/item-details/EPmFL6rMKWYqwaxtxzjpvtGUMyA1VZP4YcRqvzAD9MJY,Red,Orange,Windbreakers Dark,Mickey,Round,None,Runners Black,Spike,Enigma Vest Neon Green
675,2.99,1955,59.72,https://magiceden.io/item-details/HJaLru85axmRStTYRctNqUL5VnhpDWE65a3xrkANJvjP,Red,Pink,Jeans,Mickey,Cross,None,Fly Bred,Spike Open,Sweater Black
687,3,3155,45.88,https://magiceden.io/item-details/BNZzUdi8Q623KH7dbjezigCFHtGKvVpeJQhiHLsLo5xc,White,Flame,Shorts Pineapple,Heart,Spiral,None,Angoboot Beige,Gap,Tee White
697,2.6,680,78.21,https://magiceden.io/item-details/BBTZJc6BYr6XjsFcCimKHugqiiGNjYy5Nh7CLa57AYGJ,Purple,Pink,Windbreakers White,Horns,Cross,None,Sandals White,Spike Open,Striped Sweater
704,2,91,90.95,https://magiceden.io/item-details/DWwnJYCiHsLXURnzYC8nbuBoi9E3BcUYYsRZgxRV39Nx,Yellow,Mint,Windbreakers Dark,Heart,Spidey,Pink Flower,Sandals Purple,Vamp,Sweater Black
709,3.6,921,65.45,https://magiceden.io/item-details/J6hU55mfWJ8rm2QCqDjDrjMuzUqtXsUtnCiQRDkTATm2,Purple,Orange,None,Pigtails,Round,Halo Yellow,None,Spike,Long Puff Orange
713,3.3,3414,39.92,https://magiceden.io/item-details/DNvvupGmoHxtiLsqB3FNu3BE9YSxcc5TTYjyga8fzZ4Z,White,Orange,Windbreakers Dark,Heart,Cross,None,Runners White,Spike Open,None
716,3,3201,45.35,https://magiceden.io/item-details/F8ERLURXQQPoQAQ4ceVF1arv7Ui3XbSNipKDGtTwq6A1,White,Purple,Windbreakers White,Mickey,Cross,None,Runners Black,Gap,Sweater Honey
728,3,394,77.48,https://magiceden.io/item-details/5EfHLUUhZb9oX722UK8BUZcMkDpwASG1pCKff2S9gVnY,Green,White,Shorts Black,Pigtails,Round,Pink Flower,Fly Blue,Spike Open,Windbreaker Lemon
736,2.5,648,79.57,https://magiceden.io/item-details/DMGeiEmTj4inVZohh5eK3XB8HGPNBt86KLf8Cmk64aNM,Black,Mint,Windbreakers Dark,Heart,Spidey,None,Sandals Yellow,Spike Open,Perforated Puff Purple
742,1.2,2875,67.09,https://magiceden.io/item-details/FiKJfw98pWmy42quMsv3Jpqmwj2yHpisyGje4jwbWgFy,White,Mint,Puff Pants Black,Heart,Round,None,Angoboot Neon Green,Spike Open,Smooth Puff Azure
747,2.8,2665,53.49,https://magiceden.io/item-details/DdV5UUnPU1iNrmZRdUAHYaC7EEvFS83xYTgnFqTFZ987,Green,Mint,Shorts Pineapple,Heart,Cross,None,None,Spike Open,Sweater Carolina
751,1.5,1761,76.84,https://magiceden.io/item-details/Ejn26NruK5y5DcG1QbT385C3sADFbpodVLG1ejpKi5SJ,White,Purple,Puff Pants Purple,Heart,Cross,None,Angoboot Neon Orange,Vamp,Sweater Carolina
761,2.7,2007,62.02,https://magiceden.io/item-details/5N3pnZ12PZebZknTCAuN6pPFY9dMJaxVzzkpAmebXvqk,Green,Purple,Windbreakers White,Pigtails,Cross,None,Runners Black,Spike,Long Puff Black
768,3,2689,51.21,https://magiceden.io/item-details/77cBi2rsr1VoVsKiU87yNiJZTebxyn1u5YegUvyM8o5M,White,Shadow,Puff Pants Cream,Heart,Cross,None,Angoboot Beige,Gap,Base Puff Yellow
774,3.1,1656,62.04,https://magiceden.io/item-details/DQE4QY27zeBu2dAX1qHrsyAuWecpTRqECqQ9otuER9Mh,Purple,Skelly,Shorts Black,Heart,Round,None,Runners Black,Gap,Tee Blue
789,2.87,697,75.31,https://magiceden.io/item-details/52J4PrBDZKwjvpDs1NWgsmGeAM6dC4dqPFQas9rZu7Ur,Yellow,Purple,Windbreakers Dark,Horns,Spidey,None,Sandals Purple,Spike Open,Tee Black
791,2.5,891,76.79,https://magiceden.io/item-details/C277GJUavDTQJJ6LGEMM7BkFUDshmKhmD3KNrta2Yvi6,White,Flame,Puff Pants Black,Pigtails,Spidey,None,Sandals Purple,Vamp,Sweater Black
795,2.9,3135,47.11,https://magiceden.io/item-details/C2hvPqRYfLgoCbA5d9RjjWQnAtJRiPyYsPjCYaNXD6tA,White,White,None,Heart,Spiral,None,Sandals Purple,Gap,Long Puff Orange
903,2.6,1812,65.25,https://magiceden.io/item-details/A33jZvWkU3yVszFwykR82eVZ2VBzvYqHzTmY6xNUtUJh,White,Sky,Latex,Mickey,Spiral,Pink Flower,Runners Black,Gap,Tee White
908,1.85,1854,72.27,https://magiceden.io/item-details/45eweQuwAyTpNUKYcXyvs5nNQbemcZ6ZPuF42fz26eqD,White,Sky,Puff Pants Cream,Horns,Spidey,None,None,Gap,Sweater Carolina
941,3,730,73.64,https://magiceden.io/item-details/D3fZFHVFYmUeBWkVdZ4587CdRaYQNVkBpNhaGvQuRgFr,Purple,Black,Shorts Pineapple,Heart,Spidey,Pink Flower,None,Spike Open,Windbreaker Lemon
949,1.45,3495,57.49,https://magiceden.io/item-details/AP7ogHctmat4RNR1JGxU1HNDbK8uFXtyPvVeEY4V6st1,White,Purple,None,Heart,Round,None,Runners Black,Spike,Tee Blue
952,3.5,1711,57.41,https://magiceden.io/item-details/BxPZKvUDAEph2aLvMMHPUVqXNQaY84MEYGC1qnaSVTKC,White,Orange,Shorts Pineapple,Mickey,Cross,Halo Red,Angoboot Beige,Spike,None
972,2.21,3176,53.54,https://magiceden.io/item-details/3RUF1uLAFNmSnARRFzAU71Yns5TK1R4PkK1HpgH73sRE,White,Pink,Windbreakers White,Heart,Spiral,None,Runners White,Gap,Base Puff Yellow
973,2.42,1900,66.04,https://magiceden.io/item-details/HjRjm3Y9ZuhNNfC7rzHHh3yM64WNZqRZXPneU8NzsZj9,Yellow,Pink,Windbreakers Dark,Mickey,Spidey,None,Fly Bred,Spike Open,Long Puff Black
977,1.85,3109,57.91,https://magiceden.io/item-details/4AQQsoBbMnQvFbGq6GsppGhE64RamNy2fgvC8NA3gnWD,White,White,None,Pigtails,Spidey,None,None,Spike Open,Smooth Puff Red
983,2.8,2404,56.48,https://magiceden.io/item-details/5vTLwtVcjVntAksExzzWZ8zarvKBAVrbCJKDMuCKFhq5,White,Black,Puff Pants Black,Mickey,Cross,None,Sandals Red,Gap,Windbreaker White
1011,2.08,1481,74.24,https://magiceden.io/item-details/HesndMzxGN51dZd32jjs61y55hztQ2nZTTTqkwkdsvu,Yellow,White,Jeans,Pigtails,Spidey,None,None,Spike,Windbreaker Lemon
1016,1.44,2948,63.85,https://magiceden.io/item-details/BFRvM2roryXWGfbaXWRExj6Qm6ebE5PLwrnGHiFg2kpD,White,Flame,Jeans,Mickey,Round,None,Croc,Spike,Long Puff Black
1038,3,3029,47.32,https://magiceden.io/item-details/2DjTk4rCmFEt4yR6iRderoifj4zkRn4cR37vL6TyjWV1,Yellow,Pink,None,Heart,Spiral,None,None,Spike Open,Tee White
1054,2.9,2974,48.95,https://magiceden.io/item-details/C2gqJ5prXwzqBHMKS6u3XhCdE6ZwHuTEjjGZA9AXKJXk,White,Candy,None,Pigtails,Spidey,None,Angoboot Black,Spike Open,None
1087,3,1508,64.73,https://magiceden.io/item-details/5hVxonHi6NmLDrJbnisEBiWtTV84oNyKxKsepAE3k74i,Red,Pink,Puff Pants Purple,Pigtails,Spiral,None,Angoboot Black,Spike Open,None
1120,3.5,1040,65.09,https://magiceden.io/item-details/ATbkVVmgSB2t673YGRuhDHvCg51rDofp8NzPsVxZvndP,White,Sky,Windbreakers White,Mickey,Spidey,Halo Yellow,Fly Panda,Spike,Long Puff Orange
1136,2.75,2768,52.81,https://magiceden.io/item-details/9CTQmJHrbv8jVAN1YNqrmGLKtqXXvhuNeuHL3b5njgEk,White,Flame,Windbreakers White,Heart,Round,None,Fly Blue,Spike Open,Puff Vest Pistachio
1152,2.3,1613,70.53,https://magiceden.io/item-details/83QoQYjkAJy2goFAU9Uu3bvdHxDAGSTuRVpFP7SLZyUa,Green,Purple,Windbreakers White,Pigtails,Cross,None,Fly Blue,Spike,Tee Black
1170,2.75,2452,56.43,https://magiceden.io/item-details/Czx7KH1ChcsR1o5YQzxvXaQYqTSv99V4LTVurNKUqF89,White,Orange,Puff Pants Purple,Pigtails,Spidey,None,Angoboot Beige,Spike,None
1173,2.5,3371,48.41,https://magiceden.io/item-details/ECEyF7agdtNtbti48VYesYqydPfmpWKACVVVfj8ruywQ,White,Candy,Shorts Pineapple,Heart,Spiral,None,None,Gap,Smooth Puff Azure
1180,2.75,2592,54.82,https://magiceden.io/item-details/EK6ie1cQMaVq218PfkmuUuknxtN9NHkiq1HGMb5WrdSw,White,Pink,Shorts Black,Pigtails,Round,None,Angoboot Neon Orange,Spike Open,Smooth Puff Chrome
1213,1.5,2289,70.79,https://magiceden.io/item-details/5RbNoKrWLD9T8Ny4cm9LraSNZ2kdZ2fTGYnLGj133ykP,Red,Pink,None,Mickey,Spidey,None,Fly Bred,Spike Open,Windbreaker White
1235,2.2,1169,76.61,https://magiceden.io/item-details/9XXQ7X5VFdiitiWzSTiTcJhxSb1rgng13sjg9kemFPTH,Black,Purple,Puff Pants Black,Heart,Spiral,None,Croc,Spike,Tee White
1271,1.5,2621,66.99,https://magiceden.io/item-details/FzzFPgtiipren6qsza5q4qA41qCPPJJX4JVcaj7UKB9K,White,Orange,None,Heart,Round,None,Croc,Vamp,Smooth Puff Red
1277,2.5,2640,56.78,https://magiceden.io/item-details/8jHoEzR5nGJi2k5oEn8tjgMVzP9pJ91MM2r7WSZDN9XK,Yellow,White,None,Mickey,Cross,None,Angoboot Black,Gap,Tee Blue
1278,1.4,3305,60.16,https://magiceden.io/item-details/DvpSLsLWpkUFHEzUh5WBKfdUzex3GKnCxSu7rJPGZTBV,White,White,Shorts Pineapple,Heart,Spiral,None,Fly Panda,Gap,None
1282,2,1802,71.37,https://magiceden.io/item-details/J37X5JRtiypePRxeKqT3CB3sw35HhoycdteHB9z5W5DL,White,Flame,None,Pigtails,Spiral,None,Fly Panda,Rainbow,Smooth Puff Chrome
1285,1.89,365,88.91,https://magiceden.io/item-details/CLTtgyDRbDbtnRTCd614raaEk4QnE9qgQ9D3N5dGMrj3,Red,Pink,Puff Pants Red,Heart,Spidey,Pink Flower,Angoboot Beige,Gap,Sweater Honey
1292,3.8,1846,52.86,https://magiceden.io/item-details/Cs7WJFwsiH1sdBAeKioTXfSqHzjsGJTPRBeH81a8f9qZ,White,White,Windbreakers White,Pigtails,Spidey,None,Croc,Gap,Tee Blue
1333,3.5,3002,42.63,https://magiceden.io/item-details/D9kbCphRRF9QMECShWQR8UtVABPWVQiH5PfNVkMmJnCA,White,White,Shorts Black,Mickey,Round,None,Angoboot Neon Green,Gap,Base Puff Yellow
1341,2.3,2951,55.22,https://magiceden.io/item-details/8wcqSqVCorqqZwCMfccBKYBibEmDN4HBcNyF28oEAyBd,White,Shadow,Shorts Pineapple,Mickey,Cross,None,Sandals Purple,Spike,Long Puff Orange
1346,3.49,566,70.61,https://magiceden.io/item-details/Bo1oy6VoGdPFM5xB9LaAVbZHeh3dSZxvBaRnmTMFXQQ7,Green,White,Latex,Mickey,Round,Halo Yellow,Angoboot Black,Gap,Smooth Puff Seafoam
1396,2,2507,63.3,https://magiceden.io/item-details/CRHKxat42MZsv74WnzajBToZGSfwLNfvoa5CA5gwayQW,Red,Sky,None,Mickey,Spidey,None,Runners White,Spike,Puff Vest Cream
1408,2.5,3459,47.4,https://magiceden.io/item-details/FgtJsCVzKJUXCaja1DRHGJuDUgs5V9P4BygN71tocsNp,White,Mint,None,Heart,Round,None,Angoboot Beige,Gap,Long Puff Black
1410,3.3,1902,57.22,https://magiceden.io/item-details/Gq5PgNKPL1wrf53ucL9wjqkpuPNRD4ZBrxGzXKzwfYsq,White,Skelly,Puff Pants Purple,Heart,Round,None,Angoboot Black,Spike,Smooth Puff Seafoam
1418,2.4,946,77.16,https://magiceden.io/item-details/8k5YLFXv1gYQZaiEZVTZmKZ8ET2F3XzDgJQnmRnkQSgu,White,White,Puff Pants Cream,Pigtails,Round,Pink Flower,Angoboot Beige,Spike,Tee Black
1432,1.99,2883,59.09,https://magiceden.io/item-details/Cd3JUGsetsiZjbVuPPGhRhAAt1f4ccj8UFvcc12TbNr4,Green,Orange,Latex,Mickey,Spiral,None,None,Spike,Long Puff Orange
1434,2.1,881,80.91,https://magiceden.io/item-details/4jvv6naUzU69bFFmFtFAPsPYNE3LXZY2P3rJmmXk99a2,Purple,Pink,Puff Pants Red,Horns,Cross,None,Angoboot Neon Orange,Spike,Grandpa
1437,3.5,3213,40.22,https://magiceden.io/item-details/AbdK17rXaBihkKVVMXLEHsfnaW8iPZoShyfZfit9mMSY,White,Sky,Windbreakers Dark,Heart,Cross,None,Fly Bred,Spike,None
1455,2.7,2317,58.47,https://magiceden.io/item-details/CgtJ9otgonq8bD3Pp57k895PsNkdYhRVm263xdmH9BB3,Red,Orange,None,Mickey,Spidey,None,Fly Panda,Gap,Smooth Puff Chrome
1476,2,1880,70.47,https://magiceden.io/item-details/6rX1vmnbZyMyrfMEdHmvfAHcVN3y3nvSLXfuK6QcX1oe,Red,Mint,Shorts Pineapple,Heart,Cross,None,Croc,Spike Open,Base Puff White
1501,2.5,1261,72.56,https://magiceden.io/item-details/DPvgNWAV8brLzkepPyNJN211EVviivevJMTqbtooB2Cg,White,Shadow,None,Heart,Spidey,Pink Flower,Fly Panda,Gap,Sweater Honey
1506,2.41,3221,51.03,https://magiceden.io/item-details/HrD3rav3QohE4rJR7BS8b3VtvzkpF7dMHe26nwrngmDG,White,White,Windbreakers White,Heart,Spidey,None,None,Spike Open,Tee Blue
1527,3.1,1022,69.29,https://magiceden.io/item-details/LsL9mb8SD5jtjB3AQkcYFTBvXdpy6TdTPRjuSmNvGMv,White,Shadow,Shorts Pineapple,Pigtails,Spidey,Pink Flower,None,Spike Open,Sweater Honey
1554,2.5,3189,50.49,https://magiceden.io/item-details/7wkNkbBUDrS7iVsJ2iNegtMDSRQLzHAZddCJqtmoPne8,White,Black,Latex,Heart,Round,None,Fly Panda,Spike Open,Base Puff White
1572,3.2,2995,45.71,https://magiceden.io/item-details/2duAQuiQEELDKizqJw6ZsNZAsipz1YXyy5iNKzY6SRfy,White,Flame,Puff Pants Cream,Mickey,Round,None,Angoboot Beige,Spike,Smooth Puff Seafoam
1580,2.88,390,78.73,https://magiceden.io/item-details/CNmtXFv8R5TBnq5hcsEZY6KkYXfprJWKVwAdhbJVmHjd,Purple,Orange,Puff Pants Cream,Pigtails,Round,Thorn,None,Spike Open,Tee Black
1584,2.65,1286,70.77,https://magiceden.io/item-details/3J3HQEyktNJXPYZkEv3iv3oevhJJojxYC71PJyJP4eqk,Green,Orange,Jeans,Pigtails,Round,None,Runners Black,Spike,Enigma Vest Red
1592,3.5,2700,46.09,https://magiceden.io/item-details/232PFajX3C9V7CE2YTYqhm9AafCddC1cCKFQMLDZw218,Purple,Orange,Latex,Heart,Cross,None,Runners Black,Spike Open,Smooth Puff Seafoam
1612,2.7,1980,62.33,https://magiceden.io/item-details/AmqGP9w6fu5xV3yvCQy6nxK9HiKxyvjFhgC1q3AqqiCb,White,White,None,Mickey,Spiral,Pink Flower,Angoboot Neon Green,Spike,None
1624,2.25,803,80.3,https://magiceden.io/item-details/Dd5eKM2UCCoXHu9yDVJN89FGASsB5SShqBWjWVhnfQco,White,Flame,Latex,Horns,Round,Pink Flower,Runners White,Gap,Windbreaker Lemon
1657,1.55,1780,76.12,https://magiceden.io/item-details/3xtrAwnGgiKRxN3vv5DmkmPnhqgyVN8y7iqggSL8kKGW,White,Pink,Jeans,Horns,Cross,None,Runners Black,Vamp,Long Puff Orange
1694,3.2,1306,65.04,https://magiceden.io/item-details/EcYP7oTftLBBenAPQvBsxSQ4Ew4MezdNJuVPbpCV3Nr6,Black,Candy,Shorts Black,Mickey,Spiral,None,Angoboot Beige,Spike Open,Perforated Puff White
1698,1.6,3364,57.49,https://magiceden.io/item-details/6Na2NrssfcaiqjHYMEHDDjAktBc1FJZd1WdCh1JmrE8T,White,Orange,Latex,Heart,Round,None,Fly Bred,Spike Open,Long Puff Black
1753,1.75,2099,70.47,https://magiceden.io/item-details/51Pz87Ur52QkaqSfuJShCKbwvKzCnZq8oNCcwVxLSCGm,Yellow,Sky,None,Pigtails,Cross,None,Fly Panda,Spike Open,Long Puff Orange
1762,1.3,1595,80.74,https://magiceden.io/item-details/B5oegtzqpMKw8iywDFQYoFB6zabWwQgGS7tBCUpPEosS,Red,Sky,Windbreakers Dark,Mickey,Round,None,Sandals White,Gap,Sweater Honey
1794,3,2570,52.58,https://magiceden.io/item-details/A2MPiDESey14F5KnSZKyFoNg54XoEubjiYmJzJG4AUzH,White,Flame,Jeans,Pigtails,Spiral,None,Fly Panda,Spike,Smooth Puff Seafoam
1800,2.8,3474,44.23,https://magiceden.io/item-details/Fk14aXaBozwQSoc2HdMkbDTGwown2eqxFftCqymdBvnf,White,Shadow,None,Heart,Cross,None,Runners Black,Spike Open,Long Puff Orange
1816,3.8,1086,61.56,https://magiceden.io/item-details/ALKsgso125gGNYF3TTgHpSj2ytpBjHyTNm6h7Bu6LRkU,White,Mint,None,Heart,Spidey,Halo Yellow,Sandals Purple,Gap,Smooth Puff Azure
1819,3,1307,67.03,https://magiceden.io/item-details/ENX322tWKQemQMzTUPBWyotHE8if9NKxKqe6H6iTvX4Q,Yellow,Pink,Puff Pants Purple,Heart,Spiral,None,Sandals White,Gap,Base Puff Yellow
1841,3,2543,52.89,https://magiceden.io/item-details/ETeJ4z8Pgk8eSCDEU2kFQcHv9WEgcNkqJmaXTHDLKRCo,Red,Candy,Latex,Mickey,Round,None,Runners Black,Gap,Smooth Puff Seafoam
1885,2.5,1296,72.16,https://magiceden.io/item-details/D6HP7ARcGes3gmpREerGWENTTswN5aQBDSG1kLGoxEae,Purple,White,Puff Pants Black,Pigtails,Cross,None,Angoboot Black,Gap,Tee Black
1890,2,3404,53.03,https://magiceden.io/item-details/4YafNSQmgGvJiQHsKmfkxCaR11juDNbi45zrwnYtYEgC,White,Mint,Shorts Pineapple,Heart,Cross,None,Fly Blue,Spike Open,None
1897,2.5,2878,54.05,https://magiceden.io/item-details/6CtdGR7XP8JMVHJixpUULb9v4Taj6f52LZziaQfXHYYV,White,Black,Puff Pants Purple,Mickey,Spiral,None,None,Gap,Striped Sweater
1908,1.7,1126,82.1,https://magiceden.io/item-details/BJTuCpv2FNA9GdAD8ZcpYvEmpvXQxXR5L1Rps1U63ixJ,White,Mint,Puff Pants Purple,Heart,Spiral,Blue Flower,Angoboot Black,Spike,Tee White
1923,1.25,2060,75.91,https://magiceden.io/item-details/BEgJQE5a5k81MbWXARMDyukqLdjpxiXHXzRcea88Tk4X,Yellow,White,Windbreakers Dark,Mickey,Cross,None,Fly Blue,Gap,Tee Blue
1941,3.75,2101,50.44,https://magiceden.io/item-details/3GAVkaiPxzedW9sxzoWDgiy4iGZKxAYdzZtHRSBU7Es5,White,Sky,Jeans,Heart,Spidey,None,None,Rainbow,Long Puff Orange
1952,1.2,1396,84.01,https://magiceden.io/item-details/4dCDWdPNNGTt2iU6bt5yBNXDazJxKFpMH3XrEJf3TBuE,Red,Pink,Puff Pants Cream,Heart,Cross,None,Sandals Purple,Spike Open,Smooth Puff Red
1955,2.7,304,81.51,https://magiceden.io/item-details/9rjgxncLKpagpWcUPAiRqujw8gtS8hU3zQBhwZ62mQQA,Purple,Candy,Puff Pants Red,Pigtails,Round,Pink Flower,Fly Bred,Spike,Tee White
1962,1.69,1538,77.49,https://magiceden.io/item-details/Bfd2qmx8uyNTQURgKMSnFqX7QAgMbPgTNxcaYjKNtujG,Red,Flame,Shorts Pineapple,Horns,Spiral,None,Runners White,Gap,Long Puff Orange
1972,1.5,2035,73.7,https://magiceden.io/item-details/2xVRS67RVztQeV8yfbMB6iitKxvydjKGrpM95oY7Yf8n,Green,Flame,Latex,Mickey,Round,None,Angoboot Neon Green,Spike,Smooth Puff Seafoam
1975,3,2680,51.32,https://magiceden.io/item-details/G6roCVuALjVzxSXWYrYh3k3ApYYkGAujJ6SVTHvajbn3,White,Orange,Shorts Pineapple,Pigtails,Cross,None,Angoboot Beige,Gap,Sweater Black
1993,2.8,2226,58.51,https://magiceden.io/item-details/FQbP5x1TFWxnrVFdjsKaLoTNGcJA2qBNGuY54YGCrGdp,White,Pink,Jeans,Horns,Spiral,None,Fly Panda,Spike Open,Smooth Puff Azure
2019,1.5,3229,60.03,https://magiceden.io/item-details/F14RBV7zqBiRmBwbhBRzpswvJAtC4AEkfWqhTihnNbiT,White,Sky,Puff Pants Purple,Mickey,Spiral,None,Runners White,Spike,Tee Black
2029,2.3,2701,58.08,https://magiceden.io/item-details/B4tS2h3HvU7ioyGYA3V5UoS9PAJfc45jLE2Y3cDRfVKe,White,Black,Puff Pants Black,Mickey,Round,None,Sandals Yellow,Spike,Smooth Puff Seafoam
2045,3.5,2541,47.91,https://magiceden.io/item-details/74BhQbq1NwJrqxjMgpdHZCMTZvGGQnmdP5ZvwrAer9aP,White,Purple,Windbreakers Dark,Mickey,Spiral,None,Fly Blue,Gap,Perforated Puff White
2046,3.25,1381,63.68,https://magiceden.io/item-details/C6R3prQPL2qNohvmHnddPCaMXJAFxUDpWrNoqCDKi3yT,Red,Solana,Latex,Mickey,Spidey,None,Runners White,Spike,Striped Sweater
2056,2.1,2996,56.7,https://magiceden.io/item-details/4N5Ani3Fjuc9yDmAShSRNXXNu45Pp93eyx5nLyy38muQ,White,Mint,Shorts Black,Heart,Round,None,Sandals Red,Spike Open,Sweater Honey
2057,1.21,2939,66.25,https://magiceden.io/item-details/8HjBGbcM33gG5uSGwdnVEz7saXDynJfMqfpq6RSHJM53,White,White,None,Heart,Round,None,Sandals Yellow,Gap,Puff Vest Cream
2086,1.199,2556,70.75,https://magiceden.io/item-details/3uFi4zUFHqQJ9oujs7XFiNNDZ19jfeZze6kdjfjKRmXp,Purple,Purple,Latex,Mickey,Round,None,Fly Bred,Spike,Long Puff Black
2090,2,155,90.22,https://magiceden.io/item-details/dtMtPrUjQq148p5WDEVWv2SqGbtrgSavhTVAGX6ne1i,Yellow,Purple,Shorts Pineapple,Mickey,Spidey,Blue Flower,Runners White,Vamp,Perforated Puff Purple
2092,3,2604,52.19,https://magiceden.io/item-details/7YH1noNthWtinjXgTjHFSXyHMoK1K8iQguDZTrxn2Yww,White,Mint,Puff Pants Purple,Pigtails,Spiral,None,Runners Black,Gap,Base Puff Yellow
2122,2.99,1785,61.66,https://magiceden.io/item-details/BWzESTESqrcdziEQVbqhximPc3KhgkGYH7CKHNiuxx18,White,Orange,Jeans,Horns,Round,None,Runners Black,Gap,Enigma Vest Red
2136,3.8,1025,62.26,https://magiceden.io/item-details/9yEBseSpm6mm6rUpoJT2R1tUgQaJoC7dKz6BesZryr5z,Green,Candy,Windbreakers White,Mickey,Spidey,None,Croc,Spike Open,Puff Vest Cream
2150,1.55,1941,74.28,https://magiceden.io/item-details/Fs4UNEhZ3fm9QFzdEhAJgvcUzfNA9BntUhrcLqyCh5ow,Purple,White,Shorts Black,Mickey,Cross,None,Sandals White,Spike Open,Smooth Puff Seafoam
2191,1.6,2068,72.32,https://magiceden.io/item-details/9D9EDtax3oLBkjwteDdcJsuLoGi4cECyfdaTzxrcPvJc,Red,Mint,Puff Pants Red,Heart,Round,None,Angoboot Beige,Spike,Smooth Puff Red
2225,2.75,2116,60.27,https://magiceden.io/item-details/Dy7aiJPa8mQAoLhbvqQiKcGrjxxH2KJuZ2HLTVzStuxz,Yellow,Orange,Jeans,Heart,Cross,None,Fly Blue,Spike Open,Grandpa
2233,1.7,2729,63.76,https://magiceden.io/item-details/Cx96aLV4rfbgEBAay8QEMCMzzcg823NHuUdpTcwtcMsS,White,Orange,Puff Pants Purple,Pigtails,Spiral,None,Runners Black,Spike Open,Grandpa
2242,2.5,2125,62.67,https://magiceden.io/item-details/48fqfCF3XvChbb8ywyAeJLgbN1TVxgfsAjz8EuzFB4Fc,Purple,Pink,Shorts Pineapple,Pigtails,Cross,None,None,Spike,Base Puff White
2259,2.5,1220,73.03,https://magiceden.io/item-details/Hxmycusz3TDmRoSNu4BTNZPaGfb4doQXj1kiqrwkCHb1,White,Black,Latex,Heart,Spiral,Blue Flower,Croc,Spike Open,Tee Blue
2284,1.65,2104,71.41,https://magiceden.io/item-details/GUjAbReEuzmqeQocUc3MJ3pZkuHyevioc9q1g8tw58Dd,Yellow,Sky,Shorts Black,Heart,Spiral,None,Fly Bred,Spike Open,Windbreaker Lemon
2291,2,2776,60.22,https://magiceden.io/item-details/7TSJME3ZjwbS8XrhWr85ki94VXEajMmGdc7bauCa6UPz,White,Purple,Puff Pants Purple,Mickey,Spiral,None,None,Spike Open,Perforated Puff White
2293,2.99,3410,43.06,https://magiceden.io/item-details/7cTmLD4Zt5dv3VLdR6hE5D9yGoRBhXvWkMD75mqsrdTT,White,Orange,Shorts Pineapple,Heart,Round,None,Fly Panda,Spike,Long Puff Black
2301,3.5,1586,58.84,https://magiceden.io/item-details/4ReKoy7iKAXKH77SSot9LoZ9hANRiBBEQdMxZDCvtryi,Green,Sky,Puff Pants Cream,Mickey,Spidey,None,None,Spike,Puff Vest Pistachio
2323,2.5,3178,50.62,https://magiceden.io/item-details/Nj4WZQN3MzseJXz8crL63gi35y8cU3T7UWSn7T7UGXj,White,Flame,None,Mickey,Round,None,Runners White,Vamp,Tee White
2344,2.1,2894,57.87,https://magiceden.io/item-details/61sjarXkcKvmHbARhAYQauYeRWF1pWHfRKPmso4XhEa1,White,Purple,Puff Pants Red,Mickey,Spidey,None,Angoboot Black,Spike,Tee Blue
2345,2.8,1583,65.87,https://magiceden.io/item-details/7hSF1Cgh22KhVHmUNYjoAMmUWVMJnoAAdEBg5CzEr7Gn,Black,White,Puff Pants Red,Mickey,Cross,None,Angoboot Black,Spike Open,Smooth Puff Azure
2352,2.2,3238,52.93,https://magiceden.io/item-details/kSAivnFrd65uAU1L2yHYHzYDSKhYAWx9JRnNuY8vxhj,White,Purple,Shorts Black,Mickey,Spiral,None,Fly Blue,Gap,Long Puff Orange
2385,1.9,1659,74,https://magiceden.io/item-details/F9b95mQHX241AaLMEGCjBPTaE47rHXaJgN99tRTpgstM,Green,Shadow,Windbreakers Dark,Heart,Spiral,None,Sandals Red,Spike,Long Puff Black
2394,2.2,599,83.13,https://magiceden.io/item-details/DzwsTvHnMR6Sth1DWa4X86RqXkfe9V6AQEoTMgDciYrS,Purple,Candy,Jeans,Mickey,Round,Halo Red,Runners Black,Spike,Base Puff White
2499,1.75,2601,64.72,https://magiceden.io/item-details/GxW6RfD8auZfTv7iTFdKhQE1vVW35QGfFUnF4gwK1TvA,Red,Black,None,Mickey,Spidey,None,Fly Blue,Spike,Smooth Puff Azure
2500,1.7,1422,78.72,https://magiceden.io/item-details/2g86WkQ4sLJXLgLpfeieyg545NsXPUM6FnZ8ePwbwpuP,Green,Flame,Shorts Black,Pigtails,Spidey,None,Fly Panda,Spike Open,Tee Blue
2512,3.5,2610,47.12,https://magiceden.io/item-details/1gJ7aNTQVMkuTD3BpUreYGnyBiw9WDqipnzN4aAr632,White,Sky,Latex,Mickey,Spiral,None,Fly Panda,Gap,Perforated Puff Purple
2523,2.65,2673,54.9,https://magiceden.io/item-details/6EnNeoCpiJxxfsrfRB1ZEcgCVAmH7f1mH15DKdDUTPuY,Purple,Mint,None,Heart,Spidey,None,Runners Black,Spike,Windbreaker White
2534,3.69,683,67.27,https://magiceden.io/item-details/GbfhZXJdBWLGpL3HXraomFVBo9Cxv14yZRch8j6ZiSVN,Red,Sky,Windbreakers Dark,Heart,Spiral,None,Sandals Red,Rainbow,Smooth Puff Chrome
2540,1.5,2676,66.36,https://magiceden.io/item-details/BXszLmKQcRK24EoK9adCktTdFVjw8jovndHjatTwC7wT,White,Pink,Puff Pants Black,Heart,Cross,None,Sandals White,Spike Open,Tee White
2621,2,1030,80.2,https://magiceden.io/item-details/CSEEL31mFTDfRka1oWaAku9M81UdtgijyEom5t6SJqLg,Red,Pink,Jeans,Mickey,Round,None,Sandals White,Vamp,Windbreaker Lemon
2635,3.4,2886,44.96,https://magiceden.io/item-details/8FKPW4yFtwG3i8FqTfo8SCJxD7g5gNgD8goQA9BGJcuz,White,Sky,Shorts Black,Mickey,Spidey,None,Croc,Spike,Long Puff Black
2641,3.5,1217,63.06,https://magiceden.io/item-details/AFQVBwX1gtT5dW5k6eo2ghT55GpaHwMcVVnLHPwxP2AL,Red,Solana,Puff Pants Cream,Mickey,Round,None,Angoboot Beige,Gap,Tee White
2677,3.3,237,76.28,https://magiceden.io/item-details/6xc2Tjmh1qkKttJiJRSwKLSg9m1dm3Sk8ab98DRZtBLW,White,Sky,Puff Pants Red,Heart,Jinx,Thorn,Runners Black,Spike,Tee Blue
2684,3.33,2525,49.79,https://magiceden.io/item-details/7w8kkW1vykL7zCH58vUXpxHKwEwUfpzdtwHo2PEpQvMv,White,Flame,Puff Pants Purple,Heart,Cross,None,Angoboot Neon Orange,Spike Open,Smooth Puff Red
2711,3,1552,64.23,https://magiceden.io/item-details/8JEdJ4CGP1NKMnhu4VQxMTGEF2jKzwJNXepuJb97YwPV,Green,White,Shorts Pineapple,Pigtails,Cross,None,Fly Blue,Spike Open,Windbreaker Lemon
2736,2.5,874,76.99,https://magiceden.io/item-details/FmhYSJteaYAunv72tX5QByjweWHZvS6PJXp9hTEpd2FJ,White,Black,Windbreakers White,Heart,Cross,Blue Flower,Fly Panda,Spike Open,Perforated Puff White
2804,3.6,2213,50.66,https://magiceden.io/item-details/9jw58yYRXhYMgSzwUcxXw7UfkX2yhKxkFBhFMeWYvSQZ,White,Purple,None,Mickey,Cross,Pink Flower,None,Gap,Smooth Puff Seafoam
2828,3,628,74.8,https://magiceden.io/item-details/AcpyWJ1XzuQG7x1kdarHJmL2YvCyMBCVqTmKQV1GhkeS,Red,Sky,Puff Pants Red,Horns,Cross,None,Fly Bred,Spike Open,Enigma Vest Neon Green
2844,3,733,73.6,https://magiceden.io/item-details/5ZufVTD2rgGy89KUAyDXqrfVNcMtG3JDTqzecaUS5h6E,Green,Black,Puff Pants Black,Pigtails,Spiral,None,Angoboot Beige,Vamp,Smooth Puff Red
2849,3,2004,59.05,https://magiceden.io/item-details/m1pzNx1U3m7obj7Udmr3392zXn5iNYb3UfLMLXu8xMS,Black,Orange,None,Mickey,Cross,None,Sandals Red,Spike,Base Puff Yellow
2865,1.34,1976,75.97,https://magiceden.io/item-details/9Ws7PRGWc7k4gFjC3P5iJc3N6VPw3sBA4yLeEdVTP1ba,Purple,Pink,Puff Pants Cream,Heart,Spiral,None,Fly Bred,Spike Open,Tee Blue
2890,1.29,2123,74.79,https://magiceden.io/item-details/AhPJWTinN9iJs1GwodxiauVqKcfvTMxZf8iDe4PSGjwA,Purple,Flame,Windbreakers White,Heart,Round,None,Runners White,Spike,Puff Vest Cream
2940,3,1263,67.54,https://magiceden.io/item-details/6FJbJCoN5vsc5F2Qv6KF262sfHMWMiT5JAwXu8aipLP6,White,Pink,Latex,Mickey,Cross,Blue Flower,Croc,Spike Open,Long Puff Black
2947,2.3,1023,77.28,https://magiceden.io/item-details/hD8tHPH1qtmYyatcB1xRbMvrEjV65v4gx69MizT2CP4,Purple,White,Puff Pants Cream,Pigtails,Round,None,Sandals White,Spike Open,Sweater Carolina
2962,1.99,2585,62.5,https://magiceden.io/item-details/BtTsopXLH5LxSufwMPbPBnYSC1QTN6QLGD83BMPwH35r,Red,Black,Latex,Heart,Round,None,Angoboot Beige,Spike,Tee Blue
2986,3.5,239,74.25,https://magiceden.io/item-details/3KKN92bNQaX4QxfM8pxFX1gzQ9GqfjtQBRVWFcRFMjne,Red,Purple,Jeans,Mickey,Spiral,Halo Red,Sandals Red,Spike Open,Striped Sweater
3041,2,1055,79.92,https://magiceden.io/item-details/ChPydupXC7zNNsAaULMkWfwRvwvb9LXh7QJAhkyH2tUk,Red,Pink,Puff Pants Red,Pigtails,Cross,None,Sandals Yellow,Spike,Smooth Puff Chrome
3042,1.47,2027,74.09,https://magiceden.io/item-details/gxoe46gxxnioZrLSTkPXQGefG749i6jHtdDmpWBibqw,Green,Purple,Shorts Pineapple,Mickey,Spidey,None,Fly Bred,Spike,Tee White
3045,2.75,2588,54.87,https://magiceden.io/item-details/9YrH3yb7VxqFjeHM865KthfCns4WhR44m6aQuh2ZYrej,White,Orange,Jeans,Pigtails,Spiral,None,None,Vamp,None
3055,2.5,540,80.81,https://magiceden.io/item-details/399YsbT1wLL7kMtX1aXJJBXStXH33L7DrLzgbh8NM8TC,Green,White,None,Pigtails,Round,Thorn,Runners Black,Gap,Tee White
3099,3,1336,66.7,https://magiceden.io/item-details/HGgsusWcDnHd8AQjpbuAZuW3pJgZHWvmsXmBPuA86uMS,Purple,Skelly,Latex,Heart,Round,None,Angoboot Beige,Spike,Smooth Puff Seafoam
3130,3,790,72.95,https://magiceden.io/item-details/9UYqPPsShBT2gGU7Y69YhukoTsUVoyytbCnV9G5ZrpL4,White,Shadow,Shorts Pineapple,Pigtails,Spiral,Halo Red,Angoboot Neon Orange,Spike Open,Tee Black
3134,3.5,2468,48.74,https://magiceden.io/item-details/9Rg2gyKjRwZERGp5EG2vnew7BUhg93pPryNvrCz8M1wz,White,Candy,Puff Pants Purple,Heart,Spidey,None,Angoboot Black,Spike,Grandpa
3172,1.3,2935,65.4,https://magiceden.io/item-details/EYLcjPF8TKiCU8iV436ojnBVMHMGZWDExVSUGGkPCw3f,White,Purple,Shorts Pineapple,Pigtails,Round,None,None,Spike,Puff Vest Pistachio
3202,3,1242,67.78,https://magiceden.io/item-details/8KNCGBTHMBo9rSkN61qwxAW1baa3ETedJNZ7S77JqMTS,White,Black,Windbreakers Dark,Pigtails,Cross,None,Fly Panda,Vamp,Perforated Puff White
3212,1.25,1907,77.66,https://magiceden.io/item-details/7634QrTC8TiL3C7BAGwmyRHoN8dysboKkLvn735Lgu4f,Purple,Mint,Puff Pants Cream,Mickey,Round,None,Angoboot Neon Orange,Spike Open,Tee Black
3262,2,2175,67.1,https://magiceden.io/item-details/ESCrMzGgRf12sftUc37HQTzWGNaR3jAQtgTX8puKwfuf,Yellow,Flame,Windbreakers White,Mickey,Cross,None,Runners Black,Gap,Base Puff White
3280,1.75,2236,68.9,https://magiceden.io/item-details/9V9BPXXathC7uRjmiubi1PoAKMUSu4niHGfVxRzVF5Xs,White,Mint,Puff Pants Cream,Mickey,Spidey,None,Sandals Red,Spike Open,Sweater Black
3294,3.5,2530,48.03,https://magiceden.io/item-details/4UYHP6MQdVVx6R9SCdTN6C2AK98pQcn1V2XJ4kZ5SY2W,White,Flame,Puff Pants Cream,Heart,Spidey,None,None,Gap,Puff Vest Pistachio
3310,2,2905,58.74,https://magiceden.io/item-details/1xdU95nwa2AqEYfBfJsTyjz8jacukEeSeScCfnaBWNG,White,Purple,Shorts Black,Pigtails,Spiral,None,Fly Bred,Gap,None
3315,2,250,89.13,https://magiceden.io/item-details/sRgoZRgeg9KRpzCK3mJrcAEeWPWgmLimqgxgY4cQpCC,Yellow,Shadow,Jeans,Pigtails,Spidey,Halo Red,None,Spike,Sweater Honey
3322,2.4,1442,71.49,https://magiceden.io/item-details/AKCWGK8Tc2RzwWatxUnRbDgKYj44GyjrQsjn33JmByMP,Red,Purple,Windbreakers White,Mickey,Spiral,None,None,Rainbow,Tee Blue
3348,2.2,3472,50.25,https://magiceden.io/item-details/6WRT8eFoDk3ynxkg43sgVtKyBoZjYZkX4HRFbeeSQeX2,White,Pink,None,Mickey,Spiral,None,Runners White,Spike,Windbreaker Lemon
3352,2.4,2445,60.01,https://magiceden.io/item-details/CGzpBkK9udFQBz7C7RNzVL52Dba75RAGs9Re7WFGbV4,Green,Flame,Latex,Mickey,Spiral,None,Angoboot Beige,Spike,Tee Blue
3353,2.5,1758,66.87,https://magiceden.io/item-details/E32ywWwtM7CH2nJb4yvYMU24t2cHewUtX3sa7FV9V5eo,Red,White,Windbreakers Dark,Heart,Spidey,None,Runners White,Gap,Windbreaker Lemon
3364,2,2281,65.88,https://magiceden.io/item-details/7sFawLgz8yBJcuhio5XzqKTEGqSboa1cbppsYbScCzN,White,Mint,Latex,Heart,Spidey,None,Fly Panda,Vamp,Smooth Puff Red
3402,2.42,1982,65.11,https://magiceden.io/item-details/GWMvY6ZhMjbaKiUpzkc4NpkPcnnartKLVjmBTTEebtuv,Purple,Orange,Shorts Black,Heart,Round,None,Angoboot Neon Orange,Spike,Puff Vest Cream
3449,1.5,2306,70.6,https://magiceden.io/item-details/BcLLR4N2C9v1zycANpshRm3NdWDAnUTVenSDT7PXgu4m,Purple,Sky,None,Mickey,Spidey,None,Angoboot Beige,Spike Open,Smooth Puff Chrome
3474,1.8,2437,66.1,https://magiceden.io/item-details/8mSpjakffC7BLzXs3fH1FhdzNQ2hsujt12gihgArkMkq,White,Black,Shorts Pineapple,Pigtails,Round,None,Fly Panda,Spike,Perforated Puff Black
3479,1.6,2030,72.76,https://magiceden.io/item-details/7WW4WyBMmCf3VEQWqKeaaoFaKgbE8itpjDCrRpRU23Hy,Red,Flame,Jeans,Heart,Round,None,Fly Bred,Spike,Smooth Puff Red
