id,price,moonRank,ðŸ’Ž score (%),storeURL,acc_A,acc_B,background,cap_A,cap_B,cap_C,eyewear_A,eyewear_B,eyewear_C,helmet_A,helmet_a,helmet_B,helmet_C,helmet_D,helmet_E,helmet_F,mouth_A,mouth_B,mouth_C,mouth_D,skin_A,skin_B,skin_C,skin_D,teeth_B,teeth_C,top_A,top_B,top_C,top_D
1,201,1,0,https://alpha.art/t/7VjWe1tQtwQSTSWUnGfF6pL5k64benFf1GCR4Lg4oARH,,,gold,crown,,,bitcoin,,,,,,,,,,,gold_bone,,,,gold_B,,,B_diamond,,gold,,,
42,0.45,957,85.56,https://magiceden.io/item-details/7xF7GHBoJXpgnUPRZBbtXT7c5MxmgRyWHKHzUNtD1Tau,none,,orange,,,,ess_glasses,,,fire_man,,,,,,,,,,,,,purple_C,,,C_combination,neon_black,,,
46,1,2166,65.36,https://magiceden.io/item-details/74iRufwCp4SQtuxi7c1V92uvxzkfAainqNgY4zjbSpoh,,,orange,,,,,,,,,,,Ice_hockey,,,,,,,,,purple_C,,,C_white_Chrome,black,,,
56,0.45,29,96.85,https://magiceden.io/item-details/EX84hjcgmQswbfQBg5GLTT9cCoyhFmxFn6jbK2QpvpoF,,,pink,,fast_food,,ess_glasses,,,,,,,,,broken,,,,air_ape,,orange_blue_B,,,B_solana,,,fast_food,,
74,0.5,857,86.28,https://magiceden.io/item-details/5mn4uFa2KeGijednCetNBTXftEdA2fj42rejn4nMgncD,none,,mint,,,,safety_glasses,,,,,icecream,,,,,,dynamite,,,,purple_B,,,B_white_Chrome,,orange,,,
99,1,2162,65.41,https://alpha.art/t/FatXFBnxmewojobo9BvZUMGNyisHyeXDxkbPS3NLqtgM,none,,peach,,,,none,,,police,,,,,,,,,,,,,blue_C,,,C_white_gold,neon_purple,,,
119,0.5,1811,74.68,https://magiceden.io/item-details/7VxG3QFrvpFXj4QfFKiKETMgeJSiu7xTsMFcqYntczN3,,,lemon,,,captain,,,,,,banana,,,,,none,,,,black_A,,,,,,neon_green,,,
188,0.5,1719,75.79,https://magiceden.io/item-details/3Ro4LKKvpbx7HA6yzLGAwV3qNBQ7MEvgBkCFg553Rvhf,silver_ear_ring,,lavender,,,,none,,,pilot,,,,,,,,,,,,,olive_C,,,C_chrome,neon_purple,,,
206,1,507,85.53,https://magiceden.io/item-details/DtZRHcvovcRGBgEEuXWmQcCVuKFoKQquuCCyTS2bW5hP,gold_ear_ring,,grey,,,,sun_glasses,,,,,banana,,,,,,none,,,,solana_B,,,B_solana,,neon_orange,,,
244,0.402222222,179,95.5,https://magiceden.io/item-details/5JdwD29iXgt8KKUsAxv6ZrYyQTW1r4R6mQkEuhKWqtFL,gold_ear_ring,,lime,,,,,,none,,,,,,,broken,,Donut,,,,albino_blue_B,,,B_white,,neon_blue,,,
272,0.5,1813,74.65,https://magiceden.io/item-details/3x3TWjQ565aW8Fh5fuPxnxJAgczKswWxZ7z5PBmmk4Ax,,,orange,mine_helmet,,,sun_glasses,,,,,stickerbomb,,,,,none,,,,purple_red_A,,,,,,green,,,
274,0.99,2229,64.69,https://magiceden.io/item-details/EiM5wjBWno9FW4zjMirfjnNn1Si1UrbKdtfY2hAkqd4L,,,lime,headphone,,,none,,,,,banana,,,,,,,,,,,Brown_yellow_C,,,C_white_gold,black,,,
305,0.75,2250,66.84,https://alpha.art/t/FoU3qsHTbheuoUvq9pGZJYgPp28fx7RX8KZzXBDuMWh8,,,sky,mine_helmet,,,none,,,,,bubble,,,,,,,,,,,purple_C,,,C_solana,green,,,
313,0.24,1937,75.74,https://magiceden.io/item-details/HioF1eJbng6qrzUHpJxtys9qMHNbqXvuTpUy2TA8qr4z,,,blue,mine_helmet,,,none,,,,,bubble,,,,,,none,,,,sky_B,,,B_white,,yellow,,,
321,0.2,1923,76.31,https://magiceden.io/item-details/DouUpzPJt4uDUWtqXFxoLG5GZrhKWv1SMnJoYMhNV7FA,none,,sky,,,,ess_glasses,,,viking,,,,,,,none,,,,albino_blue_A,,,,,,yellow,,,
337,0.23,1557,80.46,https://magiceden.io/item-details/J7uDwf1cpuqWxNgcPWnS39s4an4qvG6Rw6LpaGmFv5WJ,,,purple,headphone,,,sun_glasses,,,,,icecream,,,,,Bubble,,,,red_A,,,,,,green,,,
345,0.9,3032,55.83,https://magiceden.io/item-details/DdbV7ftWeqYg2TtrmK4uGEt9238VcqCQYU4qZZtNFMfM,silver_ear_ring,,lime,,,,none,,,,,bubble,,,,,,,,,,,black_gray_C,,,C_white,yellow,,,
357,0.25,2454,69.36,https://magiceden.io/item-details/3fEAekRpre7zNNLJJdDvZQoxqBKFwvRNoXm8Kz12sXTX,silver_ear_ring,,blue,,,,none,,,chef,,,,,,,,,,,,,orange_blue_C,,,C_white,black,,,
364,1.69,2649,52.58,https://alpha.art/t/4zZGUC5jDBKTYib2bzmmAWJS3ocgnsw6E6hcdCxkKaJi,,,grey,mine_helmet,,,none,,,,,banana,,,,,banana,,,,Broccoli_A,,,,,,purple,,,
368,0.6,103,94.45,https://magiceden.io/item-details/BVgb8orNiZaYuscnuXwtkaancWgQiCcyCpdKsZDzwdvh,,,purple,,fast_food,,none,,,,,,,,,broken,,,,air_ape,,black_gray_B,,,B_white_gold,,,fast_food,,
369,0.23,2510,68.87,https://magiceden.io/item-details/J9gRtJFJjRHe3KfFGQAxW1f8u8mVXUtJdZcu94Tyw6qo,,,violet,none,,,none,,,,,icecream,,,,,,,,,,,green_C,,,C_gold,red,,,
389,2.1,2573,49.41,https://alpha.art/t/5Ye8V9DRw6XMj8BiEpKYoHoqqSgeqRLp3Y1nDyovYY3,silver_ear_ring,,candy,,,,safety_glasses,,,,,stickerbomb,,,,,none,,,,green_A,,,,,,blue,,,
431,0.25,2128,73.32,https://magiceden.io/item-details/JDCRTcQkAJukKyVPHYU7Q2gZZfz9yNjVCr9KiMR9kDDM,none,,lavender,,,,none,,,,,icecream,,,,,,sushi,,,,red_B,,,B_white_Chrome,,green,,,
444,0.3,2189,72.08,https://magiceden.io/item-details/F4q4DeAK5ahHGoaFPExbmFHYtrzYSSaYdMwPHUgF3kf6,,,lemon,headphone,,,none,,,,,stickerbomb,,,,,,,,,,,leopard_C,,,C_white_Chrome,green,,,
470,1.3358,944,76.86,https://alpha.art/t/AFMjsEUpM9xtRQvGDuGqnJcBB8Eq3rZXsiXnZ1K1R11H,none,,pink,,,,gogle,,,police,,,,,,,,,,,,,black_gray_C,,,C_chrome,neon_blue,,,
494,0.65,740,86.2,https://magiceden.io/item-details/84vDzpS9q98sBnPNio2PCphmxBW7APRc9cpsH51BsKao,,,orange,mine_helmet,,,none,,,,,icecream,,,,,,bone,,,,albino_blue_B,,,B_white_gold,,neon_purple,,,
502,0.3,2378,69.78,https://magiceden.io/item-details/48ScAZjaTFQKCEHT6XzmJGZnoL4t456bXaQrnWpUCvps,silver_ear_ring,,peach,,,,none,,,taxi,,,,,,,none,,,,pink_blue_A,,,,,,purple,,,
519,1.65,2271,57.58,https://alpha.art/t/DnS1PNzLKuPuLiCcBnoWmp4dst23pg3FY4jj1inr5eGd,,,cerulean,headphone,,,none,,,,,stickerbomb,,,,,banana,,,,black_gray_A,,,,,,neon_purple,,,
532,0.4,1562,78.7,https://magiceden.io/item-details/7JFfrULY3HqXMyqozamCUKR23wmTTZQBGFHDnSttLwsq,silver_ear_ring,,candy,,,,,,star,,,bubble,,,,,none,,,,purple_red_A,,,,,,red,,,
533,0.3,1063,85.77,https://magiceden.io/item-details/CuAHXP334mXXY8gd31bNpEsSBjeZjXdL299Paiymh9xR,silver_ear_ring,,rose,,,,sun_glasses,,,captain,,,,,,,,,,,,,cow_C,,,C_white,purple,,,
553,1,3283,51.77,https://magiceden.io/item-details/F7oAcmjkG43UJDvBJBE4wJ1MGEbYezFptU1LJ3G7tt9E,none,,yellow,,,,none,,,,,,,,drink_hat,,,,,,blue_A,,,,,,neon_green,,,
567,0.68,2847,60.28,https://magiceden.io/item-details/5AMuDQzuH4tHF7e1rCEScsrVzoJ8wHeFHV5x3vXDkyQ8,none,,banana,,,,pixel,,,,,,,,drink_hat,,,,,,purple_A,,,,,,yellow,,,
583,0.35,1833,75.91,https://magiceden.io/item-details/6aD1WFSMDXCbgBttYgc2xE3QY9ZSXEq7e94TFS4T6LDT,,,grey,,,,,,,,,,,Ice_hockey,,,,,,,,,leopard_C,,,C_white,neon_black,,,
592,0.7,617,87.2,https://magiceden.io/item-details/AVood8QvQ34Khd9b1p5kmK81HpuWGCid8cVRupcSe7qF,silver_ear_ring,,ginger,,,,sun_glasses,,,,,stickerbomb,,,,,,taco,,,,red_B,,,B_white_Chrome,,green,,,
680,0.35,2260,70.71,https://magiceden.io/item-details/6kChv733ms6145Lw4UcivbeowK6rTECk9FgbNym6uPuH,none,,grey,,,,sleep_mask,,,,,bubble,,,,,,,,,,,golden_C,,,C_chrome,purple,,,
711,0.99,1930,68.33,https://magiceden.io/item-details/HkjpE9DP88aHHRLxjvwECNT7V5s2Qa5xWSE9z6mbYE1q,,,yellow,crown,,,none,,,,,icecream,,,,,none,,,,orange_blue_A,,,,,,orange,,,
719,0.99,253,88.72,https://magiceden.io/item-details/CcYPGyP5Kgx5iGNAbo5bpoLZLPyUViBvMfJTTZHPcPZ2,gold_ear_ring,,cerulean,,,,,none,,,,,,,,broken,,,banana_milk,,yellow_A,,,,,,neon_blue,,,
721,0.99,2491,61.51,https://magiceden.io/item-details/DFfqqrfWdiG2pR9kvvUWNLtu9bvoB55PiYxRDcPSTpvB,,,grey,,,,,,,,,,apetrooper,,,,,,,,green_A,,,,,,neon_blue,,,
743,1,972,79.88,https://magiceden.io/item-details/DjrKiuFnss9BTJCCSaVLXoPrNbeNmTyp2Yo2u7YQ1Wz1,gold_ear_ring,,lavender,,,,swat,,,taxi,,,,,,,,,,,,,Brown_C,,,C_white_gold,neon_orange,,,
762,0.78,3181,55.21,https://magiceden.io/item-details/ARwJwScb2Z1mxXEq9FTHVbQpiHETQqHnax6cbsxkyZEG,,,banana,,,,,,,,,,,Ice_hockey,,,,,,,red_A,,,,,,green,,,
773,0.85,126,91.67,https://magiceden.io/item-details/CQmBsDZ55w2bBwZkyTW7AM328QSE2tr2daYid7Lsxd2Y,,,ginger,,fast_food,,none,,,,,,,,,broken,,,,air_ape,,black_B,,,B_white,,,fast_food,,
785,0.35,56,97.52,https://magiceden.io/item-details/5wopZaJzPnZHJWkJvHXJNZEL1DE9bdoAN9Xxd8TmoTBM,,,blue,,fast_food,,swat,,,,,,,,,broken,,,none,,warrior_A,,,,,,,fast_food,,
789,0.25,1784,77.5,https://magiceden.io/item-details/3zqgLPHYsy36cFnVmF85JfhD9JnbVkYv5YfzGYKuZaSB,gold_ear_ring,,yellow,,,,none,,,pilot,,,,,,,,,,,,,olive_C,,,C_chrome,red,,,
816,0.5,2211,69.81,https://magiceden.io/item-details/BAvfwKdfDKkPM8kYoa9KEgRi5mhZtytTt976TVC65UeR,,,blue,,,,,,,,,,,Ice_hockey,,,,,,,,,yellow_C,,,C_white,neon_blue,,,
832,0.3,674,90.5,https://magiceden.io/item-details/9GrmBCUjLeUrpuufJNR7TuQbjNtwcHjkUpn54MngTYHE,,,ginger,none,,,safety_glasses,,,,,bubble,,,,,,lollipop,,,,purple_B,,,B_Chrome,,green,,,
833,0.5,2933,61.03,https://alpha.art/t/3t81U9unSEn3Befq3NyDYMVb44qutA8cSWN9t8tbxwbQ,gold_ear_ring,,grey,,,,none,,,,,,,,drink_hat,,,,,,multicolor_A,,,,,,yellow,,,
882,0.3,1385,81.86,https://magiceden.io/item-details/9XwsCXvWYcvzQnzbUgF8Jt8Q4VB7HqNq9oG8BUmP61cc,none,,violet,,,,none,,,pickelhaube,,,,,,,,sushi,,,,Brown_B,,,B_white,,green,,,
891,0.25,1188,84.75,https://magiceden.io/item-details/5BMDVvp1ZmXZpRQgdjdxVxmwxHZA47UvZNngsjUZ1giB,,,rose,,fast_food,,none,,,,,stickerbomb,,,,,none,,,,olive_A,,,,,,,fast_food,,
897,0.4,1515,79.27,https://magiceden.io/item-details/EdCAyB3gHGTRLD1UxLER3DuUDwcCbjLxHFACv5Goc7d7,,,lime,headphone,,,none,,,,,stickerbomb,,,,,,none,,,,warrior_B,,,B_white,,red,,,
924,0.2,1197,85.14,https://magiceden.io/item-details/6ePLJnbRCBe9AyzX7gBNYqGAfURBXTLa8xw6tiGrEfkq,none,,orange,,,,none,,,viking,,,,,,,,none,,,,sky_B,,,B_combination,,neon_black,,,
940,0.5,813,86.81,https://magiceden.io/item-details/4DWhAMonzgQcA1y92UMuA3fmiNnEc9yeYXvUvpim4QdL,gold_ear_ring,,grey,,,,swat,,,,,icecream,,,,,,dollar,,,,blue_B,,,B_white,,purple,,,
971,0.8,2337,65.28,https://magiceden.io/item-details/AVLqXWp3n4rWWRfzh8AAb5W61om4gzLD49CYhAgc8ERH,none,,candy,,,,none,,,,,bubble,,,,,,lollipop,,,,purple_red_B,,,B_white_gold,,blue,,,
972,0.9,780,83.21,https://magiceden.io/item-details/DtCCfdYUvyNwvbwxgz1bJrrPMR7adDH2Ak85C2f8YZkq,gold_ear_ring,,ginger,,,,none,,,pickelhaube,,,,,,,,burger,,,,pink_blue_B,,,B_white_gold,,black,,,
1002,0.55,603,88.87,https://magiceden.io/item-details/CRti6d5sDATdcoPgiqWy46SoE8qRMLHjxtyQtBnEoBU1,gold_ear_ring,,peach,,,,,none,,,,icecream,,,,,,,,,,,olive_C,,,C_solana,neon_blue,,,
1069,0.95,888,81.4,https://magiceden.io/item-details/65D53jGkeUDiyi7yVVkt3YgjH4YNWUZQpYnN2CbZRJs5,gold_ear_ring,,peach,,,,white_sun_glasses,,,viking,,,,,,,pipe,,,,Brown_yellow_A,,,,,,blue,,,
1086,1,30,91.34,https://magiceden.io/item-details/DqAqZKUqN7UoBNZpEzm1GvsyTc6LHKtZ1XNGroyh8mtR,,,rose,,,,,,none,,,,,,,broken,,sushi,,,,,,zombie_green,B_gold,,,,zombie_purple,
1095,2.3,1654,58.58,https://alpha.art/t/6NjDgwg8ukmc28BCMjQy3q6eZP9zJ6S6JoeHUc6eHzRT,none,,ginger,,,,,,none,,,icecream,,,,,,,,,,,pink_blue_C,,,C_white,purple,,,
1110,0.2,2363,70.96,https://magiceden.io/item-details/7LmcBqkjGqDnPEzTgBQRFsv6pYaUcxpe68epVeXLbc5L,,,purple,none,,,none,,,,,icecream,,,,,,,,,,,red_C,,,C_chrome,neon_orange,,,
1178,0.29,978,86.91,https://magiceden.io/item-details/4jUBSSSzaAiVzVNBooiT2LjNJBjxDbdKqFokLEu8x1kP,,,banana,none,,,ess_glasses,,,,,banana,,,,,,none,,,,Brown_B,,,B_white,,neon_green,,,
1201,0.98,2011,67.44,https://magiceden.io/item-details/CR4PUab2UzqT1ideeYwii84ywU3KW9EtGhVigh3N6nfw,,,orange,none,,,none,,,,,bubble,,,,,,none,,,,albino_B,,,B_white_Chrome,,black,,,
1216,0.99,2662,59.43,https://magiceden.io/item-details/2RbQsWUN3xMNXpFMxxp6u7myiAfXMC4GnFLSAXZTX1Yt,,,ginger,,,,,,,,,,halo,,,,,,,,Broccoli_A,,,,,,blue,,,
1229,0.288,164,96.83,https://magiceden.io/item-details/2Q5bPfmSXNMDqRqi6DJL5wXYguzjNxjDAV9jmxn95PpW,,,sky,,,none,,,,,,,,,,broken,,,,air_ape,,orange_blue_B,,,B_solana,,yellow,,,
1269,1,1694,71.1,https://magiceden.io/item-details/BZPvUFVwPm6aZB9ectzR3GFc7K4g4FQFKAUa4edGxnXU,,,blue,none,,,none,,,,,icecream,,,,,,,,,,,red_C,,,C_solana,solana,,,
1297,0.25,2792,65.24,https://magiceden.io/item-details/Bstiaq8P6whA9YjVi4cv9bhroZzmNVp3hTxk1UeX2Xsn,none,,peach,,,,ess_glasses,,,,,banana,,,,,none,,,,purple_yellow_A,,,,,,yellow,,,
1298,0.25,1227,84.28,https://magiceden.io/item-details/EDUr9oubN2uUAjfeRaNcxji4U1QDqWZ9v6nEDkKD8dYy,,,violet,headphone,,,sun_glasses,,,,,icecream,,,,,,,,,,,sky_C,,,C_white_Chrome,orange,,,
1344,0.5,1025,84.23,https://magiceden.io/item-details/FNiqrWFpGZ4KsywdrGQPVBedxsPKdSZDabfJvnS32Pcx,silver_ear_ring,,blue,,,,swat,,,taxi,,,,,,,banana,,,,purple_red_A,,,,,,yellow,,,
1361,0.95,2620,60.34,https://magiceden.io/item-details/2apUCmCPHMCN32Kasm16H4rZs9k61GwZf4nem38SzBb5,,,lime,,,,,,,,,,apetrooper,,,,,,,,Broccoli_A,,,,,,orange,,,
1392,0.9,2415,63.33,https://magiceden.io/item-details/4sWgxfNFSVWhmhugGCYaLCJkdqvUDHJFSf28RwSRtt83,,,candy,none,,,none,,,,,banana,,,,,,,,,,,Broccoli_C,,,C_chrome,neon_green,,,
1431,0.38,2205,71.08,https://magiceden.io/item-details/Coh8Jmv12cUFo1ArqzC8U8C6w8i2eKSPRe57S2ozW74E,silver_ear_ring,,purple,,,,solana,,,,,,,,drink_hat,,,,,,brown_A,,,,,,red,,,
1469,0.56,2645,63.93,https://magiceden.io/item-details/4US6BGKsi9bjDxrLefPvyaGMxJE5y9vtozphgJteyomz,,,rose,mine_helmet,,,none,,,,,bubble,,,,,banana,,,,albino_A,,,,,,red,,,
1486,2.4,1545,58.91,https://alpha.art/t/82W8bHHz3JpKAXw17pK4BRSc5Nt3MS63GKtk1ShH4Fhy,,,lemon,headphone,,,none,,,,,bubble,,,,,,sushi,,,,purple_red_B,,,B_white,,green,,,
1493,0.7,621,87.15,https://magiceden.io/item-details/3UdFXFBAvy7E1sMc7H6o3TXzLCmdHVAmLd5C3e8VUigD,silver_ear_ring,,candy,,,,none,,,chef,,,,,,,,pizza,,,,blue_B,,,B_solana,,neon_black,,,
1498,0.45,467,91.52,https://magiceden.io/item-details/Ee1uUQ1aKVWbhXiviSmQuxordhSGVmRmG9RNFvesoR1T,,,cerulean,,,none,,,,,,,,,,broken,,,soda,,olive_A,,,,,,neon_blue,,,
1514,0.5,3074,59.31,https://alpha.art/t/6UrTLVDDPH2ocpVJwj3fRGgXgwB4N5spLbi7XHujVmjb,,,orange,,,,,,,,,,,Ice_hockey,,,,,,,black_gray_A,,,,,,green,,,
1570,0.8,101,92.47,https://magiceden.io/item-details/6r17gfWmJvZEwMU1PXGDVqrpsHNyUmBJfqwHhDKnkVgu,,,lavender,mine_helmet,,,ess_glasses,,,,,banana,,,,,,chicken_toy,,,,multicolor_B,,,B_combination,,green,,,
1579,0.8,2585,62.26,https://magiceden.io/item-details/782tcUZJ8DhZeE4Z9qqsJH9VgTjwLjGLKH3A8gqd5Qyb,,,sky,,,,,,,,,,apelorian,,,,,,,,purple_A,,,,,,yellow,,,
1598,1,21,91.44,https://magiceden.io/item-details/6DgGF6Sd4ej4q4FQ2qUMZsXa1vCLSGYnWkmCUJaXKFTA,,,sky,,,,,,none,,,,,,,broken,,,,air_ape,,,,zombie_green,B_Chrome,,,,zombie_blue,
1673,1.53,2610,54.66,https://alpha.art/t/3aagbB3i12tNXSJmajS56ExsfoNMSxGANcBpGDVxbVmx,gold_ear_ring,,candy,,,,sleep_mask,,,,,icecream,,,,,none,,,,albino_blue_A,,,,,,orange,,,
1675,1,1718,70.81,https://magiceden.io/item-details/BkMYHs87PzgpJ12A98pEp5rJ7xbnPHMjrDLzV6uQBcxr,,,candy,mine_helmet,,,ess_glasses,,,,,bubble,,,,,,,,,,,albino_C,,,C_white_Chrome,black,,,
1690,0.8,992,81.64,https://magiceden.io/item-details/CtbVa3X77Zx7ccndo8R777HxYrmUdH6iiVj3NsbQp8RE,silver_ear_ring,,pink,,,,sleep_mask,,,,,stickerbomb,,,,,,none,,,,blue_B,,,B_solana,,yellow,,,
1713,0.4,1774,76.13,https://magiceden.io/item-details/FNUreo4fDiaKvBkK1aeHxVg8ZpmACt9V4NEBv63gJzD2,,,yellow,,,,,,,,,,,Ice_hockey,,,,,,,,,solana_C,,,C_white_gold,purple,,,
1826,1,3261,52.04,https://magiceden.io/item-details/5gcZ4osNegr2qFeYhofhYamugp4MestcPrQtruXw1GGu,none,,rose,,,,none,,,,,,,,drink_hat,,,,,,golden_A,,,,,,red,,,
1849,0.3,844,88.44,https://magiceden.io/item-details/qWyiaDioCecdHXo3ENM6FrPqUBdFaCnQHvBTuargpgc,gold_ear_ring,,violet,,,,,none,,,,stickerbomb,,,,,,,,,,,red_C,,,C_white_gold,neon_green,,,
1866,1,1567,72.64,https://magiceden.io/item-details/FFmFzbgRLXHkBmCJbe5XEUvzB51VnQmWYRd4jySF4UqQ,,,lavender,none,,,swat,,,,,bubble,,,,,cigar,,,,purple_red_A,,,,,,neon_purple,,,
1876,0.17,2301,72.02,https://magiceden.io/item-details/AdJAF61f5AdGqVyDKJUY61ut81GodPoffAWkgmBi4AdV,gold_ear_ring,,candy,,,,none,,,,,icecream,,,,,,none,,,,red_B,,,B_white,,neon_blue,,,
1885,0.4,650,89.79,https://magiceden.io/item-details/Gbtcs9wFVyTPUvHYRVn7QCJDyL6yMgxgj7TvKh7os6yk,none,,cerulean,,,,safety_glasses,,,,,icecream,,,,,,bone,,,,Broccoli_B,,,B_Chrome,,blue,,,
1943,0.5,1209,82,https://magiceden.io/item-details/5YwbYPTMh3oo5z69gb9Fu5R2tS8eYM5oDEE112gGM5EN,,,sky,,,,none,,,,,banana,,,,,,none,,,,,,zombie_green,,,,,zombie_purple,
2031,0.5,3289,56.7,https://magiceden.io/item-details/CPMDg33uAFvMyEiXQJeYhKHY5YrdxVMCo2tkmvQ3v1mA,none,,peach,,,,none,,,,,,,,drink_hat,,,,,,albino_A,,,,,,orange,,,
2111,1,1801,69.8,https://magiceden.io/item-details/HjUX5myrWToL1LpSGsvMyLZBuE4LcqwfNYCYErXPXM2s,,,pink,none,,,solana,,,,,banana,,,,,none,,,,brown_A,,,,,,red,,,
2131,3.9,186,60.44,https://alpha.art/t/E36TG7pXofdgrGRJGW1GRdxiBRUbzXgsKgxNWmrd6Xyy,,,banana,mine_helmet,,,pixel,,,,,,,,,broken,,,,air_ape,,burgundy_B,,,B_Chrome,,white,,,
2169,1.34,2908,52.93,https://alpha.art/t/3XMAJSsSufHpkoeV7UHBDaMZAXF1wDXL6KTPpsf3ndJc,gold_ear_ring,,ginger,,,,none,,,,,stickerbomb,,,,,,,,,,,green_C,,,C_white_gold,neon_blue,,,
2173,0.25,3054,62.06,https://magiceden.io/item-details/HZbj2pSqm7DvP7S7Zw4piYg5JoJo21rDB2uJvsyVMWBX,silver_ear_ring,,grey,,,,none,,,,,stickerbomb,,,,,banana,,,,purple_yellow_A,,,,,,black,,,
2189,0.55,1875,73.4,https://alpha.art/t/JDFpK9m2p5Aad6g9UZuRCHRZ5eqEEP2XaKRApSKt3EdY,,,grey,,,,,,,,,,,Ice_hockey,,,,,,,,orange_blue_B,,,B_Chrome,,neon_blue,,,
2246,0.8,1858,71.1,https://magiceden.io/item-details/66gXDq8QG3MRqrLYbDoQScQJJRTNfkBJv9TCG3BgBHGT,none,,banana,,,,none,,,,,banana,,,,,,dynamite,,,,blue_B,,,B_white,,blue,,,
2269,0.193,1576,80.6,https://magiceden.io/item-details/8vQtzntVxWVvhK9Q3hwDm1yLDjwdunTdNdxWbTrn1jdv,,,orange,headphone,,,sleep_mask,,,,,bubble,,,,,,,,,,,green_C,,,C_white_Chrome,neon_blue,,,
2309,0.4,255,94.6,https://magiceden.io/item-details/C71veEM4574iSng66aafV9VUiJdY6FqrDinpJd5TiLsm,gold_ear_ring,,candy,,,,,,star,,,stickerbomb,,,,,,,,air_ape,,albino_blue_B,,,B_white_gold,,neon_blue,,,
2327,0.8,1592,74.34,https://magiceden.io/item-details/418zMmTSKdEHaXUYkcp4iJDFtpEKziJtFeUQMgqVq5oG,,smile_mask,peach,,,,,,,,,bubble,,,,,,,,,,olive_B,,,B_white,,neon_purple,,,
2341,0.5,429,91.48,https://magiceden.io/item-details/HQcakd3rFxux2JNAaYu3WG63GcGXW33KKeVfncVg4d34,,,orange,,,captain,,,,,,,,,,broken,,,soda,,brown_A,,,,,,neon_green,,,
2359,1.29,1401,71.76,https://alpha.art/t/HhSY3Yhd3yyRX5RwUY8urJnmkU7rfYiz8RBGgKEruHTa,,,peach,none,,,none,,,,,bubble,,,,,,taco,,,,black_B,,,B_white_gold,,blue,,,
2370,2.5,1994,52.45,https://alpha.art/t/AEEGzcseTegRV5Q4NwUD5u7MXQjTCSqhRS4BwmGzDe5M,gold_ear_ring,,yellow,,,,swat,,,,,icecream,,,,,,,,,,,orange_blue_C,,,C_white,neon_blue,,,
2382,0.84,3156,54.92,https://magiceden.io/item-details/ApX7T5gxQUDrQKB59w3AHK7dTsifiUxbo1kWQ4AfxmSF,gold_ear_ring,,violet,,,,none,,,,,icecream,,,,,none,,,,green_A,,,,,,neon_blue,,,
2412,10,2504,0,https://alpha.art/t/A1f2kVhNYY7gPhZN6pXUzFxvyvB6tjsRcW8WSV2qC3m4,silver_ear_ring,,violet,,,,none,,,,,icecream,,,,,,,,,,,golden_C,,,C_gold,neon_green,,,
2424,0.35,2107,72.58,https://magiceden.io/item-details/AbshcLYW7tVtkxmSvrN86jJCFRAyKwf2rDX72JEoSycs,,,lemon,,,,,,,,,,,Ice_hockey,,,,,,,,black_gray_B,,,B_white_Chrome,,green,,,
2430,0.33,2272,70.77,https://magiceden.io/item-details/7WLrofTvK3dGwtv1P66voesfiPUc8pQdukBDqutitbun,,,grey,,,,,,,,,,,Ice_hockey,,,,,,,,pink_blue_B,,,B_white,,yellow,,,
2437,1,2704,58.81,https://magiceden.io/item-details/3kDerxkVJ77MdcYWdNTnR546GwcUiH2aRpjQ2gNe62U4,,,banana,,,,,,,,,,apelorian,,,,,,,,green_A,,,,,,purple,,,
2464,1,2579,60.33,https://magiceden.io/item-details/7FDjCp5eHV9AbFuH1tczADwsAkApvUoNMTfrPzF4zZLc,gold_ear_ring,,pink,,,,none,,,captain,,,,,,,none,,,,Broccoli_A,,,,,,neon_blue,,,
2473,0.255555556,377,94.56,https://magiceden.io/item-details/AQKmqDEAWuPVdxBSVWGQ8m7EycY4DVagur7Cna1YSNCK,none,,banana,,,,,none,,,,,,,,broken,,,cocoa_milk,,blue_A,,,,,,neon_purple,,,
2483,0.38,190,95.59,https://magiceden.io/item-details/DvvKVjYipwY2b13ZTDqJ9yej2b2RCnsAz9dQNNRg7fva,,,lavender,,fast_food,,none,,,,,,,,,broken,,,cocoa_milk,,purple_red_A,,,,,,,fast_food,,
2490,2.28,3040,41.93,https://alpha.art/t/3rPSgiinEYFDdEa8mHrUhhY5U1rKV5sqXrFKwT4ERveZ,none,,cerulean,,,,none,,,,,icecream,,,,,weed,,,,warrior_A,,,,,,red,,,
2568,0.35,1810,76.19,https://magiceden.io/item-details/5M4Txxjkhzd49bKb9YJ4fMjDs1XAXHxmPs6mPCmdwMUb,,,grey,mine_helmet,,,safety_glasses,,,,,stickerbomb,,,,,,,,,,,yellow_C,,,C_white,purple,,,
2594,1,2742,58.35,https://magiceden.io/item-details/7KUR25uGpB7bYT6WLxSoMfZvCMTvRL23H5AvMoMubqAJ,none,,lime,,,,ess_glasses,,,,,,,,drink_hat,,,,,,blue_A,,,,,,neon_black,,,
2608,0.8,560,86.89,https://magiceden.io/item-details/4A8wkJwJ1LTf7pnUNTVN2cXg3X7tYkxj1mZJ9o97APtE,none,,purple,,,,none,,,chef,,,,,,,,pancake,,,,golden_B,,,B_combination,,neon_blue,,,
2623,1,2241,64.45,https://magiceden.io/item-details/EvAbCk3Z7WNKbK1ozR56H9rEAdy3EapBwFM7FhKGTHa4,silver_ear_ring,,violet,,,,none,,,viking,,,,,,,Bubble,,,,burgundy_A,,,,,,green,,,
2628,1,1273,76.22,https://magiceden.io/item-details/By1ZtiLBQanFZ7AiKJnu8UqvgyYD1vpTzHo6tD6eGwMt,,,lemon,,,captain,,,,,,banana,,,,,cigar,,,,purple_yellow_A,,,,,,yellow,,,
2690,0.5,1095,83.38,https://magiceden.io/item-details/BiiDexB4im33WtyfQjwwH7fD4iVLVKMF9LszStL2tvRc,silver_ear_ring,,rose,,,,pixel,,,pilot,,,,,,,pipe,,,,brown_A,,,,,,neon_black,,,
2694,0.67,213,92.41,https://magiceden.io/item-details/7Q2Wk6i1wiGNKg8ccMzy1EvR2eKSVqY5a1YAdwXD52zV,,,cerulean,,,none,,,,,,,,,,broken,,,,air_ape,,Brown_B,,,B_Chrome,,neon_black,,,
2725,0.4,782,88.19,https://magiceden.io/item-details/2Z7DxaVbgM2wwMhVo8jESmjVDJCZepL9LD6YqZtYxZ13,,,blue,mine_helmet,,,none,,,,,icecream,,,,,,burger,,,,green_B,,,B_gold,,yellow,,,
2726,0.29,1733,77.72,https://magiceden.io/item-details/5DwNftWGXLabi8n8uXvBavPSBT2g1N56TaxkdDRvEJpq,gold_ear_ring,,rose,,,,none,,,,,bubble,,,,,,taco,,,,green_B,,,B_white_Chrome,,green,,,
2729,0.23,2293,71.51,https://magiceden.io/item-details/4urpsammSYSkNdehSotRaHqrQqJGejM9xZ4rWuvVAaaJ,none,,violet,,,,,,none,,,bubble,,,,,none,,,,Broccoli_A,,,,,,purple,,,
2746,0.529,1002,84.22,https://magiceden.io/item-details/73QPKMP8ybzvKDuzkCtPJ8CYqvW7o5puvXvc7TTWr6uF,gold_ear_ring,,sky,,,,,none,,,,bubble,,,,,banana,,,,albino_blue_A,,,,,,neon_green,,,
2749,0.35,347,93.98,https://magiceden.io/item-details/778AAPptMmYwCtZ4RYoCEH1HLusY2BEkcah5jfr758yo,gold_ear_ring,,grey,,,,,none,,,,stickerbomb,,,,,,none,,,,sky_B,,,B_combination,,yellow,,,
2750,0.75,619,86.67,https://magiceden.io/item-details/ErSX4kFVhhwFXWoAxV2NKWq6XhmZ5yHUcaRCj6Ru6CxD,,,banana,,,none,,,,,,bubble,,,,,,Donut,,,,sky_B,,,B_white_gold,,red,,,
2774,0.8,1711,72.89,https://magiceden.io/item-details/8MybKgJVM25qD1cWPfRLeix7XsUH7tiDm4wL6DyWTbeV,,,blue,,,,,,,,,,,Ice_hockey,,,,,,,,cow_B,,,B_gold,,neon_purple,,,
2826,0.6,443,90.31,https://magiceden.io/item-details/D8rZZ45qVkjSwoFUCyMWFqGqUfCe6Cmed49hQYreXMZh,,,purple,,,captain,,,,,,,,,,broken,,,cocoa_milk,,burgundy_A,,,,,,green,,,
2835,1.3,3178,50.05,https://alpha.art/t/E9cziGLUkENF8LPPNeufajPVsCqrAyyRVUkmypE1Aoth,none,,candy,,,,none,,,,,bubble,,,,,,,,,,,orange_blue_C,,,C_white_gold,neon_green,,,
2849,0.5295,1481,78.39,https://magiceden.io/item-details/6wvfBGCa6vdwb6iGChvESAvwFB1Ebqn6omp4SwNrAEkc,,,violet,mine_helmet,,,ess_glasses,,,,,bubble,,,,,,,,,,,yellow_C,,,C_chrome,neon_orange,,,
2896,0.3,2509,68.19,https://magiceden.io/item-details/GRRiHy8KC1EJgn46XhQqvvq6hAyKdZxsHPsga3A2i2RJ,none,,grey,,,,none,,,taxi,,,,,,,,,,,,,Broccoli_C,,,C_white,purple,,,
2961,0.4,3100,60,https://magiceden.io/item-details/EyUmnRBGDpsimBpMUxM2vqDZtSRnHuDWFqUpV1BWYNxY,none,,blue,,,,none,,,,,stickerbomb,,,,,,,,,,,black_gray_C,,,C_white_gold,white,,,
2963,0.8,2041,68.88,https://magiceden.io/item-details/EXg5Ta6iHMRjM5Sd2z9Jr2ZeK3x8ecsdnxjca3w783Xf,none,,orange,,,,none,,,police,,,,,,,cigar,,,,burgundy_A,,,,,,blue,,,
2966,1,1168,77.5,https://magiceden.io/item-details/EeDT8Ym6n1S6KuihPGshyFyS5JPziXJk163xUiTfXVHz,,,banana,none,,,none,,,,,bubble,,,,,,pancake,,,,sky_B,,,B_solana,,yellow,,,
2995,0.25,2899,63.94,https://magiceden.io/item-details/EpQfwm5zfEocwuvKap6nyQXdp3c8UqqqPhVG6cbxWaVS,none,,grey,,,,safety_glasses,,,,,,,,drink_hat,,,,,,yellow_A,,,,,,orange,,,
3074,0.5,2932,61.04,https://magiceden.io/item-details/9qaMr68e4bQWtukX1doJAmiY9KhrL3mkRSNaMGdHPGxr,none,,banana,,,,ess_glasses,,,,,,,,drink_hat,,,,,,sky_A,,,,,,orange,,,
3090,0.8,1247,78.53,https://magiceden.io/item-details/4pHzJuszrz2DW5CoCnFFjpWauB1C3PVC4B66VTF7P5xr,none,,lavender,,,,gogle,,,,,bubble,,,,,,sushi,,,,black_B,,,B_white_gold,,blue,,,
3157,3.99,277,58.43,https://alpha.art/t/C1qWX21mivkQWnt7ihsRptEAqYX8EpTmHsKmAQ1g3W86,,,rose,,,none,,,,,,,,,,broken,,,,air_ape,,red_B,,,B_Chrome,,black,,,
3211,0.35,2977,61.99,https://magiceden.io/item-details/3Y9kLnzzXXnQoBnutvkUexX8ZF1VzV9jigEnzCCJmWkX,silver_ear_ring,,ginger,,,,none,,,,,stickerbomb,,,,,banana,,,,green_A,,,,,,white,,,
3233,0.3,2085,73.34,https://magiceden.io/item-details/5UoU6VFmAfN3ZShvnNoeLJAsn94spd8gvCikz8yPgLgu,none,,lemon,,,,none,,,,,banana,,,,,,lollipop,,,,purple_B,,,B_white_gold,,red,,,
3271,0.39,2024,73.18,https://magiceden.io/item-details/H2AGTceVK4biJkGVXe5Vfn5iGffEDTzXo8tnpwvWBCY8,,,lemon,headphone,,,sleep_mask,,,,,bubble,,,,,none,,,,orange_blue_A,,,,,,yellow,,,
3280,0.83,1390,76.5,https://magiceden.io/item-details/5yKMrBtgFxomJs2wTu17kspmxUPCATsR2s7wG1SF3M3u,,none,ginger,,,,,,,,,bubble,,,,,,,,,,,orange_blue_C,,,C_gold,purple,,,
3288,0.6,593,88.49,https://magiceden.io/item-details/3iHHQns9NcZxb7P52X5afazDb66MsTkXkecGWNnm5w2A,,,rose,none,,,ess_glasses,,,,,bubble,,,,,,pizza,,,,green_B,,,B_gold,,blue,,,
3324,1.25,1504,70.91,https://alpha.art/t/Eu3hrvDFv7Jk55ehuiMJJXW9LCVw1oY7vNwUVg45QF6d,,,grey,mine_helmet,,,3d_glasses,,,,,stickerbomb,,,,,,,,,,,black_C,,,C_white,neon_green,,,
3330,0.5,2304,68.68,https://magiceden.io/item-details/9wTZuW1VfULFwDDTZjaW84VibbbqYrJ92T4Rfncczybp,silver_ear_ring,,lemon,,,,none,,,fire_man,,,,,,,,,,,,,purple_C,,,C_white,black,,,
