id,price,moonRank,ðŸ’Ž score (%),storeURL,Background,Cloth,Eyes,Hair,Hat,Mouth,Necklace,Skin,Type
13,65,3187,0,https://solanart.io/nft/5zE87qxmMNKJmgiEeuU7vqeXsbvRcNKgSpnaoiLcTWRT,Base Background,Jean Jacket,Viper Shades,No Trait,Twitter Hat,Lollipop,No Trait,Human,Aurorian
41,95,1730,0,https://magiceden.io/item-details/GFYBC2hAz3hUR3nSbKpDPuFFziPRY4ruSumCgNmhEdad,Base Background,Jean Jacket,Aave Glasses,Clementine Hair,No Trait,Cat Mask,No Trait,Solana Blob,Aurorian
138,43.99,8318,11.81,https://magiceden.io/item-details/6bsNxQwSpvV2K4eTAmHgJpPdy2Hw978p4za4bPncDSrj,Base Background,Black T-Shirt,Red Eyes,No Trait,No Trait,Cat Mask,Aurory Necklace,Human,Aurorian
193,51.400002,9943,0,https://solanart.io/nft/CQzsqqiWzWxNwant5iPYcGSNEdUSJ1SPjbQzYnbQvgt1,Base Background,Base Cloth,Base Eyes,No Trait,No Trait,Base Mouth,Solana Necklace,Human,Aurorian
194,46.69,4633,0,https://magiceden.io/item-details/F8chBzvVbuLqt7qqpVaiPucq4JC16FFNoLYW4HsXiEVV,Base Background,Black Hoodie,Base Eyes,Blob Hair,No Trait,Grin,Flower Necklace,Human,Aurorian
242,78,7750,0,https://magiceden.io/item-details/93pVGKtDs7fWemgD7S4bansEYS1euJ2s7nGq8gLrgMMR,Base Background,Overalls,No Trait,No Trait,No Trait,Base Mouth,Aurory Necklace,Solana Blob,Aurorian
264,150,5325,0,https://magiceden.io/item-details/CHsCB18hVsZ2K45Y68xXYanr2i811AuxnX5c1XzcRGa4,Base Background,No Trait,Viper Shades,No Trait,No Trait,Zipper Mask,Aurory Necklace,Solana Blob,Aurorian
295,111,7780,0,https://magiceden.io/item-details/9LXyRwqjkyXdxmVS7iPb4SoKqdgwfyKDyAB9W6qHn1Bv,Base Background,Base Cloth,Cat Green Pupil,No Trait,Phantom Cap,Base Mouth,Aurory Necklace,Human,Aurorian
321,68,2238,0,https://magiceden.io/item-details/7PrqbZH8Th6GE7UGA9pWUuDTgevKgRs2VEndc4E7iaQa,Base Background,Pink Stripes,Spring Glasses,No Trait,Big Crown,Cat Mask,Aurory Necklace,Human,Aurorian
321,68,2238,0,https://solanart.io/nft/7PrqbZH8Th6GE7UGA9pWUuDTgevKgRs2VEndc4E7iaQa,Base Background,Pink Stripes,Spring Glasses,No Trait,Big Crown,Cat Mask,Aurory Necklace,Human,Aurorian
342,70,3572,0,https://magiceden.io/item-details/EH4x1Lr7PooMXdpbjYcrbH7bStUvpC8FoNJephJhbjm4,Base Background,Base Cloth,Aurory Glasses,Green Hair,No Trait,Bane Mask,Shark Necklace,Human,Aurorian
368,59,6260,0,https://solanart.io/nft/4swM2QmfpWXizq8m31sGcjKxz83EneiswWpk3WiWBmXz,Base Background,Base Cloth,Blue Skull Glasses,White Hair,No Trait,Grin,Aurory Necklace,Human,Aurorian
380,60,8158,0,https://magiceden.io/item-details/CvKp3AHyJdBcKBMidvbLBQXpNtMw1sEwRjRebyRwgJ6b,Base Background,Base Cloth,Base Eyes,Blob Hair,No Trait,Barely Angry,Aurory Necklace,Human,Aurorian
455,54.5,4128,0,https://magiceden.io/item-details/HNu86i6L81pro6Eed5xGWH6TPYP8wJEzprVYe5pyjjsS,Base Background,Classy Outfit,Red Eyes,Undercut,No Trait,Angry,No Trait,Human,Aurorian
466,60,5371,0,https://magiceden.io/item-details/BS9owAFMPAGTeU7WKKzSy63CV7C42tCZZ1VZKb2nzDsC,Base Background,Overalls,Base Eyes,Playmobil,Twitter Hat,Base Mouth,No Trait,Human,Aurorian
479,65,8466,0,https://magiceden.io/item-details/6ouKop2FUxZhJxqtGezEsui54DfGwvNuu8h1WYEUobh6,Base Background,Jean Jacket,Base Eyes,Purple Dreadlocks,No Trait,Base Mouth,Aurory Necklace,Human,Aurorian
487,78,1704,0,https://magiceden.io/item-details/CkMCTskLV3znHLKomDDn2qz8HBmSihHfmFC9aWCueNTh,Base Background,Black Hoodie,Aurory Glasses,No Trait,Cute headphone,Base Mouth,Aurory Necklace,Solana Blob,Aurorian
488,70,5440,0,https://magiceden.io/item-details/2WFC8g9VMCnB1QCCrctxgtvm1hcTcRtZwTtfHTVF4A3m,Base Background,Leather Jacket,Base Eyes,No Trait,Twitter Hat,Base Mouth,Solana Necklace,Human,Aurorian
501,200,251,0,https://magiceden.io/item-details/G3HMJJtAG6LLfjkbTiZ2zgNJkt8oVnsJfQjZjAhS1eir,Base Background,Beetlefox Outfit,No Trait,Purple Dreadlocks,No Trait,Steampunk Mask,Shark Necklace,Solana Blob,Aurorian
565,40,5470,63.11,https://magiceden.io/item-details/E8rWsfJQRqZ44YPyu28FZvNjksbGhAUHjBX1UWi7ifLJ,Base Background,Base Cloth,Black Eyes,No Trait,Plague Hat,Base Mouth,Solana Necklace,Human,Aurorian
583,150,9994,0,https://magiceden.io/item-details/GKf4d1CwFNjzFXvN18PjjYcPDu78Q9we4iSpxXVL94cP,Base Background,Base Cloth,Base Eyes,No Trait,No Trait,Base Mouth,Shark Necklace,Human,Aurorian
584,69.9,5827,0,https://magiceden.io/item-details/9aL1e9b3pMPs5pY6ZizMJCQFQAGPZggVkRyG2JxZkHN9,Base Background,Puffy Jacket,Base Eyes,Pigtails,No Trait,Barely Angry,No Trait,Human,Aurorian
584,69.900002,5827,0,https://solanart.io/nft/9aL1e9b3pMPs5pY6ZizMJCQFQAGPZggVkRyG2JxZkHN9,Base Background,Puffy Jacket,Base Eyes,Pigtails,No Trait,Barely Angry,No Trait,Human,Aurorian
591,79,3566,0,https://magiceden.io/item-details/Axyd4hDdfcTeyrhrTMdLusVzJ6D54wzjKS1A9BaB1Pz9,Base Background,Yellow Stripes,No Trait,No Trait,Beret Hat,Base Mouth,Aurory Necklace,Solana Blob,Aurorian
592,88,1612,0,https://magiceden.io/item-details/F3cFmLj7QnRqAhHxZJUfwq8ZuSoA8xxXLu9a7ELQTxp5,Soft Blue,No Trait,No Trait,No Trait,No Trait,Plague Mask,Flower Necklace,Solana Blob,Aurorian
611,58,1502,0,https://magiceden.io/item-details/G5sdMhLvNnsv1UUr7FTGeBcPzNhUxz3hSSLM4DWLEJc7,Base Background,Overalls,No Trait,Zero Two Hair,No Trait,Steampunk Mask,Aurory Necklace,Solana Blob,Aurorian
621,51,9976,0,https://magiceden.io/item-details/FRjNC9tuBEbCCWgkN5R1UgExJqJ988KUwj28jbYx7Fog,Base Background,Base Cloth,Base Eyes,No Trait,No Trait,Plague Mask,No Trait,Human,Aurorian
644,69,4926,0,https://solanart.io/nft/2BMTEvjDTc53FifJiMVsP8GtCfYn67d5bsFc2d9XJ3o7,Base Background,Base Cloth,Red Eyes,No Trait,Big Crown,Oni Mask,Shark Necklace,Human,Aurorian
691,79,7313,0,https://magiceden.io/item-details/JAKeChtM9iTwhdafq5sjjxRFxHJpc3wmQNpb5t4qopKQ,Base Background,Base Cloth,Base Eyes,No Trait,Dragon Hat,Big Smile,Aurory Necklace,Human,Aurorian
691,79,7313,0,https://solanart.io/nft/JAKeChtM9iTwhdafq5sjjxRFxHJpc3wmQNpb5t4qopKQ,Base Background,Base Cloth,Base Eyes,No Trait,Dragon Hat,Big Smile,Aurory Necklace,Human,Aurorian
759,62,4690,0,https://solanart.io/nft/5xj5ofHwRgNd556qGmBC5ip285TN8f6uLGgPTgXkYWWZ,Base Background,Puffy Jacket,Viper Shades,Blob Hair,No Trait,Grin,No Trait,Human,Aurorian
767,69.989998,3677,0,https://solanart.io/nft/AL8WPCSFpJyxYKDw35eUoa8Z7MpvDqouyCQFs2b4zPZL,Base Background,Pink Stripes,No Trait,White Hair,No Trait,Base Mouth,No Trait,Solana Blob,Aurorian
774,66,7300,0,https://solanart.io/nft/Gjvoh3SQgZP22KMX94M2SDMjUwzLW9DqDTx869zqikUW,Soft Blue,Jacket,Steampunk Glasses,No Trait,No Trait,Base Mouth,No Trait,Human,Aurorian
783,68.88,3486,0,https://magiceden.io/item-details/wCpfMwn9pzR9DVFnxyT6JVvn1kCQZxpWwEibdQoTxNd,Base Background,Shoulder Straps,Base Eyes,Clementine Hair,Beret Hat,Base Mouth,No Trait,Human,Aurorian
839,140,1316,0,https://magiceden.io/item-details/5iYNfzCgVU7WfX2AhradQz25n67sZfHZkX9itMFJwTcv,Soft Blue,No Trait,No Trait,No Trait,Sam Hat,Base Mouth,No Trait,Solana Blob,Aurorian
875,70,6955,0,https://solanart.io/nft/GgXiYtqjWP46dqvHNNTKPazvvssmxNXVUdfhNpPy5hAT,Base Background,Yellow Stripes,Base Eyes,Playmobil,No Trait,Base Mouth,Solana Necklace,Human,Aurorian
934,59,5886,0,https://magiceden.io/item-details/CrHNdTzbPDA8VK2oRuNSfkyVRB5YqfJRKg7H3NphVXBw,Base Background,Base Cloth,Base Eyes,Playmobil,Gavroche Hat,Grin,No Trait,Human,Aurorian
934,59,5886,0,https://solanart.io/nft/CrHNdTzbPDA8VK2oRuNSfkyVRB5YqfJRKg7H3NphVXBw,Base Background,Base Cloth,Base Eyes,Playmobil,Gavroche Hat,Grin,No Trait,Human,Aurorian
975,47,4252,0,https://magiceden.io/item-details/DtdCKbkX1KeyPipTjTuHvyboXgTJaRWG9B8we2uU4bqQ,Gradient Blue,Base Cloth,Green Eyes,Undercut,No Trait,Zipper Mask,Aurory Necklace,Human,Aurorian
1029,75,3497,0,https://magiceden.io/item-details/Bk5E14H6qdDiQ4NBBsG3DxZwRfbMt1QXba696bCeKp2F,Base Background,Pink Stripes,Aave Glasses,No Trait,Raccoon Hat,Cat Mask,No Trait,Human,Aurorian
1086,122,2018,0,https://magiceden.io/item-details/3fRrxrmRcVnJSeAmRbRWiqnD2tPCB9MjK1ZSGwKdsyjq,Base Background,Dinobit Outfit,Green Eyes,Pigtails,No Trait,Cat Mask,No Trait,Human,Aurorian
1189,77,334,0,https://magiceden.io/item-details/G12VQJSeF8vMnTD7T9vWV94VcCnFUNUEyCKvJiVdVA99,Blue,Leather Jacket,Base Eyes,Combed Haircut,Feather Hat,Barely Angry,No Trait,Human,Aurorian
1213,188,5088,0,https://magiceden.io/item-details/6BCgGxte3CVhfjc73S2LSUiA4gQDoKNcWycDbzJbTkJ6,Base Background,Overalls,Base Eyes,No Trait,Dinobit Hat,Base Mouth,No Trait,Human,Aurorian
1222,55,3753,0,https://magiceden.io/item-details/26kmJQcFkxQQcvUCXqEftakqgpeo4K2HcWryUJEZPLpb,Base Background,Yellow Stripes,Black Eyes,Undercut,No Trait,Oni Mask,Aurory Necklace,Human,Aurorian
1233,55,2233,0,https://magiceden.io/item-details/2NVhxJ9bnd8NbtkwcoZNoW9Hm4Xa9kUTNLSeVfUHNBGf,Soft Blue,Hawaii Shirt,Base Eyes,Blond Hair Attached,No Trait,Angry,No Trait,Human,Aurorian
1261,100,3923,0,https://magiceden.io/item-details/3rqWgGCPMaJph9rBaF67vKpUQXAdBB5LNPvV6WJQ3KCP,Base Background,Polo,Heart Glasses,Blob Hair,No Trait,Grin,Aurory Necklace,Human,Aurorian
1272,222,2267,0,https://magiceden.io/item-details/kDvm4iXyN7cjGXg6RBSKka5m9hRC5d2xUXxhY4Vmrkc,Base Background,No Trait,No Trait,Curly,No Trait,Base Mouth,Solana Necklace,Solana Blob,Aurorian
1296,70,5251,0,https://solanart.io/nft/7REQcR7EsT2AmDPFhCyobW82DM73bpHCX6bwj3vPAGRo,Base Background,Pink Stripes,Base Eyes,Zero Two Hair,No Trait,Zipper Mask,Shark Necklace,Human,Aurorian
1298,120,994,0,https://alpha.art/t/Gtjm7CUBNXeFMQRczBMCaJtzBqbsZpLo8gL852ZST6Pe,Base Background,No Trait,Heart Glasses,Curly,No Trait,Grin,Flower Necklace,Solana Blob,Aurorian
1302,55,4864,0,https://magiceden.io/item-details/BjDWjZpDFeXWvrVaPQ8f1Ydq8rE871XbnCM7MDDYKmXQ,Base Background,Overalls,Base Eyes,Undercut,No Trait,Bane Mask,Shark Necklace,Human,Aurorian
1349,65,6778,0,https://magiceden.io/item-details/7uk9vhULmBbXLNbdq2TpEgxmP76oZhcn6zADEmHjZEm6,Base Background,Base Cloth,Base Eyes,No Trait,Luffy Hat,Oni Mask,Aurory Necklace,Human,Aurorian
1370,140,90,0,https://magiceden.io/item-details/3jFiHuMbBwLNKScWesk2QRxnNscFTJfcsDEqyDPA39Sg,Soft Blue,Pink Stripes,No Trait,Blond Hair Attached,No Trait,Oni Mask,Flower Necklace,Zombie,Aurorian
1404,69.42,4590,0,https://magiceden.io/item-details/3NYssjf95G7DZubBmU8oDr5tPEqpCcfnZNyfUmvt9EdU,Base Background,Base Cloth,Cat Eyes Red,Clementine Hair,Crown,Base Mouth,No Trait,Human,Aurorian
1412,58.900002,6799,0,https://solanart.io/nft/GwbYWkHR6kN5yNo4kK1eHVBkg3bo6mF4yEEmFEwqWhPd,Base Background,Classy Outfit,Heart Glasses,Undercut,No Trait,Base Mouth,Aurory Necklace,Human,Aurorian
1422,99,9439,0,https://magiceden.io/item-details/63eMNeDotDoYP4SPQnkhoEJpPNuQyumiZ6VY3bYrxWc2,Base Background,Base Cloth,Viper Shades,Shaved,No Trait,Base Mouth,Aurory Necklace,Human,Aurorian
1427,50,8708,0,https://magiceden.io/item-details/GKqH8AEDRWPS9xx2aL2KqCmPJJDbee1ep9DUGGWytFPr,Base Background,Base Cloth,Aave Glasses,Blob Hair,No Trait,Base Mouth,Aurory Necklace,Human,Aurorian
1429,450,201,0,https://alpha.art/t/EFyoruiPbLG2YdKDAd3Hrtcm7cWGbMf2yutZq86Sovvz,Gradient Blue,No Trait,No Trait,Pigtails,No Trait,Oni Mask,Solana Necklace,Solana Blob,Aurorian
1444,40,8786,49.83,https://magiceden.io/item-details/76BC2N9xz55SRTsfVcWjgDcLjCbtVqAqDMmRm7aq98j5,Base Background,Base Cloth,Aave Glasses,No Trait,No Trait,Barely Angry,Aurory Necklace,Human,Aurorian
1445,60,8995,0,https://magiceden.io/item-details/8Jpe7RJdcoyhtgF1xfJvh3nvmUvs57MsMnHb8VENP54U,Base Background,Black T-Shirt,Cat Eyes Red,No Trait,No Trait,Base Mouth,No Trait,Human,Aurorian
1474,999,72,0,https://magiceden.io/item-details/BVJCPBJidxyzpqGWubJNK216MVmMZb724ov8KTHsdNoT,Soft Blue,Unika Outfit,No Trait,No Trait,Luffy Hat,Plague Mask,Shark Necklace,Solana Blob,Aurorian
1475,69,3399,0,https://magiceden.io/item-details/7cBHVruvG1cknktsfcxG9j3xRgcANfvVdSNmLGigg3i7,Base Background,Yellow Stripes,Red Eyes,Curly,Gavroche Hat,Base Mouth,Aurory Necklace,Human,Aurorian
1479,108,9852,0,https://magiceden.io/item-details/DdS29RCrHQLYGbkLv9VT2wCyMnnztTGvDEAX6uz1Roty,Base Background,Base Cloth,Base Eyes,Green Hair,No Trait,Base Mouth,Aurory Necklace,Human,Aurorian
1495,280,38,0,https://magiceden.io/item-details/H2p4YY3nChHG3YSpERFfYPeKDMYPQc7SByYuUpBtwtcd,Base Background,Unika Outfit,No Trait,Combed Haircut,Sam Hat,Zipper Mask,Aurory Necklace,Golden Blob,Aurorian
1503,54,8007,0,https://magiceden.io/item-details/GUu4PggoRkNACvHyGZh1yeXnmhQPL9rkm24S2BiNrJ5M,Base Background,Base Cloth,Base Eyes,No Trait,Big Crown,Bane Mask,Aurory Necklace,Human,Aurorian
1517,119,6989,0,https://magiceden.io/item-details/479BJjSCHvqt8mvhVN548MbDqqhRJkYvFQMwJny57Dn8,Base Background,Base Cloth,Green Eyes,No Trait,Phantom Cap,Base Mouth,Shark Necklace,Human,Aurorian
1538,77.7,7485,0,https://magiceden.io/item-details/8WvWP1WdMWhKdbszN11VDiqE34zJkD5mL2tihRHJ3BV9,Base Background,Base Cloth,Base Eyes,Combed Haircut,No Trait,Oni Mask,Flower Necklace,Human,Aurorian
1554,199,1764,0,https://magiceden.io/item-details/BaHDaHgb4tAahjvsjiwQe82V3KK19bg52UZbfwHZoykk,Base Background,Dinobit Outfit,Base Eyes,No Trait,Beret Hat,Grin,Flower Necklace,Human,Aurorian
1592,100,6002,0,https://magiceden.io/item-details/E7atwmMvX4GY5M9W2WgcWkKrgRfyJDJwtatPGRETLPeN,Base Background,Base Cloth,Cat Eyes Red,Shaved,No Trait,Bane Mask,No Trait,Human,Aurorian
1650,100,4604,0,https://magiceden.io/item-details/3j1iA8oWwjgfbtXEA2MroBY54tHXQCjNsTkkCs3AB9Xd,Base Background,No Trait,Heart Glasses,No Trait,No Trait,Grin,Aurory Necklace,Solana Blob,Aurorian
1659,82,2813,0,https://magiceden.io/item-details/FUHnCRX2A8mCv6u121r93yRfZknWQuEsFXLeg7hGxkGD,Base Background,Unika Outfit,Base Eyes,No Trait,Beret Hat,Oni Mask,Aurory Necklace,Human,Aurorian
1681,69,9758,0,https://solanart.io/nft/8eVp2fDxZz3H9YUJ7F3Qeh4zW3t8nTRQgB9mVMZX6P4J,Base Background,Base Cloth,Aave Glasses,No Trait,No Trait,Base Mouth,Shark Necklace,Human,Aurorian
1704,59,6623,0,https://solanart.io/nft/GbJCWbxpJda2gYRQTuUzo27xEn5Kki4GepAn225RJ3DG,Soft Blue,Pink Stripes,Base Eyes,Zero Two Hair,No Trait,Base Mouth,No Trait,Human,Aurorian
1746,55,5393,0,https://magiceden.io/item-details/GiRJs1r65D2nug1bR75hzmKBWSNqwTDNHmkLzvjMQcJS,Base Background,Base Cloth,Green Eyes,No Trait,Sam Hat,Zipper Mask,Aurory Necklace,Human,Aurorian
1761,68,2731,0,https://solanart.io/nft/6KBnDUuRMVpn4eaMojN4hct4St7ZEEHx2rRA2j3YabSR,Base Background,Polo,Green,No Trait,Twitter Hat,Oni Mask,No Trait,Human,Aurorian
1767,57.5,6789,0,https://magiceden.io/item-details/6K9R58JTKPUYg8QsTR3B6gYDMTxeV8nMLPPFsxUBFVHL,Base Background,Base Cloth,Aave Glasses,Purple Dreadlocks,No Trait,Cat Mask,Aurory Necklace,Human,Aurorian
1805,59.990002,6696,0,https://solanart.io/nft/8ZHxJNGYqePiEyNHjRBUHgCks48xqD3NRk5NBaPMZeEt,Base Background,Black Hoodie,Base Eyes,Undercut,No Trait,Base Mouth,Solana Necklace,Human,Aurorian
1808,69,5848,0,https://solanart.io/nft/6dHhNG2efNqE4MQNpzFxHETPJdrDKz29aJAY9UjWDa1V,Gradient Blue,Green Sweater,Base Eyes,No Trait,No Trait,Grin,No Trait,Human,Aurorian
1832,190,576,0,https://magiceden.io/item-details/Dy5jt2gCWQucnvbVYHZQCVXMSd7Wh2SKG15fQoHsc8pL,Soft Blue,Jean Jacket,No Trait,No Trait,No Trait,Zipper Mask,Flower Necklace,Zombie,Aurorian
1834,64,1707,0,https://magiceden.io/item-details/5t8jmQUwadLXR3uvsqeWR34uDUmRgwgUmco5f3v55Zkv,Base Background,Jean Jacket,Cat Black Pupil,Blob Hair,No Trait,Angry,Aurory Necklace,Human,Aurorian
1883,90,579,0,https://magiceden.io/item-details/jjDek9iDQpNRYWRBDFavdr3FzeM4gBCHJmWvjTqVwtn,Base Background,Beetlefox Outfit,Black Eyes,Curly,No Trait,Lollipop,Solana Necklace,Human,Aurorian
1890,75,9517,0,https://solanart.io/nft/54J2BafTbz28E5yFw1ZpSa2JLQSuQEWgTFrxRhTvUn3V,Base Background,Base Cloth,Base Eyes,Combed Haircut,No Trait,Zipper Mask,No Trait,Human,Aurorian
1920,90,2516,0,https://magiceden.io/item-details/HKUohmKdHWc99H6WDyQVwoZDVizdd2sRu5RUMdkzehDi,Base Background,Shoulder Straps,Base Eyes,No Trait,Beret Hat,Bane Mask,Shark Necklace,Human,Aurorian
1923,65,1954,0,https://solanart.io/nft/5gMnjhZUdhPtK7fDNUSpg2Aj2C7R7hQUFxpGujpv3FEm,Base Background,Shoulder Straps,Spring Glasses,Curly,No Trait,Grin,Aurory Necklace,Human,Aurorian
1933,75,5128,0,https://magiceden.io/item-details/C14wNXcunb6R54SEjyY6EUt9NBjzWsTx6fcZjE6QVCvG,Base Background,Leather Jacket,Aurory Glasses,Green Hair,No Trait,Base Mouth,Aurory Necklace,Human,Aurorian
2004,90,8415,0,https://magiceden.io/item-details/E3KsjvDm5fFB3h3REeBP1h4BvSb1EtCLQtHQS6aeVrXs,Base Background,Base Cloth,Aave Glasses,No Trait,Beret Hat,Base Mouth,No Trait,Human,Aurorian
2015,99,5214,0,https://magiceden.io/item-details/CHd2ni77VYPLW6upL4Jr4PNZiZi2P3fYoqArxM34Hxqs,Soft Blue,No Trait,No Trait,No Trait,No Trait,Base Mouth,Aurory Necklace,Solana Blob,Aurorian
2022,69,9695,0,https://solanart.io/nft/3bnnVLStPaDYp79neNPwRGRy6yDLgZhd6NHimNFgh24K,Base Background,Base Cloth,Base Eyes,No Trait,Gavroche Hat,Base Mouth,Aurory Necklace,Human,Aurorian
2042,110,5322,0,https://magiceden.io/item-details/3vDzYGJpFommyAcq4YkDzTxi4DVYevmZ49y2P6LRy5dK,Base Background,Jacket,No Trait,No Trait,No Trait,Big Smile,No Trait,Solana Blob,Aurorian
2062,70,6488,0,https://magiceden.io/item-details/A1JgHf3t9yJvQtWxz7HotfWksJ5gjhSP296VwXj6TToc,Base Background,Black Hoodie,Black Eyes,Zero Two Hair,No Trait,Base Mouth,No Trait,Human,Aurorian
2080,125,4891,0,https://magiceden.io/item-details/CPm4GhBscLuUESudunmTukP9i7sS2VvV62YC3Ehwp9iV,Base Background,No Trait,No Trait,Combed Haircut,No Trait,Base Mouth,No Trait,Solana Blob,Aurorian
2099,130,2729,0,https://magiceden.io/item-details/412dJDC6jmUJkB3ZcfhsF7mTEAYcdqFg4UfrRewjbaUd,Base Background,Dracurve Outfit,Green,Brown Dreadlocks,No Trait,Base Mouth,Aurory Necklace,Human,Aurorian
2222,59,9182,0,https://magiceden.io/item-details/H26dJhdvDYiDn4ekf4qc1J2rcA95xdCxWfNkEcsV6Y2Q,Base Background,Puffy Jacket,Steampunk Glasses,No Trait,No Trait,Base Mouth,No Trait,Human,Aurorian
2222,59,9182,0,https://solanart.io/nft/H26dJhdvDYiDn4ekf4qc1J2rcA95xdCxWfNkEcsV6Y2Q,Base Background,Puffy Jacket,Steampunk Glasses,No Trait,No Trait,Base Mouth,No Trait,Human,Aurorian
2248,99,784,0,https://magiceden.io/item-details/DWNWBQYeKexCCqh2oxyWC9dJjHkMm5SNXPBbEXh3RWNX,Lagoon,Dracurve Outfit,Cat Green Pupil,No Trait,No Trait,Cat Mask,No Trait,Human,Aurorian
2335,41.990002,9700,26.28,https://solanart.io/nft/EDGLcMFY3QPxpMMR5ev9nDXYYkCoPA466JXUBjva2ZR8,Base Background,Black Hoodie,Base Eyes,No Trait,No Trait,Base Mouth,Shark Necklace,Human,Aurorian
2390,69,6390,0,https://solanart.io/nft/DsyNp5eWHEXbDibvYSpWDV3MLjTvqDFe6Lg6JXfGHWrK,Base Background,Jean Jacket,Base Eyes,No Trait,Crown,Base Mouth,Flower Necklace,Human,Aurorian
2406,269,1467,0,https://magiceden.io/item-details/G3a9hMj1j4htJpDVH86vMffVPzv4iwCy63vD2tqLNM3F,Base Background,Overalls,No Trait,No Trait,Sam Hat,Zipper Mask,No Trait,Solana Blob,Aurorian
2439,168,580,0,https://magiceden.io/item-details/B3DqxHnpQ3LeuHpcyqMhtZ3nLBbKd9PUyWAKgrTs5tfD,Base Background,No Trait,No Trait,No Trait,Witch Hat,Steampunk Mask,Shark Necklace,Solana Blob,Aurorian
2440,69,299,0,https://magiceden.io/item-details/CGFYse2kEfSUWMeEiQ4SgBhyjMeoLTogzAg85EJTUGi4,Soft Blue,Puffy Jacket,Blue Skull Glasses,Combed Haircut,Beret Hat,Angry,Aurory Necklace,Human,Aurorian
2448,50,5086,0,https://magiceden.io/item-details/A5mXxLpLS5LGdLe1mtcqYbqSYPVSwWGnRMZKnzQLXVJ4,Base Background,Base Cloth,Green,No Trait,Big Crown,Paint Mask,Aurory Necklace,Human,Aurorian
2468,420.69,181,0,https://magiceden.io/item-details/CSqt1cWHt1QqCuaVxjkF4Wx4qC1e5f2qTZLu4PQgWmNb,Base Background,Open Jacket,No Trait,Blob Hair,No Trait,Base Mouth,Shark Necklace,Zombie,Aurorian
2497,42.42,2532,50.67,https://magiceden.io/item-details/3EoFekpjTU2SuCFuceVpWrc1iCkWUYnMQz4x7AaxPmbX,Base Background,Puffy Jacket,Steampunk Glasses,Combed Haircut,Phantom Cap,Base Mouth,Aurory Necklace,Human,Aurorian
2511,55,2894,0,https://magiceden.io/item-details/63Vgyz4dmYzU8yTia3ucSkS7gwAQDzbBmdxeTfJaZv7,Gradient Blue,Base Cloth,Base Eyes,White Hair,No Trait,Barely Angry,Flower Necklace,Human,Aurorian
2521,60,8379,0,https://magiceden.io/item-details/A4ULrqcKtDoC4zPdfNXzcyo5aB6sK6hz1mS75iXdLBGJ,Base Background,Classy Outfit,Base Eyes,No Trait,Crown,Base Mouth,No Trait,Human,Aurorian
2560,69,5206,0,https://solanart.io/nft/2Cevj8fVj7vP4RLnfSqeExHS4khKeouQAswr7yDB6h9x,Soft Blue,Base Cloth,Black Eyes,No Trait,No Trait,Plague Mask,Solana Necklace,Human,Aurorian
2679,200,5190,0,https://magiceden.io/item-details/Cn2gBCeGgoutSko4BxsgUK4pCimA2AU6woCMgUYESTvD,Base Background,Yellow Stripes,Base Eyes,Long Blob Hair,No Trait,Big Smile,No Trait,Human,Aurorian
2763,57,7284,0,https://magiceden.io/item-details/9MbvSfEDXnFEpCgn3QyryN8kaC7ouyHaVPQF3JriotBW,Base Background,Base Cloth,Black Eyes,Zero Two Hair,No Trait,Base Mouth,Flower Necklace,Human,Aurorian
2779,75,5479,0,https://magiceden.io/item-details/9wmQjofuRnT67HTwj3uEzyKwmaijyCV92oDAmBuNTPeT,Base Background,Base Cloth,Base Eyes,Curly,Witch Hat,Cat Mask,Aurory Necklace,Human,Aurorian
2779,75,5479,0,https://solanart.io/nft/9wmQjofuRnT67HTwj3uEzyKwmaijyCV92oDAmBuNTPeT,Base Background,Base Cloth,Base Eyes,Curly,Witch Hat,Cat Mask,Aurory Necklace,Human,Aurorian
2782,250,6481,0,https://magiceden.io/item-details/6gRNMmGFMVR6K4Y27aCopWwMpKoy52dcYQ1QRQWXrQDd,Base Background,Pink Stripes,Viper Shades,No Trait,Crown,Base Mouth,No Trait,Human,Aurorian
2847,69,3144,0,https://solanart.io/nft/EbSAGtDaqjUnKAihJ1oDHH3m5yamdemfGHHNQKuxwxce,Base Background,Black Hoodie,Base Eyes,No Trait,Twitter Hat,Bane Mask,Flower Necklace,Human,Aurorian
2853,98,4148,0,https://magiceden.io/item-details/943xE9n9UHeDu4UqoY32ZixeMcevA7RpbsGd2d7sc932,Base Background,Dracurve Outfit,Black Eyes,No Trait,No Trait,Grin,Aurory Necklace,Human,Aurorian
2862,149,2687,0,https://magiceden.io/item-details/5PFGj7x9uN3kLh2ueGe6nbdeBW2zE2RMwBspNjPKqTdM,Soft Blue,Dracurve Outfit,Blue Skull Glasses,No Trait,No Trait,Base Mouth,Shark Necklace,Human,Aurorian
2888,200,9583,0,https://magiceden.io/item-details/39WEafUJtNYKinmbmtgNkty2LiR3gknsFeheLHm8du13,Base Background,Base Cloth,Base Eyes,Long Blob Hair,No Trait,Base Mouth,No Trait,Human,Aurorian
2907,125,1349,0,https://magiceden.io/item-details/9YJtcZv774eD1fZTbatBUiUx6NjTThsvbvixFXoLWKJv,Base Background,Black T-Shirt,Green,Combed Haircut,Beret Hat,Plague Mask,No Trait,Human,Aurorian
2965,84.99,2517,0,https://magiceden.io/item-details/57XXXpDcaAgmXGGFRjs4MCsJzwkr3ZEr1qSMcnzht1am,Base Background,No Trait,No Trait,Combed Haircut,No Trait,Big Smile,Aurory Necklace,Solana Blob,Aurorian
2976,68,3991,0,https://solanart.io/nft/21yiZGR5vDCHkT5JvDGqFR7peNdHqk8j9ey2k5XZX4Sw,Soft Blue,Black Hoodie,Red Eyes,No Trait,Cute headphone,Base Mouth,Aurory Necklace,Human,Aurorian
2989,150,6484,0,https://magiceden.io/item-details/DBeGxM5Gq6WEpuBCMH1fdB8yMtLoYWh33ZrswSWzFsvg,Base Background,Base Cloth,Black Eyes,No Trait,Beret Hat,Cat Mask,No Trait,Human,Aurorian
3037,45.99,7264,0,https://magiceden.io/item-details/8Z9hejqsdR4MxgodGFXCLfx9BaPv3iPYmd6oRjZvbDn8,Base Background,Classy Outfit,Base Eyes,Curly,No Trait,Big Smile,No Trait,Human,Aurorian
3081,239,208,0,https://magiceden.io/item-details/246WbgyjRyGbprFNj5r8ptpkh34qR3bFU9pNziwWNfRx,Base Background,Jean Jacket,No Trait,Curly,No Trait,Oni Mask,Flower Necklace,Golden Blob,Aurorian
3151,300,9978,0,https://magiceden.io/item-details/6udQNee5V6rUT66e7eUrZgyzvAn3HuTEkD2DAaMs6CdR,Base Background,Base Cloth,Base Eyes,No Trait,No Trait,Cat Mask,No Trait,Human,Aurorian
3167,50,9082,0,https://magiceden.io/item-details/Fh25Wbghq2DukKTQVkEjwibYwrH9xaxQau3rpngHXZ1R,Base Background,Classy Outfit,Base Eyes,Shaved,No Trait,Base Mouth,No Trait,Human,Aurorian
3172,52.8,5866,0,https://magiceden.io/item-details/AUhx7MyTGh1HxGDgv4H2scwhrPUiLSnnxiGtxNQqcBag,Soft Blue,Base Cloth,Green,No Trait,Gavroche Hat,Base Mouth,Aurory Necklace,Human,Aurorian
3175,49.9,6870,0,https://magiceden.io/item-details/Apbz7wPcE3NKG24ZiGSFCqDAjGNvTyQMbRc5t4iHAfxm,Base Background,Jacket,Green,Green Hair,No Trait,Base Mouth,No Trait,Human,Aurorian
3176,175,329,0,https://magiceden.io/item-details/6mZ86JQ9uSowstxd3VWF3a8ZC15d7rRm29MPbga8nPN2,Base Background,Black T-Shirt,No Trait,Undercut,No Trait,Zipper Mask,Solana Necklace,Zombie,Aurorian
3230,75,3239,0,https://solanart.io/nft/6rGUGv68wKGHwB8MygiMkXCjkoYUGHUM19otjRDBk8t5,Soft Blue,Base Cloth,Steampunk Glasses,Shaved,No Trait,Cat Mask,Shark Necklace,Human,Aurorian
3253,45,6275,9.88,https://magiceden.io/item-details/CFwfatMRBXkLqbUhSh6ACeimL7VjkaD9dmjPzFmX4iji,Base Background,Leather Jacket,Aave Glasses,Zero Two Hair,No Trait,Base Mouth,Aurory Necklace,Human,Aurorian
3305,57,6550,0,https://solanart.io/nft/5ymrfoENgYf63Fhqu4ymnxzA4K5GCSbDjMZAHJwpB8Pj,Base Background,Jean Jacket,Red Eyes,No Trait,Raccoon Hat,Base Mouth,No Trait,Human,Aurorian
3352,69,7444,0,https://magiceden.io/item-details/3McAY5rTTM4kQEFDH8G3vgLiLNw6N9cYBHSkVoEcw7rx,Base Background,Base Cloth,Heart Glasses,Undercut,No Trait,Grin,No Trait,Human,Aurorian
3362,46,6907,0,https://solanart.io/nft/D2xB9hBd21PEFgGKU7wDWM3ATiURwmYjyeTHzAQJcJEt,Soft Blue,Base Cloth,Steampunk Glasses,No Trait,No Trait,Bane Mask,Aurory Necklace,Human,Aurorian
3385,80,2716,0,https://magiceden.io/item-details/EYf4P4bq7v5cVG8FayZhpSJZSmT4F1uWpVgGN6EGbW33,Base Background,Puffy Jacket,Blue Skull Glasses,Long Blob Hair,No Trait,Grin,No Trait,Human,Aurorian
3448,69,1365,0,https://magiceden.io/item-details/rrN5NXk1r1mnauygmWnLoHGT329FF56Hhivy5iFYrDM,Gradient Blue,Black Hoodie,Red Eyes,Curly,Phantom Cap,Base Mouth,No Trait,Human,Aurorian
3451,49.8,9879,0,https://magiceden.io/item-details/Ge1cchUhaaRdkgy9Hy1h3pxNXSCLQabwF9EM6k7aJny2,Base Background,Base Cloth,Steampunk Glasses,No Trait,No Trait,Base Mouth,Aurory Necklace,Human,Aurorian
3470,199,3470,0,https://magiceden.io/item-details/6mKVQ715FTyq48T74h5EDgFCuMbwGQKqJZVmXsYaK3wS,Base Background,Dracurve Outfit,Green,No Trait,No Trait,Lollipop,No Trait,Human,Aurorian
3476,176,4356,0,https://magiceden.io/item-details/Bt6AKmvF2y23Wg82hg3qp4h8RW4JM3fCPnyQ8n79iuh2,Base Background,Black Hoodie,Base Eyes,Undercut,No Trait,Plague Mask,Solana Necklace,Human,Aurorian
3525,600,2275,0,https://magiceden.io/item-details/GyJQUpSuB36woyRpEERcBkd27nvjiiKcDBaS8Rc2YKJV,Base Background,No Trait,No Trait,No Trait,No Trait,Oni Mask,No Trait,Zombie,Aurorian
3530,600,264,0,https://magiceden.io/item-details/C87aJWAKfRxR79vGNDoWYdDXbhthDota3y5EHmtnjdz9,Soft Blue,Open Leather Jacket,No Trait,No Trait,Gavroche Hat,Base Mouth,Aurory Necklace,Solana Blob,Aurorian
3543,60,3972,0,https://magiceden.io/item-details/FxkyihxVo7cpbuRrYWAmiu6bLrnfc3P4gxeJASSv3DpL,Base Background,Base Cloth,Red Eyes,No Trait,Crown,Steampunk Mask,Flower Necklace,Human,Aurorian
3549,101,6775,0,https://magiceden.io/item-details/9Ls9ngYu2xV2dPdaRjUPywvmcVVqFRf3zwq27LGkffJb,Base Background,Polo,Blue Skull Glasses,Undercut,No Trait,Base Mouth,No Trait,Human,Aurorian
3585,200,7696,0,https://magiceden.io/item-details/AtRTqzDWdYDN5YAtsdKpytgS2NjGSUcEauhemnWGbJGS,Base Background,Base Cloth,Heart Glasses,Green Hair,No Trait,Base Mouth,Flower Necklace,Human,Aurorian
3596,85,7755,0,https://magiceden.io/item-details/7VbGCsXTb6CFFFZYS2pnJaZoXiTh6b7KPf4H2W7QncaL,Soft Blue,Base Cloth,Viper Shades,Shaved,No Trait,Base Mouth,Aurory Necklace,Human,Aurorian
3617,54.5,3246,0,https://magiceden.io/item-details/2NLMJ8zdJR1fQeSK4yKGzhFCe9FFk3ih3pU5qtMwj2rn,Base Background,Green Sweater,Green,Playmobil,No Trait,Grin,No Trait,Human,Aurorian
3658,42.65,7276,29.38,https://magiceden.io/item-details/DRrS75hVaErY9zXLNdXjTXSyRBWWBFPbXFVLVByNZeQs,Base Background,Jean Jacket,Base Eyes,Curly,No Trait,Cat Mask,Aurory Necklace,Human,Aurorian
3679,69,6908,0,https://solanart.io/nft/AhmHRJwg1UGLZqN1zmQh2ft6YBrnh1tT1MTqYe69Dr1q,Base Background,Jacket,Black Eyes,Combed Haircut,No Trait,Base Mouth,Aurory Necklace,Human,Aurorian
3698,360,317,0,https://magiceden.io/item-details/G9mKcVWttPYJjJxnwiG5xEMx1Joybvez38MZPLKJ9xzT,Base Background,No Trait,No Trait,Purple Dreadlocks,No Trait,Barely Angry,Aurory Necklace,Golden Blob,Aurorian
3728,155,2504,0,https://magiceden.io/item-details/47FxfsXXxCGUv8JUf6dpz7BrZpXUQxWYSR6RPJX6rFdN,Base Background,No Trait,No Trait,No Trait,No Trait,Steampunk Mask,Flower Necklace,Solana Blob,Aurorian
3758,199,2881,0,https://magiceden.io/item-details/5aqn7AsTwRFf1o8uVGpjDr4BfDrmTeRp747Bxp8v8Aa4,Base Background,Axobubble Outfit,Base Eyes,Undercut,No Trait,Grin,Shark Necklace,Human,Aurorian
3779,51,4905,0,https://solanart.io/nft/32hDcgBmbyyJd8QfVJw7Jjy1cvapksESewihEJBG74MK,Soft Blue,Base Cloth,Base Eyes,No Trait,Doughnut Hat,Angry,Aurory Necklace,Human,Aurorian
3814,65,1911,0,https://solanart.io/nft/Ducg3F2uDAafT6gEnkbqE7UjjyVjAYAY6BzBNGfvSMaS,Gradient Blue,Black T-Shirt,Green,Green Hair,No Trait,Zipper Mask,Aurory Necklace,Human,Aurorian
3844,72,8245,0,https://solanart.io/nft/4CkW6hfAuxw4eCEuTmPdK8msVQB56LCn6bwd61GsYf4f,Base Background,Base Cloth,Blue Skull Glasses,No Trait,No Trait,Plague Mask,Flower Necklace,Human,Aurorian
3859,120,4081,0,https://magiceden.io/item-details/5G5FvmAez6yLnQ9zvVQPS7KQeJKCHbkUnxSqxEzjSwDi,Base Background,Base Cloth,Cat Eyes Black,Pigtails,No Trait,Grin,Shark Necklace,Human,Aurorian
3875,79,1271,0,https://magiceden.io/item-details/EwqvRysH4vNQHs5Lot5XXC1EKrpqRAkzHGQBrRDTWKqL,Base Background,Leather Jacket,Green,Curly,Cute headphone,Cat Mask,Aurory Necklace,Human,Aurorian
3925,140,4136,0,https://magiceden.io/item-details/6Kece6JLLcAcAVmfGibMEwDZPMKACoaMZjJeK9Z8sYiF,Base Background,No Trait,No Trait,Purple Dreadlocks,No Trait,Base Mouth,No Trait,Solana Blob,Aurorian
3964,86,8179,0,https://magiceden.io/item-details/DUK3n5ju8MjmmegAfJ4hYeTAA4nxYRCY5S9J5FZonVnX,Base Background,Pink Stripes,Base Eyes,No Trait,No Trait,Cat Mask,Flower Necklace,Human,Aurorian
3970,60,8520,0,https://solanart.io/nft/6oFx3uRA4UsikffiX8ZX8nr4ddS3YvH81EdLmn8BiMgB,Base Background,Overalls,Base Eyes,Purple Dreadlocks,No Trait,Base Mouth,Aurory Necklace,Human,Aurorian
3987,99,1766,0,https://magiceden.io/item-details/38vzqUB5jUHhVmCzgnbqdH3zLqf9LW5tvwzbNNAic459,Base Background,Puffy Jacket,Cat Green Pupil,No Trait,Witch Hat,Paint Mask,No Trait,Human,Aurorian
4028,70,2785,0,https://solanart.io/nft/F7bPutXsZhjKGPatkM9sUjPZ2hZBFbBrRQMzbnM6XVtg,Base Background,Overalls,Viper Shades,No Trait,Jotaro Cap,Zipper Mask,Aurory Necklace,Human,Aurorian
4089,136,3429,0,https://magiceden.io/item-details/BPLsJi86o7ofz7kfke61PuyVwyP8iYWhHqbA88XqLcvE,Base Background,Dipking Outfit,Viper Shades,Brown Dreadlocks,No Trait,Base Mouth,Aurory Necklace,Human,Aurorian
4104,50,3273,0,https://magiceden.io/item-details/2r6sfKvCXBgb3RKq53D2nsmfEHDYw2s37YJD6XHnrWfH,Base Background,Classy Outfit,Cat Black Pupil,Purple Dreadlocks,No Trait,Base Mouth,Shark Necklace,Human,Aurorian
4136,75,1466,0,https://magiceden.io/item-details/6QLv4RZoXmtMBQ6yRAVhFnb9gnFaZmAVdPKVmKRyZCma,Base Background,Puffy Jacket,Heart Glasses,No Trait,Beret Hat,Barely Angry,Shark Necklace,Human,Aurorian
4148,42.5,7147,31.39,https://magiceden.io/item-details/J6M9DwAAffeodzCmvadho4rDMGirb2QKQwUcM8vdjhY2,Base Background,Base Cloth,Green,Blond Hair Attached,No Trait,Zipper Mask,Aurory Necklace,Human,Aurorian
4156,73,5768,0,https://solanart.io/nft/4fNWK1JQM9hGzNUpsZbtFjTuXQLbXuGtVUACGEhaL2jL,Base Background,Overalls,No Trait,No Trait,No Trait,Base Mouth,Flower Necklace,Solana Blob,Aurorian
4185,75,656,0,https://magiceden.io/item-details/66J2AimYHA3Ytz6MrFc1Gkny3V19dBZVYXKo61Z8HsE,Base Background,Puffy Jacket,No Trait,No Trait,Crown,Plague Mask,Solana Necklace,Solana Blob,Aurorian
4210,100,8570,0,https://magiceden.io/item-details/9xdCXRoeSYm57mBe1bCgecoELBhw8W8hZneTDFmDqrbV,Base Background,Shoulder Straps,Base Eyes,No Trait,No Trait,Plague Mask,No Trait,Human,Aurorian
4230,75,2872,0,https://solanart.io/nft/AdyfgPwvso6TVuaHgwiAHHr3bcHEZLyn71ST8x1JUYue,Base Background,Helios Outfit,Blue Skull Glasses,No Trait,Feather Hat,Base Mouth,No Trait,Human,Aurorian
4264,65,9485,0,https://solanart.io/nft/BHnJKd4CC9R1XrPB7dAFeABawGs39wFj7Yp8zZhYMn2A,Base Background,Jacket,Base Eyes,No Trait,No Trait,Zipper Mask,Aurory Necklace,Human,Aurorian
4288,63,4122,0,https://solanart.io/nft/kHdcUMj3joCA8LsH7CvGphx93Wpn9R1ZnDUu5GuiXmB,Lagoon,Base Cloth,Base Eyes,No Trait,Gavroche Hat,Plague Mask,No Trait,Human,Aurorian
4293,97,247,0,https://magiceden.io/item-details/FnfUDF258qedg1G8PkdM4twj8PGGUL2MfsoQYbh7NjnF,Blue,Black Hoodie,Cat Black Pupil,Blob Hair,No Trait,Cat Mask,Shark Necklace,Human,Aurorian
4303,52,1183,0,https://magiceden.io/item-details/5PDi8RU2RyAfRnK7QUbtYmZ7nDMRzGtzt8q6F6ZmQiUC,Blue,Base Cloth,Cat Eyes Black,Pigtails,No Trait,Oni Mask,No Trait,Human,Aurorian
4351,58,7121,0,https://magiceden.io/item-details/2B7ZdXtcPVsrtyUD22dDZv9yS53dxVpq92An5zT8UVjj,Base Background,Polo,Base Eyes,Combed Haircut,No Trait,Big Smile,Aurory Necklace,Human,Aurorian
4378,90,5203,0,https://magiceden.io/item-details/C56JH8qsNbySkgr3F95fWDdm1Fe1kRAtVgYvdbBJ5397,Base Background,Overalls,Cat Black Pupil,Shaved,No Trait,Base Mouth,Aurory Necklace,Human,Aurorian
4380,69.69,1684,0,https://magiceden.io/item-details/GLQyw8T7cD3fgbVdq7XGLaird4wSq4U3nGJUb4yw1itA,Gradient Blue,Beetlefox Outfit,Base Eyes,Blond Hair Attached,No Trait,Zipper Mask,Aurory Necklace,Human,Aurorian
4420,99.5,4574,0,https://magiceden.io/item-details/5orNeqw2FRQgdsewFjBaKAkAGihWpmao3SN9UoDVSGbg,Base Background,Beetlefox Outfit,Base Eyes,Undercut,No Trait,Base Mouth,Flower Necklace,Human,Aurorian
4434,109.99,1722,0,https://magiceden.io/item-details/BFxEJZFU2M56VK7sLD9Da3v34ezdPxoPUEJGGv48XnDu,Base Background,Leather Jacket,Heart Glasses,Purple Dreadlocks,No Trait,Barely Angry,Shark Necklace,Human,Aurorian
4441,65,6951,0,https://solanart.io/nft/J1XCtSGFA3enGm3r8gzYpRrZMNUqWtfwLRdwwJGpawUy,Base Background,Yellow Stripes,Base Eyes,No Trait,Moogle,Base Mouth,Aurory Necklace,Human,Aurorian
4486,58.400002,3601,0,https://solanart.io/nft/8UXHVbRHQz13ZpHa4S1znB127CiW5QcWuCvym4YrR2b9,Base Background,Black Hoodie,Green,Green Hair,No Trait,Lollipop,Aurory Necklace,Human,Aurorian
4591,60,8469,0,https://magiceden.io/item-details/3Y542m8FMdMNYcfGwnPkognFbeNDBKqfMiw1uWKmhggv,Soft Blue,Base Cloth,Base Eyes,No Trait,Twitter Hat,Base Mouth,No Trait,Human,Aurorian
4607,89,8999,0,https://magiceden.io/item-details/5pdYjV6KvSQuqqijLiKNVLGQuipPCvjR1vMEgYYBwAgn,Base Background,Pink Stripes,Base Eyes,Undercut,No Trait,Base Mouth,No Trait,Human,Aurorian
4745,95,5019,0,https://magiceden.io/item-details/6DJGPqEAdGw1nvxPDNPgkcWi8xfUp7TKFdY1edrST2Mz,Base Background,Classy Outfit,Steampunk Glasses,No Trait,No Trait,Lollipop,Shark Necklace,Human,Aurorian
4788,61,3111,0,https://solanart.io/nft/2FB2CDwADRLbnvJsZ8oeNM4BfNZaeAoMH7BdcoyFR2gE,Blue,Base Cloth,Cat Eyes Black,Shaved,No Trait,Base Mouth,Aurory Necklace,Human,Aurorian
4797,72,7612,0,https://magiceden.io/item-details/3nzENhfV3n6hmfxJszihtBri71Uj5ZsFu6Z1Lwyc1rga,Base Background,Polo,Base Eyes,Long Blob Hair,No Trait,Base Mouth,No Trait,Human,Aurorian
4797,72,7612,0,https://solanart.io/nft/3nzENhfV3n6hmfxJszihtBri71Uj5ZsFu6Z1Lwyc1rga,Base Background,Polo,Base Eyes,Long Blob Hair,No Trait,Base Mouth,No Trait,Human,Aurorian
4809,155,3441,0,https://magiceden.io/item-details/9uraCPjbHRX7wNbMbRkoaCJ3vp5tpgvQg6X755c5iLre,Base Background,Base Cloth,Cat Eyes Red,No Trait,Zzoo Hat,Base Mouth,Shark Necklace,Human,Aurorian
4811,88,1566,0,https://magiceden.io/item-details/9U8Pf5G8b6j3icASBAg8K6iQLPDNrw8Q5DGeT5gcHaAN,Soft Blue,Pink Stripes,Viper Shades,No Trait,Dragon Hat,Base Mouth,Shark Necklace,Human,Aurorian
4820,63,5443,0,https://magiceden.io/item-details/DrzXj5o3SqrEbJbSgerrqqwmiYzS23gtxr2MVBNtqbXp,Base Background,Puffy Jacket,Base Eyes,Pigtails,No Trait,Grin,Shark Necklace,Human,Aurorian
4833,110,3458,0,https://magiceden.io/item-details/4bcpH3Dv9Zq9YSPxfkPwXYwhstPApwV7pQxh8EHStSj4,Base Background,Zzoo Outfit,Base Eyes,Zero Two Hair,No Trait,Grin,No Trait,Human,Aurorian
4848,98.9,382,0,https://magiceden.io/item-details/9EsqpQhZzB4us2DaywaEFV6jZGqWWtDb1eGodx6Kaf1P,Soft Blue,No Trait,Aave Glasses,No Trait,Crown,Bane Mask,Aurory Necklace,Solana Blob,Aurorian
4979,53.6,9686,0,https://magiceden.io/item-details/AYrMz8M3Whq9vYAULa3CwQjhhM8t8MYqJW5ZCSKYxLmV,Base Background,Classic Jacket,Base Eyes,No Trait,No Trait,Base Mouth,No Trait,Human,Aurorian
5001,78,9176,0,https://magiceden.io/item-details/a68hDWuvyD2nf3Cp5qFq5Uzvf1CYLeqD9jqdLvkrSYo,Base Background,Axobubble Outfit,Base Eyes,No Trait,No Trait,Base Mouth,Aurory Necklace,Human,Aurorian
5043,285,1493,0,https://magiceden.io/item-details/6y9WJuQ38cMtonq4XfVjnho3zcEsSHfhATNyEZNikXZu,Base Background,Leather Jacket,No Trait,Pigtails,No Trait,Base Mouth,No Trait,Golden Blob,Aurorian
5074,43,2292,45.83,https://magiceden.io/item-details/BLL6cgxSTRNwqJXPUNi1DKnxNma5yAgaNRmbDXjWDZ6c,Gradient Blue,Base Cloth,Black Eyes,Blond Hair Attached,No Trait,Plague Mask,Flower Necklace,Human,Aurorian
5095,79,3025,0,https://magiceden.io/item-details/6becyEG9ncQj88kKFqUrQz5x4z6RRNtrX2pGLMAqRrjf,Soft Blue,Pink Stripes,Viper Shades,Green Hair,No Trait,Base Mouth,Flower Necklace,Human,Aurorian
5109,65,4665,0,https://magiceden.io/item-details/BW6Tsqwn6iNGNt6U2irSbPcnLxjph1qyxdBBRFwGtHGc,Base Background,Base Cloth,Base Eyes,Curly,Luffy Hat,Zipper Mask,No Trait,Human,Aurorian
5117,72,4300,0,https://magiceden.io/item-details/7oqftN5uFS9vYQC8VqHE6BCfBve2xfmLkqRueYbYngRn,Base Background,Jacket,No Trait,Blond Hair Attached,No Trait,Base Mouth,Aurory Necklace,Solana Blob,Aurorian
5123,85,5724,0,https://magiceden.io/item-details/DRutRma2xNCTNofNhvhqvTUyMesRjrRjiNPx97hQwLr,Base Background,Bitebit Outfit,Base Eyes,White Hair,No Trait,Base Mouth,Aurory Necklace,Human,Aurorian
5131,298,448,0,https://magiceden.io/item-details/5wEtFXYTgvksLYEmMKVTTyDcJzFVykHYWTrYjQajJ7pm,Base Background,Yellow Stripes,No Trait,No Trait,Twitter Hat,Oni Mask,Aurory Necklace,Zombie,Aurorian
5138,59,2787,0,https://magiceden.io/item-details/DBswMLYcBZnLEJtCwgd7VoXotWqyoPJXSj9f6dJvowrv,Base Background,Pink Stripes,Green,Playmobil,Crown,Base Mouth,Aurory Necklace,Human,Aurorian
5156,100,4696,0,https://magiceden.io/item-details/5hSdpog1hUoL1K6t22Q6BDB4DY37Qg3hBEtmQAVuZgK3,Base Background,Pink Stripes,Base Eyes,Clementine Hair,Beret Hat,Base Mouth,Aurory Necklace,Human,Aurorian
5168,43,4034,38.85,https://magiceden.io/item-details/Fu3wy1gXLmcK4qDwwVn5cx54S9WNr3uqpiYuAvQtRRyE,Soft Blue,Base Cloth,Aave Glasses,Brown Dreadlocks,No Trait,Grin,Aurory Necklace,Human,Aurorian
5181,113,890,0,https://magiceden.io/item-details/9XNy4qxXS27dXSdobbAsJvMfgo4FfFfhAB8CFaUZrLay,Base Background,Dracurve Outfit,Black Eyes,Playmobil,Raccoon Hat,Base Mouth,Aurory Necklace,Human,Aurorian
5206,55,5381,0,https://magiceden.io/item-details/J9vKhb45g5HWzpvHqrW5LoFAvK2JsxwGoBH8huns4Fj3,Base Background,Green Sweater,Heart Glasses,Shaved,No Trait,Base Mouth,No Trait,Human,Aurorian
5209,59.990002,4538,0,https://solanart.io/nft/6s847zpScGWn5cmKqDg5Bbf3P7JFotWTdo4hS1AA5nnc,Soft Blue,Puffy Jacket,Base Eyes,No Trait,Luffy Hat,Base Mouth,No Trait,Human,Aurorian
5222,120,2310,0,https://magiceden.io/item-details/BVpns77CZa58T7FENPgZsFRJ2dJxXXr5TyXiKccUVHFa,Blue,Classy Outfit,Base Eyes,No Trait,Jotaro Cap,Base Mouth,No Trait,Human,Aurorian
5227,59.79,5509,0,https://magiceden.io/item-details/Dftfm756R8RduS24bZ8ZJQYYEL5AisHLhL386YDZEPNq,Base Background,Black T-Shirt,Red Eyes,Combed Haircut,No Trait,Cat Mask,Aurory Necklace,Human,Aurorian
5270,144.44,817,0,https://magiceden.io/item-details/ETjQ6w83ffsSF4udaArdiUk2fUMJuMAPDtA9DaDoL5mn,Gradient Blue,Beetlefox Outfit,Base Eyes,No Trait,Crown,Steampunk Mask,Aurory Necklace,Human,Aurorian
5276,72,3526,0,https://solanart.io/nft/E3myS1qvmRHzKKvnNhj6j6kEg1dkWZ6Qw6KagXnLg4gJ,Base Background,Shoulder Straps,Green,No Trait,Sam Hat,Base Mouth,No Trait,Human,Aurorian
5293,51,8287,0,https://magiceden.io/item-details/67fsTGCWgHngTnsBHajqatbADafWgVcZskX4McqKEyrg,Base Background,Base Cloth,Black Eyes,No Trait,No Trait,Grin,Flower Necklace,Human,Aurorian
5313,250,100,0,https://magiceden.io/item-details/EBmwELekox5AdtDzAvFHdHtzpGPL7myNjkM29jEZErpg,Soft Blue,Puffy Jacket,Aave Glasses,Brown Dreadlocks,No Trait,Barely Angry,Solana Necklace,Solana Blob,Aurorian
5357,72.5,8500,0,https://solanart.io/nft/4csZYXMuC98eYQFxFcScY8BH58JZzfCvNsXx5wVbvtwa,Soft Blue,Base Cloth,Base Eyes,White Hair,No Trait,Base Mouth,Aurory Necklace,Human,Aurorian
5381,54.99,2185,0,https://magiceden.io/item-details/HB2Ky1MrYcfafcvrth6YTAStQDanF6RaiSfF4QE7uzBx,Soft Blue,Polo,Black Eyes,Shaved,No Trait,Plague Mask,Aurory Necklace,Human,Aurorian
5437,200,3543,0,https://magiceden.io/item-details/BZSH4tXrGS8jPmBHfSqgM9yYHYTiAQTwK9CxR867VTsT,Base Background,Green Sweater,Black Eyes,Long Blob Hair,No Trait,Base Mouth,No Trait,Human,Aurorian
5449,46.69,7146,0,https://magiceden.io/item-details/FotRhfEg8R87A6vD5W6VW4aXh6Aup3xDtCt1s2hrDSPf,Base Background,Base Cloth,Green,Blond Hair Attached,No Trait,Zipper Mask,Aurory Necklace,Human,Aurorian
5478,77.25,1319,0,https://solanart.io/nft/6EeF6sKEQcL2pH7a4QxDtRwjZQJkc8cfG6KKD41ac72R,Base Background,Black Hoodie,Aave Glasses,No Trait,Phantom Cap,Plague Mask,No Trait,Solana Blob,Aurorian
5515,70,8848,0,https://solanart.io/nft/G78HpRWWQsFLJHeV4TM1x7FkhJk7tXwyV9y229hG8kbc,Base Background,Base Cloth,Green Eyes,Zero Two Hair,No Trait,Base Mouth,No Trait,Human,Aurorian
5522,900,55,0,https://magiceden.io/item-details/95wFsCZVph51UnaxqPeFow9btHGRkpT1qz5CYXdb3P9v,Base Background,Puffy Jacket,No Trait,Blond Hair Attached,No Trait,No Trait,No Trait,Skeleton,Aurorian
5536,56.5,5587,0,https://magiceden.io/item-details/Bg8bFd7Y6eonPXpjc9QoMkTMpwcqot2wZNweNVSHpLQT,Base Background,Base Cloth,Black Eyes,Combed Haircut,Big Crown,Base Mouth,Aurory Necklace,Human,Aurorian
5581,61,3073,0,https://solanart.io/nft/DfeXh7ZNjxYwueVcu94VpsHqZoS5LF9YGB792QMjXEvm,Base Background,Pink Stripes,Red Eyes,No Trait,Feather Hat,Paint Mask,No Trait,Human,Aurorian
5604,60,2183,0,https://magiceden.io/item-details/FedKnUw9EUXmmmyPsHLh1FD1ManKXU2oMbxT3aT4Neoc,Soft Blue,Black Hoodie,Base Eyes,Blond Hair Attached,No Trait,Paint Mask,Shark Necklace,Human,Aurorian
5647,44.990002,6825,7.78,https://solanart.io/nft/F1wDxAVSjLDLRdLGZ1kkMtGZKVkb96b2wTPedpkjQAZq,Base Background,Jean Jacket,Base Eyes,No Trait,Phantom Cap,Base Mouth,Shark Necklace,Human,Aurorian
5652,240,441,0,https://magiceden.io/item-details/5HQ9mqE3bo5BujnZSDHpQJ1vpjc8DfDi47ifMrDNgdd2,Base Background,Base Cloth,Cat Eyes Black,Curly,Axobubble Hat,Steampunk Mask,No Trait,Human,Aurorian
5657,78,1177,0,https://solanart.io/nft/G5ETEbcEBcEqrHZ9qjN4NpD7MmxxxbkSFoN9xt4V7r1d,Lagoon,Base Cloth,Base Eyes,No Trait,Gavroche Hat,Angry,Solana Necklace,Human,Aurorian
5659,149,1174,0,https://magiceden.io/item-details/3gThSHLjHCvk7RD6AsjZTxBdWswCLcszjT5zcEDWyGhk,Base Background,Dinobit Outfit,Cat Green Pupil,No Trait,Phantom Cap,Zipper Mask,No Trait,Human,Aurorian
5660,160,2232,0,https://magiceden.io/item-details/3J3vUuhLJJCA8aakvT18dcRfNZFqAT5dm341Fm9yDC1f,Lagoon,Base Cloth,Base Eyes,No Trait,Axobubble Hat,Base Mouth,Shark Necklace,Human,Aurorian
5680,45,9954,0,https://magiceden.io/item-details/FkoXF18ZkxS9w29EMmUdxb2n5nWQh72Xye7AYm8zSHGn,Base Background,Base Cloth,Heart Glasses,No Trait,No Trait,Base Mouth,Aurory Necklace,Human,Aurorian
5687,56.99,6745,0,https://magiceden.io/item-details/6HDqepXaVYN9ZgU8rXfRNbCyxhFegm5vuPqxkFXAXpW6,Soft Blue,Base Cloth,Steampunk Glasses,Pigtails,No Trait,Base Mouth,Aurory Necklace,Human,Aurorian
5745,70,5609,0,https://solanart.io/nft/BqkC1yZym8tBrCDS2ByZFaWtd4XxaqsKvAEpQAM9amic,Base Background,Base Cloth,Base Eyes,No Trait,Gavroche Hat,Steampunk Mask,Flower Necklace,Human,Aurorian
5750,41,5786,51.84,https://magiceden.io/item-details/DytFiPvUs8oVRUH5XPGHhU2dnE5JANYjXXiUKRYsoVw1,Base Background,Pink Stripes,Red Eyes,Blond Hair Attached,No Trait,Base Mouth,Shark Necklace,Human,Aurorian
5777,64,4132,0,https://solanart.io/nft/FKbAmPhqz7xkPyHxLqdAMJvfqahmNLdEfS165ksWsFVy,Base Background,Polo,Base Eyes,Blond Hair Attached,No Trait,Oni Mask,Flower Necklace,Human,Aurorian
5782,78,7078,0,https://solanart.io/nft/7tsnMnLkUMfRVQEwSWudrSip1kCviZbxRHLcC1R4xyYW,Base Background,Base Cloth,Green Eyes,Undercut,No Trait,Big Smile,Aurory Necklace,Human,Aurorian
5786,55,2714,0,https://magiceden.io/item-details/JBqqLfhnHqYDSkXvekPREpxQjMzwntyH7s8jkr1ixH96,Base Background,Bitebit Outfit,Base Eyes,Undercut,No Trait,Cat Mask,Flower Necklace,Human,Aurorian
5799,999,854,0,https://magiceden.io/item-details/GEq9WQVFF9PEK6mRnRC4Z2n1k9SYsdapuGZy5Ec4G69M,Soft Blue,No Trait,No Trait,No Trait,No Trait,Plague Mask,Aurory Necklace,Golden Blob,Aurorian
5816,150,384,0,https://magiceden.io/item-details/AecU55puSWi74BdLNiA1d41F92oFgN21mrt1twD2wdSG,Base Background,Open Jacket,No Trait,White Hair,No Trait,Grin,No Trait,Solana Blob,Aurorian
5818,82,3764,0,https://magiceden.io/item-details/6UqjwJNjh3Vb8vevFEWtrqKJ2FBJhpwHN8N8YdFqySaS,Base Background,Base Cloth,Base Eyes,Combed Haircut,Moogle,Oni Mask,Aurory Necklace,Human,Aurorian
5823,100,4654,0,https://alpha.art/t/3gFLLMVaWrFsCBr1PCcgQFDHt1qKfdnm1M2rgjd5TKAK,Base Background,Pink Stripes,Heart Glasses,No Trait,No Trait,Grin,No Trait,Solana Blob,Aurorian
5830,69,8464,0,https://magiceden.io/item-details/B23EibfNdYTCLomKaEU23UCtvAUqTh3Y4kCB6HyNKxJW,Base Background,Base Cloth,Base Eyes,No Trait,Cute headphone,Big Smile,Aurory Necklace,Human,Aurorian
5893,73.900002,5616,0,https://solanart.io/nft/6CDqub1A5JjLzkkxe5fq1Ja4EkfBdtWyHdNaAsnziZzf,Base Background,Classy Outfit,Base Eyes,No Trait,Phantom Cap,Base Mouth,Solana Necklace,Human,Aurorian
5969,200,847,0,https://magiceden.io/item-details/7D83vPFd9xpFazucXxTb8hUURf6onBvMppN7mabwUDF7,Base Background,Polo,Aave Glasses,Brown Dreadlocks,No Trait,Base Mouth,Aurory Necklace,Golden Blob,Aurorian
5971,46.69,8294,0,https://magiceden.io/item-details/7GEzV4kYdTAcsp7idjMNhX3bdDqSRKRUqSUX6Xim8NuU,Base Background,Classy Outfit,Base Eyes,White Hair,No Trait,Base Mouth,Aurory Necklace,Human,Aurorian
5999,65,6365,0,https://magiceden.io/item-details/5gyMhZj6KqeC3Wrv8p5JTAnYi4J4cXSA3nxrSWuEaJiK,Base Background,Base Cloth,Red Eyes,Combed Haircut,Phantom Cap,Base Mouth,Aurory Necklace,Human,Aurorian
6007,69,9341,0,https://solanart.io/nft/E2MogSs5uioyG2hqnSh4fYWrGjH7F1MmJZ1t8ouXgXnE,Base Background,Base Cloth,Base Eyes,No Trait,No Trait,Steampunk Mask,Flower Necklace,Human,Aurorian
6017,199,50,0,https://magiceden.io/item-details/AN3gK9oWoojynX9bSankc8qxvnXCv8i8frRgKMUc8xrA,Lagoon,No Trait,No Trait,Clementine Hair,Raccoon Hat,Base Mouth,Aurory Necklace,Zombie,Aurorian
6038,60,2592,0,https://solanart.io/nft/CqhNo6BhG6xJzmt87qX5ajFTT3xsV3faGWxBYXanzmJc,Base Background,Black Hoodie,Viper Shades,No Trait,Gavroche Hat,Grin,Shark Necklace,Human,Aurorian
6098,47,6084,0,https://magiceden.io/item-details/9pC1U9qpQXuWZryRuqvZPRp68LC7MzX4NzTth1L7aRPw,Soft Blue,Base Cloth,Base Eyes,Brown Dreadlocks,No Trait,Bane Mask,No Trait,Human,Aurorian
6107,75,8395,0,https://magiceden.io/item-details/3ZzfA6oJSzmG1Fhkw4gHe14ScxYiveJuRxoEd8daqJnT,Base Background,Classy Outfit,Base Eyes,White Hair,No Trait,Base Mouth,No Trait,Human,Aurorian
6116,48,2528,0,https://magiceden.io/item-details/HxHMjqnUaQk9Eowmth1mbxq6bjE9rhQtUSx4QyEdcSEg,Gradient Blue,Polo,Base Eyes,No Trait,Crown,Bane Mask,No Trait,Human,Aurorian
6119,175,2301,0,https://magiceden.io/item-details/9EBHepLagKL99Y54DrB5pTgRDHuDqVGYuCD5eArSZa7t,Base Background,Leather Jacket,Cat Eyes Red,No Trait,Jotaro Cap,Base Mouth,Shark Necklace,Human,Aurorian
6167,79.5,5101,0,https://magiceden.io/item-details/BycKJTcU4QeRUPv2Bj7dZqyT4AUZWtMFvWxws8kis95n,Base Background,Bitebit Outfit,No Trait,No Trait,No Trait,Base Mouth,No Trait,Solana Blob,Aurorian
6187,130,9719,0,https://magiceden.io/item-details/E3ZXRhi7kbpBzFZKkREvZQNKVVeYbN7rFTS8Vn8BfMpi,Base Background,Base Cloth,Base Eyes,No Trait,Feather Hat,Base Mouth,No Trait,Human,Aurorian
6200,70,4885,0,https://solanart.io/nft/2hdNUTAacrXvEEdcELmL7fzNzfgF7b2p5meWi9oZTHc5,Blue,Base Cloth,Green Eyes,Playmobil,No Trait,Base Mouth,No Trait,Human,Aurorian
6213,65,8139,0,https://magiceden.io/item-details/Hzrz3yFqhqrMWmGjWxTMVHpSJZYbBGJKYWiddrtH7n8y,Base Background,Helios Outfit,Base Eyes,No Trait,No Trait,Base Mouth,Shark Necklace,Human,Aurorian
6279,60,5018,0,https://magiceden.io/item-details/4EW8e2AJZjC3GWtFo79hE8kpvUBYMEWSVEMDt1YbAeoz,Base Background,Pink Stripes,Red Eyes,White Hair,No Trait,Base Mouth,Shark Necklace,Human,Aurorian
6280,46,9549,0,https://solanart.io/nft/CkSBUSXTn4RNpw4uxoZhwTY3YPoUThNFEtN8xwHzBnh2,Base Background,Base Cloth,Red Eyes,No Trait,No Trait,Bane Mask,Aurory Necklace,Human,Aurorian
6349,249,4312,0,https://magiceden.io/item-details/3VPv62gic1wuj6xCPsLBJc27dYVArwvUTPRFVj3ppepR,Base Background,Dinobit Outfit,Cat Eyes Red,No Trait,No Trait,Plague Mask,No Trait,Human,Aurorian
6350,76,7045,0,https://magiceden.io/item-details/CSyTLaBfYd9ZQZYBndFWukLxuT74arUbSeFMFWoDSRnQ,Soft Blue,Polo,Base Eyes,No Trait,No Trait,Oni Mask,Aurory Necklace,Human,Aurorian
6373,100,3675,0,https://magiceden.io/item-details/5MYGdnheUVqYVp86rbrzCjabAMLM3U3QK2oMx9eyNx44,Soft Blue,Overalls,Cat Eyes Black,No Trait,No Trait,Grin,No Trait,Human,Aurorian
6425,72,591,0,https://magiceden.io/item-details/GxaixPrxWU7N1o1TBsdNqbttsgMtns5N2a5NYYJZpESD,Soft Blue,Base Cloth,Cat Eyes Black,Curly,Raccoon Hat,Bane Mask,Aurory Necklace,Human,Aurorian
6427,60,7292,0,https://solanart.io/nft/EashcVgdCq6fG3953a3f6oBEgWeoaQked9KXMhP22PZW,Base Background,Leather Jacket,Base Eyes,Curly,No Trait,Zipper Mask,Aurory Necklace,Human,Aurorian
6451,100,800,0,https://magiceden.io/item-details/D1DTesLLLhPoVU3kZjaSSPZGDiqSab6RG2WRMnXTU4Yn,Base Background,Jean Jacket,Green Eyes,No Trait,Plague Hat,Steampunk Mask,Solana Necklace,Human,Aurorian
6476,94.2,7220,0,https://magiceden.io/item-details/EGU5eprthHupyVjKLLdmJE84kiN6dqzyAyjdZyxwfexr,Base Background,Black Hoodie,Base Eyes,Shaved,No Trait,Plague Mask,No Trait,Human,Aurorian
6494,99,3990,0,https://magiceden.io/item-details/AxXoWCg6mecYD8L9fdD1BQXhU99xtUA9avjz7cZfPJAF,Base Background,Polo,Aave Glasses,Blob Hair,No Trait,Zipper Mask,Aurory Necklace,Human,Aurorian
6520,222,2505,0,https://magiceden.io/item-details/2xxy6VSyHYRJs27ub5UP99GNhAhDg6ZqW1FGwqauJU5u,Base Background,Classic Jacket,No Trait,No Trait,No Trait,Grin,Shark Necklace,Solana Blob,Aurorian
6531,99,3491,0,https://magiceden.io/item-details/3EEQDK96mhY49pYiYvaWmJzRLisDBsMVzoHKXNAbz2Bs,Base Background,Base Cloth,Cat Black Pupil,Brown Dreadlocks,No Trait,Big Smile,Shark Necklace,Human,Aurorian
6561,125,3626,0,https://magiceden.io/item-details/8JPMN6CrttbVhchmvJFJfkVf8NNHLExYwUEL2yTK4D1p,Base Background,Jean Jacket,Blue Skull Glasses,Shaved,No Trait,Bane Mask,No Trait,Human,Aurorian
6597,75,5294,0,https://magiceden.io/item-details/Fi5iKLKj1RFKRveUs13GT5mGgXFnZEqbBbgre6a8UNFu,Base Background,Black Hoodie,Base Eyes,Combed Haircut,Cute headphone,Base Mouth,Aurory Necklace,Human,Aurorian
6598,150,1965,0,https://magiceden.io/item-details/Cy7NvjP9TXf91vMx4VFRBjBAmYK853CGaSu6CaCT19En,Base Background,Axobubble Outfit,Green Eyes,Shaved,No Trait,Grin,No Trait,Human,Aurorian
6610,39,8970,59.1,https://magiceden.io/item-details/6aQN2QpX7b1BrUptNnt81rVbnbj736W7dTY1conzpdto,Base Background,Black T-Shirt,Base Eyes,No Trait,No Trait,Bane Mask,Aurory Necklace,Human,Aurorian
6635,62.5,3436,0,https://magiceden.io/item-details/vkvy2ijhn4VpUk6276T8K7MFbTmnSDQyndU2smVw1Er,Soft Blue,Base Cloth,Base Eyes,Playmobil,Twitter Hat,Cat Mask,Aurory Necklace,Human,Aurorian
6646,90,3093,0,https://magiceden.io/item-details/4bxzJh5fwHkwPWou7rCLsnEtAhzQKTXvoU8VmetyWkKe,Soft Blue,Classic Jacket,Viper Shades,Zero Two Hair,No Trait,Base Mouth,No Trait,Human,Aurorian
6663,66.66,6911,0,https://magiceden.io/item-details/GvL6kz3HDsUAWiyA8KnjfG6CbJquKWCtgVJQnC76MLT8,Base Background,Classy Outfit,Base Eyes,No Trait,No Trait,Oni Mask,Solana Necklace,Human,Aurorian
6674,68,8149,0,https://solanart.io/nft/HLgzg7GvKEeTAodGmkpXU2CYhscdyWAZpEfjTf5fVWJb,Base Background,Base Cloth,Base Eyes,No Trait,Phantom Cap,Oni Mask,No Trait,Human,Aurorian
6680,50,7660,0,https://magiceden.io/item-details/CEWNAdZg5vipETUYyCxcHVY23zS314RArH2qyF6Mxund,Base Background,Base Cloth,Cat Green Pupil,No Trait,Feather Hat,Base Mouth,Aurory Necklace,Human,Aurorian
6708,71,3194,0,https://magiceden.io/item-details/AMxB8Z584XJfkkxnmBGt8gHj7XC6fLBi9h1N8E3YDPVi,Base Background,No Trait,No Trait,Undercut,No Trait,Base Mouth,Shark Necklace,Solana Blob,Aurorian
6715,128,2061,0,https://magiceden.io/item-details/33kfLJzBXNQxWrN251in4qSe8au3e43isrzoiU7QTkA6,Soft Blue,Dinobit Outfit,Viper Shades,Zero Two Hair,No Trait,Base Mouth,Aurory Necklace,Human,Aurorian
6782,60,1887,0,https://solanart.io/nft/NABwrBnmchDCN1xNoMETjF9TUe68RHBHqKV2hw37RPs,Base Background,Shoulder Straps,Blue Skull Glasses,Shaved,No Trait,Grin,Shark Necklace,Human,Aurorian
6810,420,101,0,https://magiceden.io/item-details/9MFoCG8fAX8RNP6oNEpkexrjmiUqpviGSHVWTKHmREzu,Soft Blue,Open Leather Jacket,No Trait,No Trait,Beret Hat,Plague Mask,No Trait,Solana Blob,Aurorian
6864,105,766,0,https://magiceden.io/item-details/7znuxVRodgdZo7xvT3JDUzJU2uwF4SMkjinAo3hHKTU,Base Background,Jacket,Viper Shades,Purple Dreadlocks,No Trait,Cat Mask,Solana Necklace,Solana Blob,Aurorian
6912,135,2923,0,https://magiceden.io/item-details/3gAtBEJDdaPwHsSrf5dNMcwFEdY8jkA7gaZRM5UQ5Gx3,Base Background,Base Cloth,Blue Skull Glasses,Combed Haircut,Beetlefox Hat,Base Mouth,No Trait,Human,Aurorian
6952,70,2715,0,https://solanart.io/nft/DurG6NcoF5MLhuj7VWfh9oq9tCmZZdxknLhqPrxjGKQN,Base Background,Overalls,Black Eyes,Purple Dreadlocks,No Trait,Cat Mask,Shark Necklace,Human,Aurorian
6996,49.5,5857,0,https://magiceden.io/item-details/Cb2R2pSuk2Y4SXvoWYiAM22jrT3C7HAYf8ugEVZNDvYM,Base Background,Pink Stripes,Green,Brown Dreadlocks,No Trait,Base Mouth,Aurory Necklace,Human,Aurorian
7034,200,1839,0,https://magiceden.io/item-details/D9e5TStKCsPih3GYXdKxVVprgsPTdHQcwVJtPmC3pfbJ,Base Background,No Trait,No Trait,Zero Two Hair,No Trait,Base Mouth,Aurory Necklace,Zombie,Aurorian
7043,70,6607,0,https://solanart.io/nft/971TQcrFxTa8q8ammnp9fdMQF7NkV8XyDoK24wCJumTB,Base Background,Base Cloth,Blue Skull Glasses,White Hair,No Trait,Base Mouth,Flower Necklace,Human,Aurorian
7045,60,3235,0,https://magiceden.io/item-details/GbLszVWfcQ2e2aj4nbTW8mfpx83kTsmNUQB11Qa1CRBm,Base Background,Pink Stripes,Green,Curly,No Trait,Barely Angry,Aurory Necklace,Human,Aurorian
7081,200,563,0,https://magiceden.io/item-details/4ogz77dvQLTzhcQVVY3rj5mRFXWHLCrUYkyY9zntvEGm,Base Background,Overalls,No Trait,No Trait,Zzoo Hat,Big Smile,No Trait,Solana Blob,Aurorian
7085,2000,7828,0,https://magiceden.io/item-details/5XQ5VNdKhMChf3axet2awQJeWyKF7DRiGugJPFHMvZgT,Base Background,Base Cloth,Black Eyes,Long Blob Hair,No Trait,Base Mouth,No Trait,Human,Aurorian
7128,47.990002,1236,0.15,https://solanart.io/nft/5G6Kz3GAbF25ZkHRQBtMpW35QQJtnzf2pfGskVFofRij,Gradient Blue,Yellow Stripes,Red Eyes,Playmobil,Witch Hat,Base Mouth,No Trait,Human,Aurorian
7139,159,3323,0,https://magiceden.io/item-details/BSxJHjdQEdmtA8XLMSqgvHBBD9YbGHnpGyJ7zasgXhca,Base Background,Jacket,Base Eyes,No Trait,Axobubble Hat,Base Mouth,Flower Necklace,Human,Aurorian
7161,52,8875,0,https://solanart.io/nft/57eTWy5iQT8MUry2wwpknv9HMGv8GLmZxPAbLcm191Dt,Base Background,Base Cloth,Steampunk Glasses,Shaved,No Trait,Base Mouth,Aurory Necklace,Human,Aurorian
7175,75,7344,0,https://solanart.io/nft/8TivP1zfZWhnygyPCydu8e8UykttJK7M89cC84wZfwCa,Base Background,Pink Stripes,Base Eyes,Combed Haircut,No Trait,Cat Mask,Aurory Necklace,Human,Aurorian
7193,125,6642,0,https://magiceden.io/item-details/FuARnxUanUgLPBASnZHqDCTmBD5qNyBs5FN9pjF61FYg,Base Background,Puffy Jacket,Base Eyes,Zero Two Hair,No Trait,Grin,Aurory Necklace,Human,Aurorian
7207,82,2931,0,https://magiceden.io/item-details/21RjeyBk8fkNurEgyxgSXUj54Rgp5khwr97eDKU7k8TQ,Base Background,Overalls,Viper Shades,No Trait,Feather Hat,Paint Mask,Aurory Necklace,Human,Aurorian
7272,95,7255,0,https://magiceden.io/item-details/GfKt58GK5fH2JRmaicQu2gcmv2MrrniiLhGr13U1zhXu,Base Background,Base Cloth,Viper Shades,White Hair,No Trait,Zipper Mask,No Trait,Human,Aurorian
7362,168,1556,0,https://magiceden.io/item-details/4UHQAEi5bUeK1ySXjxiVmDiwmeccLji9rAtYA8mpaGMv,Base Background,Yellow Stripes,No Trait,No Trait,Bitebit Hat,Base Mouth,No Trait,Solana Blob,Aurorian
7367,60,5239,0,https://magiceden.io/item-details/Ez8NgPiUvpnqkT1RuuhvDsW6tLSAk4XdQcWGbDLDAgXu,Base Background,Leather Jacket,Steampunk Glasses,No Trait,Phantom Cap,Base Mouth,Aurory Necklace,Human,Aurorian
7427,300,1098,0,https://magiceden.io/item-details/4UgeiswZbDAzfiAeT8BBgrw7gL6sJ41noQ7a7cqwaJCX,Soft Blue,Pink Stripes,Heart Glasses,Combed Haircut,Witch Hat,Base Mouth,No Trait,Human,Aurorian
7432,69,4050,0,https://solanart.io/nft/2fz3SRWvMaQJaD8FQwaKqXZUksEZ7PtSFafsdp2VgjeJ,Gradient Blue,Base Cloth,Steampunk Glasses,Shaved,No Trait,Zipper Mask,Aurory Necklace,Human,Aurorian
7456,60,4609,0,https://solanart.io/nft/3Fxd47west91ND7PCKcJmf2NVRTzwJZtqo71qLCCMsL5,Base Background,Leather Jacket,Heart Glasses,Shaved,No Trait,Cat Mask,No Trait,Human,Aurorian
7491,59.9,7011,0,https://magiceden.io/item-details/9s8BUzqQS4Pu8i3U9Xp5SaVdXUFNTHt8VsTzucpG4CN7,Base Background,Base Cloth,Base Eyes,Zero Two Hair,No Trait,Zipper Mask,Solana Necklace,Human,Aurorian
7542,80,3329,0,https://magiceden.io/item-details/3yeghv6PYWVgEVqjAURQn86DYZnvTB7R369M7AeZ2N8x,Base Background,Pink Stripes,Base Eyes,Clementine Hair,Luffy Hat,Base Mouth,Aurory Necklace,Human,Aurorian
7569,48,8478,0,https://solanart.io/nft/3QhyHzsbAkhNnNAzDMUfn6SiV6NoYf7vmtyiZUQdVG4d,Base Background,Polo,Base Eyes,Brown Dreadlocks,No Trait,Base Mouth,No Trait,Human,Aurorian
7579,52.400002,6882,0,https://solanart.io/nft/2qX8w4E6rKqv4oXVwL3jVRuyULr6je92QFN7ohgia5vt,Soft Blue,Black T-Shirt,Cat Eyes Red,No Trait,No Trait,Base Mouth,Aurory Necklace,Human,Aurorian
7585,77,3507,0,https://solanart.io/nft/H28UBksHfh4FoTzyGK6y2ZazCDTFfBYJprZwJodk1cE3,Base Background,Shoulder Straps,Green,Long Blob Hair,No Trait,Base Mouth,No Trait,Human,Aurorian
7612,64,4279,0,https://magiceden.io/item-details/58viJM1G2hkx2j2r7P281U8RaLuAHwuYm5GKxtYVRFQc,Base Background,Pink Stripes,Green Eyes,No Trait,No Trait,Steampunk Mask,Flower Necklace,Human,Aurorian
7662,75,520,0,https://solanart.io/nft/3vuQMevCZD89hb5g12mzrptsuoEVJPmMYWe4CyKkgp6Q,Soft Blue,Leather Jacket,Cat Eyes Black,Playmobil,No Trait,Paint Mask,Shark Necklace,Human,Aurorian
7695,215,361,0,https://magiceden.io/item-details/DscdeousNJDcr7PLWU8apSQt57mUxL97vUfYwPkUDfpU,Base Background,Green Sweater,No Trait,Playmobil,No Trait,Big Smile,Aurory Necklace,Golden Blob,Aurorian
7699,70,1202,0,https://solanart.io/nft/Bj11eZZdUSQhXuKeaWq2VgGTbcG9JMxcQq8eia4xEWK6,Base Background,Overalls,Viper Shades,No Trait,Crazy Horse Hat,Paint Mask,No Trait,Human,Aurorian
7741,89,4466,0,https://magiceden.io/item-details/7RxtFEgqMFQRNGMtBMWuGcb6GavAzHRkJBW4hBSFDm7z,Soft Blue,Base Cloth,Black Eyes,Purple Dreadlocks,No Trait,Zipper Mask,No Trait,Human,Aurorian
7767,51,1656,0,https://magiceden.io/item-details/EyUSBSM8NwPakccCAMZvfZtnx8ToUrQHLqRVLfXrwoYu,Blue,Jean Jacket,Base Eyes,Curly,No Trait,Steampunk Mask,Aurory Necklace,Human,Aurorian
7776,60,3947,0,https://magiceden.io/item-details/6qFemyXtQZEpRuUPG6cPvagBkTMXBzPf7aMh4i9GBt8J,Base Background,Leather Jacket,Cat Eyes Red,Green Hair,No Trait,Zipper Mask,Aurory Necklace,Human,Aurorian
7812,139,593,0,https://magiceden.io/item-details/ADhtsjTDeg5Yig6Zz4R55syg8uCU8e7ha6x2NtVtqfsz,Base Background,Black Hoodie,No Trait,Combed Haircut,No Trait,Zipper Mask,Shark Necklace,Zombie,Aurorian
7817,125.42069,842,0,https://magiceden.io/item-details/DZzxL9jcqMhqY8DYxJSvbApHw9C3aLD8xuxRv3GjVjKD,Lagoon,Leather Jacket,Black Eyes,Brown Dreadlocks,No Trait,Zipper Mask,No Trait,Human,Aurorian
7863,70,2843,0,https://solanart.io/nft/Ez2GDjqiF4T427B15cTpsxKbM2fu5iBRAwumd4g3GAki,Base Background,Pink Stripes,Green,Zero Two Hair,No Trait,Barely Angry,Aurory Necklace,Human,Aurorian
7882,69.42,6426,0,https://magiceden.io/item-details/9Qyk8chJxMwH4wKnbkpbJtGgWbBtr7XAXyXAxYJd5wVd,Base Background,Base Cloth,Aurory Glasses,Blond Hair Attached,No Trait,Base Mouth,Shark Necklace,Human,Aurorian
7894,60,3701,0,https://magiceden.io/item-details/7Rq1o7cG4bEQjW61Vw2frbSJ4TtWHV4bpt9eF4WmWF7Y,Base Background,Base Cloth,Heart Glasses,Pigtails,No Trait,Lollipop,Solana Necklace,Human,Aurorian
7947,58,4343,0,https://magiceden.io/item-details/2kxwuWaB7jsUuphKNAjHZwpNsHPiCQ3NFP1yLV2KGraE,Base Background,Jean Jacket,Green,Green Hair,No Trait,Big Smile,No Trait,Human,Aurorian
7947,58,4343,0,https://solanart.io/nft/2kxwuWaB7jsUuphKNAjHZwpNsHPiCQ3NFP1yLV2KGraE,Base Background,Jean Jacket,Green,Green Hair,No Trait,Big Smile,No Trait,Human,Aurorian
8000,65,5843,0,https://solanart.io/nft/7hE2gRswZRjzff8U3dP74YG5x2t2CeHtEw4jCuLk71Kz,Base Background,Base Cloth,Cat Eyes Red,No Trait,Raccoon Hat,Cat Mask,No Trait,Human,Aurorian
8004,75,8554,0,https://magiceden.io/item-details/FudwTgeY2ZTQaXsAEnFUNhiaiFww1okE64Kg6CoeHAh7,Base Background,Polo,Base Eyes,Blob Hair,No Trait,Base Mouth,Aurory Necklace,Human,Aurorian
8034,69.42,5071,0,https://magiceden.io/item-details/EA4eRvP7yd8cCJWdHXv7SApKTYRCkYjaYpmCkGEmXrtq,Base Background,Jacket,Viper Shades,Undercut,No Trait,Zipper Mask,Aurory Necklace,Human,Aurorian
8049,300,83,0,https://magiceden.io/item-details/67eAZy6ejT6GyviKhAd4R4hyKyufrhYkAaxZemcFgZEN,Lagoon,Black T-Shirt,Black Eyes,Clementine Hair,Dragon Hat,Big Smile,No Trait,Human,Aurorian
8054,169,121,0,https://magiceden.io/item-details/8Ftwdc1mBKJanz57qocZV54FLrk68dNYLbABjUEUjy3P,Blue,No Trait,No Trait,Combed Haircut,No Trait,Lollipop,Flower Necklace,Solana Blob,Aurorian
8085,88.88,9757,0,https://magiceden.io/item-details/HRtirSktTSiEt5BcuMXbHk7ZpjEBBXYeFgjuYioHZME9,Base Background,Base Cloth,Base Eyes,No Trait,Big Crown,Base Mouth,Aurory Necklace,Human,Aurorian
8103,147.5,4488,0,https://magiceden.io/item-details/8uG158GqGq7NwryxbNQ8Xj7eZfsXRpiLoqfF3QK7Wh88,Base Background,Base Cloth,Base Eyes,No Trait,Dinobit Hat,Steampunk Mask,No Trait,Human,Aurorian
8115,52,6600,0,https://magiceden.io/item-details/H1QRmqW9fjfLC3hPZQwvLMNF9VgrQH3PBLaiLQtb38df,Base Background,Base Cloth,Aave Glasses,No Trait,Crown,Base Mouth,Flower Necklace,Human,Aurorian
8118,75,3964,0,https://solanart.io/nft/J6CMSHmiaBoy5LP257ome9EW2jY4HW7hFPJqSHSXeRKQ,Gradient Blue,Base Cloth,Green Eyes,No Trait,Beret Hat,Base Mouth,Shark Necklace,Human,Aurorian
8129,71,4100,0,https://magiceden.io/item-details/9W7t28crGLaviGk36pqudqmDsd2kLVbgWWRnqUFUADRR,Base Background,Classy Outfit,Black Eyes,Purple Dreadlocks,No Trait,Cat Mask,No Trait,Human,Aurorian
8136,710,197,0,https://magiceden.io/item-details/9Eyfjw1nZn6Vopv2kpkCmnmNjVsAK8r6hU59BBaLe1ZE,Base Background,Scarf,No Trait,Curly,No Trait,Oni Mask,Shark Necklace,Solana Blob,Aurorian
8151,56.5,9541,0,https://magiceden.io/item-details/5nvrnMeJ5mQZuqmSLk7Z1jDzpbLmtdfXFcnV6FmQMhd7,Base Background,Base Cloth,Black Eyes,No Trait,No Trait,Big Smile,No Trait,Human,Aurorian
8152,48.5,3466,0,https://magiceden.io/item-details/F4NEiLghognSAVZxeV4MX1ds8YGntzHrnEZ7CjfXsZC3,Base Background,Base Cloth,Black Eyes,No Trait,Gavroche Hat,Barely Angry,Shark Necklace,Human,Aurorian
8220,555,2435,0,https://magiceden.io/item-details/6s9qPcsWqB4YRpz74sAqeBzaaqbk6cxf96QbVbFwKuuP,Base Background,Shoulder Straps,Black Eyes,No Trait,Big Crown,Zipper Mask,No Trait,Human,Aurorian
8227,109,5734,0,https://magiceden.io/item-details/59udBszfTdwN5xfftJ4493J4qqpqDnEktH7jRGF249eF,Base Background,Zzoo Outfit,Base Eyes,Zero Two Hair,No Trait,Base Mouth,No Trait,Human,Aurorian
8256,52,8427,0,https://solanart.io/nft/FA9G4NrJCjiNiJzTnTCWfpXTvhwHvd7XmbEMkoiv246h,Base Background,Base Cloth,Base Eyes,Brown Dreadlocks,No Trait,Oni Mask,No Trait,Human,Aurorian
8261,53,5875,0,https://magiceden.io/item-details/8tDgf1AoY4mcyf5Jo8buQT9EP2z62PhfYqoxCo5XuT5R,Soft Blue,Base Cloth,Base Eyes,Undercut,No Trait,Big Smile,Shark Necklace,Human,Aurorian
8277,139,4008,0,https://magiceden.io/item-details/5692rArLwtH1iV6BypfQZ6MFynbEJ9zmEqP5obyWXspr,Base Background,Base Cloth,Spring Glasses,Long Blob Hair,No Trait,Grin,No Trait,Human,Aurorian
8308,75,2795,0,https://magiceden.io/item-details/BpBPvb9TH9tVsRmw5u9UQzfwHq8kG3gcV8JvaTSaBgNT,Base Background,Black T-Shirt,Red Eyes,No Trait,Jotaro Cap,Big Smile,No Trait,Human,Aurorian
8341,76,5544,0,https://magiceden.io/item-details/H3PKtyK1KcSWqkiMf8MFJ5jLS6Sh3wA7rb8ECSm8YwaE,Gradient Blue,Base Cloth,Aave Glasses,No Trait,Phantom Cap,Base Mouth,No Trait,Human,Aurorian
8341,76,5544,0,https://solanart.io/nft/H3PKtyK1KcSWqkiMf8MFJ5jLS6Sh3wA7rb8ECSm8YwaE,Gradient Blue,Base Cloth,Aave Glasses,No Trait,Phantom Cap,Base Mouth,No Trait,Human,Aurorian
8372,79,599,0,https://magiceden.io/item-details/5piiSyNEKej7UrtS3MbFF3FZWwt8HAZkdVL6CX1eyJGR,Base Background,Overalls,Viper Shades,Curly,Cute headphone,Zipper Mask,No Trait,Solana Blob,Aurorian
8407,51.990002,8921,0,https://solanart.io/nft/ChRhBkmiq6JyghMUPB1t9fj1gjkc3sp3VXoHQmNRrdU3,Base Background,Pink Stripes,Base Eyes,Pigtails,No Trait,Base Mouth,No Trait,Human,Aurorian
8422,65,2226,0,https://solanart.io/nft/2y3Wi8cb78s87oFdDnE7mkyMkuAPGViTyS8JdDQHZuau,Base Background,Jean Jacket,Base Eyes,Combed Haircut,Gavroche Hat,Paint Mask,No Trait,Human,Aurorian
8441,350,105,0,https://magiceden.io/item-details/3ACKC7ggSme97sgRJvZvZygWWa1H95YwDoLegq5ZZG5R,Base Background,Open Leather Jacket,No Trait,No Trait,Phantom Cap,Oni Mask,Shark Necklace,Solana Blob,Aurorian
8442,60,2420,0,https://magiceden.io/item-details/9YMNRgkfutkKN6NoUpQ9vUddHa6emNeP2KfhtbpvzV97,Soft Blue,Classy Outfit,Red Eyes,Purple Dreadlocks,No Trait,Plague Mask,Aurory Necklace,Human,Aurorian
8442,60,2420,0,https://solanart.io/nft/9YMNRgkfutkKN6NoUpQ9vUddHa6emNeP2KfhtbpvzV97,Soft Blue,Classy Outfit,Red Eyes,Purple Dreadlocks,No Trait,Plague Mask,Aurory Necklace,Human,Aurorian
8478,69,6098,0,https://magiceden.io/item-details/38JBB9DV64DwUgdogSPQ4A36UmgWG5AwhAaJL5QFgfRc,Base Background,Polo,Base Eyes,No Trait,Cute headphone,Grin,No Trait,Human,Aurorian
8478,69,6098,0,https://solanart.io/nft/38JBB9DV64DwUgdogSPQ4A36UmgWG5AwhAaJL5QFgfRc,Base Background,Polo,Base Eyes,No Trait,Cute headphone,Grin,No Trait,Human,Aurorian
8504,39,6347,69.6,https://magiceden.io/item-details/7Qat8MRKmazotH3mkeT6QE2CBfXNDK1fV4JhZANNoUiW,Base Background,Classy Outfit,Green,Zero Two Hair,No Trait,Base Mouth,Aurory Necklace,Human,Aurorian
8556,99,7041,0,https://magiceden.io/item-details/Bysx6DVpgTni2bTKUdgnbgoJXZmCDgnayjkHH8zHCQyp,Base Background,Dinobit Outfit,Green,No Trait,No Trait,Base Mouth,Aurory Necklace,Human,Aurorian
8569,42,3219,52.12,https://magiceden.io/item-details/6JbmX2zePq3bbHyUDCjDfZuGrqZGJ6KWr8bNRg4mWamk,Soft Blue,Base Cloth,Green,Zero Two Hair,No Trait,Barely Angry,Aurory Necklace,Human,Aurorian
8573,64,7719,0,https://solanart.io/nft/79XtwmEVkoxSpwEvgv9mdGWmeR7mCpWykFdi7jKnQdUz,Base Background,Base Cloth,Base Eyes,No Trait,Beret Hat,Steampunk Mask,Aurory Necklace,Human,Aurorian
8699,52,2485,0,https://magiceden.io/item-details/6kBJryM72qWXS965uGcSj4cD4idr1W7Az8fyAkAvj4vR,Soft Blue,Black T-Shirt,Base Eyes,No Trait,Twitter Hat,Steampunk Mask,Aurory Necklace,Human,Aurorian
8715,68,9442,0,https://solanart.io/nft/HLThZ2FYF9TSv5gHtDsnHnj6Upwd86rN4DpjoKNmYhLx,Base Background,Black T-Shirt,Base Eyes,No Trait,No Trait,Plague Mask,Aurory Necklace,Human,Aurorian
8723,46.69,5538,0,https://magiceden.io/item-details/148vuXXL6jTj7p2TrWksDQirxssg4mr3VCj1CUSRm5BG,Blue,Base Cloth,Base Eyes,Playmobil,No Trait,Base Mouth,Flower Necklace,Human,Aurorian
8786,88,2243,0,https://magiceden.io/item-details/9rsxqPdad3G7QaXZB1MhvY6kJ32bKDHbu2W4GZebzmEh,Base Background,Black Hoodie,Green Eyes,Clementine Hair,Phantom Cap,Base Mouth,Aurory Necklace,Human,Aurorian
8802,73,5878,0,https://magiceden.io/item-details/AQfhKL2L2WuwnGuUGxG92dHjtaEr827Duw5R4YPpdkj9,Base Background,Leather Jacket,Base Eyes,Pigtails,No Trait,Steampunk Mask,No Trait,Human,Aurorian
8816,52.69,7522,0,https://magiceden.io/item-details/5tjL91baHbSrhMKVuF85mu9ZSCTegpz7rp8VYLrt2qmh,Base Background,Base Cloth,Spring Glasses,Purple Dreadlocks,No Trait,Base Mouth,Aurory Necklace,Human,Aurorian
8827,60,6367,0,https://solanart.io/nft/4pGFja7Dc5SqMcxUQXuKygx5aobzz3C5Ycf57fzKz228,Base Background,Jean Jacket,Black Eyes,Blob Hair,No Trait,Base Mouth,No Trait,Human,Aurorian
8906,72,930,0,https://solanart.io/nft/3F1oGyHPrrthuRLkqMtBshiz3zurmbphZgv2NhuyjVSi,Base Background,Yellow Stripes,Spring Glasses,Purple Dreadlocks,No Trait,Grin,Aurory Necklace,Solana Blob,Aurorian
8951,44,3039,32.84,https://magiceden.io/item-details/GW7Mx7Koa8dScLCV6tUgybjrqyVxk1MziixWjGNfaKcq,Base Background,Jacket,Steampunk Glasses,Blond Hair Attached,No Trait,Paint Mask,No Trait,Human,Aurorian
8966,52,2527,0,https://solanart.io/nft/6oMMt4KQtux7pcx13QkCPWi4n5oei2j3F34vec8Qe6wP,Gradient Blue,Base Cloth,Blue Skull Glasses,No Trait,Gavroche Hat,Lollipop,No Trait,Human,Aurorian
9032,60,2928,0,https://solanart.io/nft/5GNQ5PJoeWpcmiW8jxwaAWknosvTZos1GfgXpJ5DWCp9,Lagoon,Classy Outfit,Viper Shades,No Trait,No Trait,Lollipop,No Trait,Human,Aurorian
9053,70,6490,0,https://solanart.io/nft/BNZBqf4SriqFaEGWw5VFoj3Q9GRt3My75yCwHkefQXrR,Gradient Blue,Jacket,Base Eyes,Undercut,No Trait,Base Mouth,No Trait,Human,Aurorian
9063,67,2743,0,https://solanart.io/nft/BsaGU7jtAPZq83hhRsTDnt3TAqTi3MkCRU1uXaEA6Egc,Soft Blue,Polo,Base Eyes,No Trait,Gavroche Hat,Lollipop,Aurory Necklace,Human,Aurorian
9070,60,3260,0,https://solanart.io/nft/98tHWcVh8HYWhLkVmXHNsdzVYfcyFLS85shWgj1MGqJM,Base Background,Black T-Shirt,Base Eyes,Playmobil,Big Crown,Zipper Mask,Aurory Necklace,Human,Aurorian
9074,195,1277,0,https://magiceden.io/item-details/2NLbs24sNgoQq79wXTubLfJAHV7oPXC6vSkNJH59jv5a,Gradient Blue,Polo,Aave Glasses,Blob Hair,No Trait,Base Mouth,No Trait,Solana Blob,Aurorian
9097,60,7236,0,https://magiceden.io/item-details/FgUoTbK4qnuozuqFiikXTQrMnPD8TCXSxXhieTZMq4LG,Base Background,Base Cloth,Blue Skull Glasses,No Trait,Luffy Hat,Base Mouth,No Trait,Human,Aurorian
9104,200,982,0,https://magiceden.io/item-details/ABx4AXZKaLJzfnYqpD7aHXHSZud4MpLtFbBLdCmYd1Bv,Soft Blue,Dipking Outfit,Base Eyes,No Trait,Crown,Bane Mask,Aurory Necklace,Human,Aurorian
9113,50,7110,0,https://magiceden.io/item-details/86d9TmsKGCnprpwStqmUESViDmULgGoSZhSiMjhNTeBE,Gradient Blue,Base Cloth,Base Eyes,Brown Dreadlocks,No Trait,Base Mouth,Shark Necklace,Human,Aurorian
9118,66,4784,0,https://magiceden.io/item-details/6XWrWqqiMCj5p1stKdmNxkJqJntgRDrjr2MuywjZKnuY,Base Background,Base Cloth,Base Eyes,Clementine Hair,Luffy Hat,Base Mouth,Shark Necklace,Human,Aurorian
9138,99.99,6247,0,https://magiceden.io/item-details/yEeYTE2ejbF79Nm2mNSzQPhbWDpTNWgQfvuSyep1t8V,Base Background,Base Cloth,Blue Skull Glasses,No Trait,Phantom Cap,Cat Mask,Aurory Necklace,Human,Aurorian
9219,45,3293,21.82,https://magiceden.io/item-details/2NSSJSFaPMSW5SW6sEYxY1FiEZJ9qNg7TJnSoi5X3r2h,Base Background,Overalls,Base Eyes,No Trait,Twitter Hat,Grin,Solana Necklace,Human,Aurorian
9235,70,1485,0,https://solanart.io/nft/J9VEPkJcTfk57LarNEJZ75o6CRKkHRb83W1EAL6NfXNc,Base Background,Shoulder Straps,Base Eyes,Curly,Twitter Hat,Lollipop,No Trait,Human,Aurorian
9277,99.69,4178,0,https://magiceden.io/item-details/4SoNnMwZ5D2sSp9H3YTyW9FpTzfpagjshiXjeKcDZt3X,Base Background,Base Cloth,Spring Glasses,No Trait,Beetlefox Hat,Base Mouth,Aurory Necklace,Human,Aurorian
9289,38.5,8943,64.21,https://magiceden.io/item-details/9tLNqreFZyPtYf4KGFbaug6ZviWgsEXyD7zh9H8GpCjG,Base Background,Base Cloth,Heart Glasses,Blond Hair Attached,No Trait,Base Mouth,Aurory Necklace,Human,Aurorian
9341,125,820,0,https://magiceden.io/item-details/4ahWcS6zsA1qWVkeiC3cSUu3Qnq9nvP2VLS4Wxdfn16b,Base Background,Jacket,No Trait,Purple Dreadlocks,No Trait,Zipper Mask,Solana Necklace,Solana Blob,Aurorian
9367,69,796,0,https://solanart.io/nft/CSpXNugR2NaX9LziL7FkSpft9FtvUaTs9moozDMFA9vP,Gradient Blue,Yellow Stripes,Viper Shades,No Trait,Phantom Cap,Grin,Flower Necklace,Human,Aurorian
9395,200,198,0,https://magiceden.io/item-details/HiLEtN83ir7g3p79aMwT8kVkajsTGFbshm1sCwyDek9G,Blue,Leather Jacket,Base Eyes,Playmobil,Jotaro Cap,Lollipop,Aurory Necklace,Human,Aurorian
9408,300,559,0,https://magiceden.io/item-details/DaCdGsWeQ22T4Ko8xphGySiqY7X3pGU5Q3WRhqQkPRkt,Base Background,Puffy Jacket,No Trait,Zero Two Hair,No Trait,Cat Mask,Aurory Necklace,Golden Blob,Aurorian
9439,57.5,6753,0,https://magiceden.io/item-details/GnBor5nHQWWx5hUCaodF9GmhyCCEc2QTmJHVxGBnAXhC,Base Background,Bitebit Outfit,Base Eyes,No Trait,No Trait,Lollipop,Aurory Necklace,Human,Aurorian
9442,89,1019,0,https://magiceden.io/item-details/2NfQKTV1Kb4KLfB9Z9LmZk3Azqa7q89xHhBsH8XWcQ93,Base Background,No Trait,No Trait,No Trait,Doughnut Hat,Zipper Mask,Shark Necklace,Solana Blob,Aurorian
9446,118,1273,0,https://magiceden.io/item-details/CCnPPKdTPMmofoqGE3RRodTv7E4eY2kXnSrYTDK9jPSx,Base Background,Overalls,Heart Glasses,No Trait,Dracurve Hat,Grin,No Trait,Human,Aurorian
9455,59,8645,0,https://magiceden.io/item-details/GFcmfuDsFTMsmUrw4sp1ZNAXgJpMAjSzvpo5bKMbxsCo,Base Background,Pink Stripes,Base Eyes,Blob Hair,No Trait,Base Mouth,No Trait,Human,Aurorian
9551,95,5841,0,https://magiceden.io/item-details/FsX4tkhnrsVxovm5BA7mp6ubNUgrLsBm2hgdsTwPb4BZ,Base Background,Base Cloth,Viper Shades,Combed Haircut,Plague Hat,Base Mouth,Aurory Necklace,Human,Aurorian
9591,200,6214,0,https://magiceden.io/item-details/8ENDGV7UNxvBPkhciFLc1MgKAaUpaL4VwcvbTVouH6PG,Soft Blue,Base Cloth,Red Eyes,Long Blob Hair,No Trait,Base Mouth,No Trait,Human,Aurorian
9596,79.89,2291,0,https://magiceden.io/item-details/DhgsZ1y6BBw6jUVNPcBrPz3C82ZzkPeJRBoNTr71x2aV,Base Background,Classy Outfit,Green Eyes,No Trait,Crown,Zipper Mask,Shark Necklace,Human,Aurorian
9614,56.99,2995,0,https://magiceden.io/item-details/51H8Ak6vgEN3F8Xyw4YM2feVQCoU6hKcpayKBRbg6ypi,Soft Blue,Leather Jacket,Red Eyes,Green Hair,No Trait,Grin,No Trait,Human,Aurorian
9662,54,3916,0,https://solanart.io/nft/ABo5hwZHsaYtwPFpu2vCce8XEaCpu1cPEKTdP6p18Sap,Soft Blue,Base Cloth,Base Eyes,White Hair,No Trait,Steampunk Mask,Shark Necklace,Human,Aurorian
9730,222,1117,0,https://magiceden.io/item-details/357bjuW193Z4Npess4ug1ivB7rYm5BH3Rc6N83A6N5Dg,Base Background,Black Hoodie,No Trait,No Trait,Dipking Hat,Base Mouth,No Trait,Solana Blob,Aurorian
9749,70,584,0,https://magiceden.io/item-details/E4Niy3UsB8sW5y7Uy1ywRmBLC1LcC3937rVb6nxbFymN,Base Background,No Trait,Viper Shades,Combed Haircut,Beret Hat,Zipper Mask,Aurory Necklace,Solana Blob,Aurorian
9795,52,1815,0,https://magiceden.io/item-details/Hesj3AHPtkD9RbePbtunj1P8649tLuFjrgbz6VRxcrMs,Base Background,Pink Stripes,Viper Shades,Shaved,No Trait,Bane Mask,No Trait,Solana Blob,Aurorian
9808,65,2211,0,https://solanart.io/nft/9ajmrJYtruTjmRMqeydSDrusXwJHJ38c5VwXjb8S3Qj,Base Background,Polo,Spring Glasses,No Trait,Raccoon Hat,Plague Mask,No Trait,Human,Aurorian
9853,105,7171,0,https://magiceden.io/item-details/Eq25SfkZs4z91dod5Sgy63SFgSi7JREaJ1i6eQCE6rPq,Base Background,Zzoo Outfit,Viper Shades,No Trait,No Trait,Base Mouth,Aurory Necklace,Human,Aurorian
9872,499,2328,0,https://magiceden.io/item-details/8saD1wzY6ZdLd7boXSK1qLaFU9BkWyJsmYYXrLVv6Tax,Soft Blue,Base Cloth,Green Eyes,No Trait,Helios Hat,Base Mouth,No Trait,Human,Aurorian
9911,420.69,1468,0,https://magiceden.io/item-details/BHEc9ewb17A5YZ3zwDmScYRQzKLChbbA99vMiPyesG5j,Base Background,Pink Stripes,Viper Shades,No Trait,No Trait,Lollipop,No Trait,Golden Blob,Aurorian
9950,350,5597,0,https://magiceden.io/item-details/BQmJ45XMEQcWH6v9LipPwtEXBb9xSkpBnHfrxqW1AqvS,Base Background,Jacket,Black Eyes,No Trait,Beret Hat,Base Mouth,Aurory Necklace,Human,Aurorian
9965,58,9767,0,https://magiceden.io/item-details/56KoQ6Y5ANrQkSV2bgYFFfcPpAXoigLM86GW4yihnKUN,Base Background,Base Cloth,Viper Shades,No Trait,No Trait,Zipper Mask,No Trait,Human,Aurorian
