id,price,moonRank,ðŸ’Ž score (%),storeURL,Background,Clothes,Earrings,Eyes,Fur,Hat,Mouth
10,8,2221,50.93,https://magiceden.io/item-details/HRMv2ds1NFoYgWi6u1QN6NZyPGPMpr6vSVMeDP1pMKuP,Purple,Logo Black T,None,Crazy,Black,Panda,Small Grin
100,6.95,3304,52.62,https://magiceden.io/item-details/FpQEgE8ABRRaTAY13AAZF5iSPyfjAAqhoWkD27VNbsr9,Aquamarine,Space Suit,None,Wide Eyed,Gray,Fez,Bored
168,4.9,3118,74.63,https://magiceden.io/item-details/2Yk67sER6VdpPt8pH2bR5Mo4Qg6fCzM1TREfcNeVZrSY,Gray,Sailor Shirt,None,Bored,White,Camo Helmet,Pout
193,7.7,3825,40.88,https://magiceden.io/item-details/B6HzX94gfyEPE6ZqQ8oC2wHn5Sgvj59MZteQvpJXb8T8,Orange,None,Silver Stud,Bored,Black,Fisherman Hat,Cigarette
230,6.94,1820,64.79,https://magiceden.io/item-details/BAwo7FAZj17fysoqui9NNeP8LjRGsCmRRWJUoEiPvBhT,Purple,Pink Dress,Silver Stud,Crazy,Black,Ushanka,Bored
279,10,3392,21.4,https://magiceden.io/item-details/FCYh8yJtMFhBDCfNt2h6gbEcPGer3yBJpxPPirjkkpTq,Yellow,Sleevesless T,None,3D,Death Bot,Halo,Bored
281,6.9444,1396,68.2,https://magiceden.io/item-details/4SVdcdGcyQF57Xq5XXg6B9FHuzXuABy2SuMHkyXE6Pp1,Dark Blue,Sleevesless T,Silver Stud,Crazy,Dark Brown,Fez,Dumbfounded
386,10,873,41.9,https://magiceden.io/item-details/BFkyJ9xmdKJQMLCjCdpQEp6ZnPdKtejgaKySJW5ca4Gf,Purple,Caveman Pelt,None,Cyborg,Cream,Seal,Smug
407,10,2516,28.53,https://magiceden.io/item-details/3YmNfFt1hUgEuMt1kgmcEjKkFNKBajWh25r4z1FPEeaU,Gray,Striped T,Silver Stud,Robot,Black,Stuntman Helmet,Bored
415,11,1599,25.99,https://magiceden.io/item-details/FDEdXuxumsztehBRMdhZkjqaBZ7izrBDUdX8t2brAh8J,Aquamarine,Wool Turtleneck,None,Bloodshot,Tan,Beanie,Candy Cane
444,10,176,47.57,https://magiceden.io/item-details/CexB6pe3JQavXPjhGLezFDnDB9MzY3bXqSGBmFspXJGq,Mustard,Fast Food Uniform,Silver Stud,Neon Party,Robot,Fisherman Hat,Kek
469,8.5,4809,24.87,https://magiceden.io/item-details/4KADQTQx94n1THpVWxc9qWQXqxj61fUagRbaEyCo2FKF,Dark Blue,None,None,Neon Party,Black,Bowler,Bored
513,6.8,2758,58.56,https://magiceden.io/item-details/tXbW9Th3CpAc3xffnCmvao3iEJvdemJXLjWef81zD1x,Mustard,Logo Black T,Silver Stud,Bloodshot,Golden Brown,Sea Captain Hat,Bored
587,8.97,4218,24.98,https://magiceden.io/item-details/C1TKSgEVPGwCgC8HbUc2f3HukPaLgwKacbwq5pSWG7Md,Baby Blue,Tuxedo T,None,Bored,Tan,None,Ooo
590,10,1232,38.98,https://magiceden.io/item-details/7ezMoFWr7JeCVez1UqBTFULJKMdaxm9uvRjSGjHFVVz7,Yellow,Puffy Vest,None,Sleepy,Blue,Safari,Ohhh
591,6.5,3035,59.31,https://magiceden.io/item-details/DgJ1Nz9QEDRzVHRxQRER5YipSnn7vuKyAJMtZe3f1oX8,Mustard,Guayabera,None,<3<3,Cream,Camo Helmet,Bored
598,9.5,673,48.52,https://magiceden.io/item-details/FoAeEhFRNxtEqD5BDMiwVbmtwp2PhpvbJFTmaWyozx37,Yellow,Army Jacket,Silver Stud,x_x,Red,Halo,Smug
624,9,4781,20.1,https://magiceden.io/item-details/J4fv2gHPAVWrnmxt3TJs4YBtSxpZrevEbzcVnSnS7hru,Gray,None,None,Sunglasses,Dark Brown,Army Hat,Bored
688,8.49,3046,39.32,https://magiceden.io/item-details/GcJWuyt1HWrEJBgU3eChktEv35pVrbED89y5LBXd84uW,Orange,Sailor Shirt,None,Eyepatch,Gray,Pengu,Bored
703,6,3362,61.64,https://magiceden.io/item-details/Dopc9VTLmY3gAUobjsfYV2pNdHvYuRBJ4TjBEZVpM2E4,Yellow,Stunt Jacket,None,Bored,Black,Cowboy Hat,Small Grin
730,8.9,1187,50.34,https://magiceden.io/item-details/41PbFKfixqWrmu9FUi8qXBmwBssbV9dTWjrVEhHUgpTd,Orange,Sleevesless Logo T,None,Awww,Dark Brown,Short Mohawk,Cigar
769,10.1,4896,8.16,https://magiceden.io/item-details/8RM479X1mX1jZQVKiwheMd8MCXqPAnJ222FXf5YWGeQs,Gray,None,None,Robot,Zombie,None,Bored
806,6,3399,61.34,https://magiceden.io/item-details/Cu3eHeRTHuwexmRHKP7BqkJZk4S36tQTaJW1h9B4WixD,Dark Blue,Sleevesless Logo T,None,Wide Eyed,Tan,None,Dumbfounded
811,8,4551,31.97,https://magiceden.io/item-details/48D218HUtrAiPwoPpXLb8CjCn1pPP1HgDtAdHJmzUgxv,Dark Blue,Flannel Shirt,None,Sunglasses,Blue,None,Bored
858,10.5,3915,12.14,https://magiceden.io/item-details/Ar3MpwP51vWgeHYiS4NnxvH818tpwb8F4PiqdD2rXs2B,Aquamarine,Blue Bib,None,Holographic,Black,Seaman Hat,Bored
874,10,990,40.94,https://magiceden.io/item-details/K5G1e65wU5dKG22UBxmB6uqFNktFvJW2mTHcsXnFiRM,Dark Blue,Striped T,Silver Hoop,Awww,Gray,Army Hat,Pacifier
881,10,1439,37.29,https://magiceden.io/item-details/4RqVJzwQ6WYKX861N8ca7FDwUFmnT7SYUy2YcS5nazwo,Gray,Tie Dye,None,Hypnotized,Dark Brown,Police Motorcycle Helmet,Cigarette
883,8,4373,33.42,https://magiceden.io/item-details/DgpCCQuA2z3STHzJd27pPdNJGNBLHSeYHkZyPA7UATkH,Orange,Black T Holes,Gold Stud,Bored,Dark Brown,None,Bored
890,6,1970,72.97,https://magiceden.io/item-details/G2tB1QUH8xwkd3GDs2hojqtNexEVH6P1FN2Lhw2HFTuU,Aquamarine,Striped T,None,Hypnotized,Red,Devil Horns,Cigarette
893,8,2355,49.84,https://magiceden.io/item-details/5PQicZKWxhhv9dp6cQXCdERh2GaZw5aqtZfpd7t1UXHz,Baby Blue,Lab Coat,None,Bored,Cream,Irish Boho,Jovial
972,10,3008,24.52,https://magiceden.io/item-details/9LbKRJXGZkipwwiccAQNPEQzsKSQAvFtwEU84yhTLbYQ,Mustard,Bones Necklace,None,<3<3,Pink,None,Pout
978,10.5,358,41.09,https://magiceden.io/item-details/9iRssmt9zkzu6rL1i3x8zZhwWcR7JeQkaup6TYUE6JAD,Orange,Army Jacket,Gold Hoop,Bored,Cream,Cowboy Hat,Toast
996,8,1234,58.96,https://magiceden.io/item-details/HXw5gHyDprnT36UFNwAzNDcoGDqB47uz1pDQV4fdyGam,Baby Blue,None,Gold Hoop,Scumbag,Pink,Fisherman Hat,Grin
1059,8,2778,46.4,https://magiceden.io/item-details/14TCSQM9tk5CgegffX2o8SV7Jc3qPGsNSFD1nwUJzLaT,Baby Blue,Leather Punk Jacket,None,Closed,White,Pengu,Bored
1151,9.99,2894,25.55,https://magiceden.io/item-details/8ktJkK4wWz3JpMt9F5XjjPgm8T5m3fwd9mmryfENpHeY,Gray,Hawaiian,None,Awww,Tan,None,Blue Grill
1226,6.5,4515,47.26,https://magiceden.io/item-details/Bie5VHx4FaWYvMzEjaGRGQHSqocPV3fzsr6LvZ9byQN8,Orange,Caveman Pelt,None,Neon Party,Red,None,Bored
1234,6,1988,72.82,https://magiceden.io/item-details/6C5TjMHuiLBuL82nBdPXKHgmzJJzdNwNV3UNTNyTZAkf,Purple,Hip Hop,None,Heart Glasses,Dark Brown,Bandana,Pout
1249,10,3969,16.71,https://magiceden.io/item-details/B1JoKGL6yFTTXBm3EnF5QCvxWuzSSk4g1RSXT8znAuCv,Orange,Biker Vest,None,3D,Blue,Halo,Bored
1291,5.97,3002,64.87,https://magiceden.io/item-details/4N2Gs76FtNV5UYmuGHEyRbXUfGGMyyWyFw9ZLSXFyPvz,Dark Blue,Flannel Shirt,Silver Hoop,Bored,Cheetah,Ushanka,Bored
1336,7.2,4412,41.1,https://magiceden.io/item-details/4YmJZUif1EyMGbqQhUwqVt7WTsMh8NdtHZ6dkrdx2tGF,Mustard,Sailor Shirt,None,Bloodshot,Black,None,Cigarette
1368,10,3508,20.46,https://magiceden.io/item-details/Qishsh9G3pBvbQ8KzNy5tt1LUHFDqvvTcqfmJJsc8cR,Purple,Black T Holes,None,Bored,Tan,None,Kazoo
1377,8.5,2179,46.27,https://magiceden.io/item-details/3AkKDMEKGV16a6srpoWKWvrx7kQ4BexAoR8NrVUz6HrC,Gray,Bones Necklace,None,Awww,Dark Brown,Fisherman Hat,Ooo
1378,10,888,41.77,https://magiceden.io/item-details/Bfm3wvfx6rP1AgCkUWQ9rkaGHPbg1MhLWnVX7K56zjVT,Baby Blue,Work Vest,Silver Stud,Bloodshot,Death Bot,Police Motorcycle Helmet,Bored
1409,8,1145,59.68,https://magiceden.io/item-details/A6SPZX4vpDMP6b5XsRR7Hmj7SDodSsqo98g67g6gwYsk,Mustard,None,Gold Stud,Sad,Tan,Short Mohawk,Discomfort
1423,10,4916,9,https://magiceden.io/item-details/9oJh3kmqBYj6x6AxAjXpXc4yqmnatm1NK1t1BMUy7NNx,Baby Blue,Biker Vest,None,Bored,Pink,None,Bored
1436,5,4683,60.9,https://magiceden.io/item-details/4yu6fUe5h3JM28jBcV1csUzDzamsfQaN7Y3XkAc8sLfg,Purple,Stunt Jacket,None,Crazy,Tan,None,Bored
1444,8,1899,53.55,https://magiceden.io/item-details/5YLZgw6ND7oZ4eSk3V3qVA2mrzK1ML1EdsappZVt8cER,Orange,Leather Jacket,Silver Stud,Bored,Black,Ushanka,Dumbfounded
1471,8,1684,55.3,https://magiceden.io/item-details/5KMsR7wbdA3HhmQexBwx7qhLZB7LF9KM3qY2Jz18pZtg,Mustard,Biker Vest,None,Blindfold,Black,Bowler,Ooo
1491,9,1770,44.6,https://magiceden.io/item-details/BLfKYttwyLVGGud5NcJANM8GYYyY26tt6pjEjBkPCs2q,Orange,None,None,Crazy,Zombie,Camo Helmet,Bubble Gum
1520,9.5,3416,26.21,https://magiceden.io/item-details/JCseRPhJV2e9DGRxG8s9TWbAVckqxxJKVZKp5s4CYeeG,Gray,Space Suit,None,Sad,Cheetah,Seaman Hat,Bored
1530,10,4435,12.91,https://magiceden.io/item-details/Ab4mKYujXP8BGgonVauyRi6C3qCvA2hdHABSCKJYyPdv,Aquamarine,Logo Black T,None,Closed,Black,Halo,Bored
1538,6.5,3400,56.34,https://magiceden.io/item-details/6rRL3JFia6CiYQXRPxH6dHxBHc3SCebeouPuc9W8ni71,Aquamarine,Fast Food Uniform,None,Awww,Gray,None,Grin
1582,10.5,969,36.12,https://magiceden.io/item-details/6D1bYpRh3oZ8hVDUY8BGJcNnKmBri6oJihLLVPQuDXzc,Aquamarine,Caveman Pelt,Gold Hoop,Bored,Cream,Beanie,Kek
1589,7.39,3330,48,https://magiceden.io/item-details/9FRE3rf3XNtpWYwoDr2vaCW7pKR3h9VPMLHc77j6HTfT,Yellow,Black T,None,Sad,White,None,Small Grin
1598,7,4280,44.17,https://magiceden.io/item-details/9FviAcLKrXAC5DMU1H5r8mX2qCpVq94xayxXfsTuKRr2,Purple,Logo Black T,None,Bored,Cheetah,Bandana,Bored
1602,10,2188,31.2,https://magiceden.io/item-details/4MprJ7tE87ARS1fJ188muPuabAdxYECacEursUV9FAcR,Dark Blue,None,Silver Hoop,Sleepy,Golden Brown,Cat,Smug
1668,7.2,1926,61.33,https://magiceden.io/item-details/J9hejzzV5YJMZf3WCj6Ub18C8KTVDryAAUpTv1dGXWGT,Baby Blue,Army Jacket,Gold Stud,Awww,Cream,Fez,Bored
1689,7,4613,41.47,https://magiceden.io/item-details/7XP3dVpJQY91whNGUgFRS8gBurfkLMbk8eqgSSFSUb3W,Dark Blue,None,Silver Hoop,Sleepy,Red,None,Bored
1704,11,3925,7.06,https://magiceden.io/item-details/AQeCDJUQ837Cm97G9HtA8KDabiatwE7qayL1mZiuj9Pq,Baby Blue,Black T Holes,None,3D,Cream,None,Grin
1732,10,1575,36.18,https://magiceden.io/item-details/9YUC1qJ18jkWs4gmg8HpdBRvcc4odtFPaksPUAWme73a,Purple,Stunt Jacket,None,Robot,Blue,Sea Captain Hat,Pacifier
1823,9,4378,23.38,https://magiceden.io/item-details/YNwEj8WSzxXivUxtZRAbgmrQm3nAfSHbDFfTwk8CZ54,Gray,None,None,Bored,Black,Baby's Bonnet,Pacifier
1828,8.5,3738,33.59,https://magiceden.io/item-details/E4QqrFFwaenWnXwyeqjRi9zJm1rAJpnEPNHUCMZ9twmW,Purple,Black T,None,Heart Glasses,Golden Brown,None,Small Grin
1855,6,4507,52.33,https://magiceden.io/item-details/CkM4mhcU6K7bpFFLNLeaycmw1esZmAC4nPNEHMCQKfTk,Purple,Pimp Coat,None,Angry,Dark Brown,None,Bored
1901,8.4,4747,26.38,https://magiceden.io/item-details/KMRzYFkZQniJmBkpRuAKzyc2CWJE2cqbQ3UUEYeCuWa,Aquamarine,None,None,x_x,Noise,None,Bored
1980,9,4167,25.09,https://magiceden.io/item-details/3VTH3QSwcEQoX7pEeEFpsTvyQiLMNRn4TcCLe7GRUiYj,Baby Blue,Logo Black T,Silver Stud,Wide Eyed,Golden Brown,None,Bored
2024,6,4510,52.3,https://magiceden.io/item-details/BDs9U81MsZFRPizsGdpwpgBxDe7MfcuBGUESmrceANEH,Mustard,Cowboy Shirt,None,Roll,Tan,None,Bored
2052,8,4207,34.77,https://magiceden.io/item-details/39vgg2nqVZUmAMxFTsqQCL1oehzB3Lr4p3NUf553vfEY,Dark Blue,Sailor Shirt,None,Heart Glasses,Black,Sea Captain Hat,Bored
2091,10,1019,40.71,https://magiceden.io/item-details/GSeKCiEQQNBcByWEnDgQkmGgwjEY2jD2RqbwFAC3CsKN,Dark Blue,c22,Silver Stud,Bloodshot,Black,Cat,Smug
2126,10,2462,28.97,https://magiceden.io/item-details/9WiyYw2ikkxC4bmbtXqjeWUBvmsD1BDM4XAAJx3aaa1D,Purple,Leather Punk Jacket,None,Neon Party,Cream,Cowboy Hat,Pout
2135,7.25,4339,41.19,https://magiceden.io/item-details/GV4i3FY1kHm5hfx4HiTeaTrTtvDpxWMRnA1Jw9WkJXu6,Aquamarine,Biker Vest,Gold Stud,Bored,Tan,None,Bored
2143,10.5,2346,24.91,https://magiceden.io/item-details/BiM2VknGomGNo267F7Sxdbc21dxZonvZmDmGjPmYYqqe,Baby Blue,Leather Punk Jacket,Gold Hoop,Neon Party,Dark Brown,Cowboy Hat,Bored
2169,5,3736,68.6,https://magiceden.io/item-details/ACe7h6DA5FqH935RNLktrkkzumNUH9GQcDXh4FJ3YnZQ,Aquamarine,Sailor Shirt,None,Sleepy,Pink,Black Hat,Bored
2200,10,4804,9.91,https://magiceden.io/item-details/DEd9xjzqWgWUFwvsamoRwiZyeDZGar5rzsD9yeVdfnER,Aquamarine,None,None,3D,Black,Bunny Ears,Bored
2234,6.5,3664,54.19,https://magiceden.io/item-details/BP8BVa9Y78jNMwSR1dZCoJ8NaUnKiq6916aDDMJBZv39,Dark Blue,Wool Turtleneck,None,Sunglasses,Black,Sushi Chef Headband,Bored
2298,7.25,2563,55.65,https://magiceden.io/item-details/5WjUe3nnKtUGYoGC3TFGyLctHntdfiqXSedD2qnSuwET,Purple,Striped T,None,Crazy,Cream,Sushi Chef Headband,Grin
2312,10,3421,21.16,https://magiceden.io/item-details/HXSJiXrXStxfEeCU3inTVhhnxXFpLTzRGtwpzMAkqNJH,Aquamarine,Fast Food Uniform,None,x_x,Dark Brown,None,Pacifier
2331,6.96,3019,54.84,https://magiceden.io/item-details/CCowLgUCsbUTuCVWCujB4W9kqQD43jaPJKWPQMujcwRC,Gray,Black T Holes,None,Bored,Golden Brown,Police Motorcycle Helmet,Grin
2346,10,1403,37.58,https://magiceden.io/item-details/7BLqzdH9eFuuG94ZJEVd6UXrvyWBwJZaHvDeBA2DpG9S,Gray,Hawaiian,Gold Stud,Angry,Blue,Spinner Hat,Bored
2403,11,3656,9.25,https://magiceden.io/item-details/HagPqrLg94XjWPqcRx2evAEGUd8oW6dTLMrZHDJtT4Xx,Gray,None,None,Roll,Dark Brown,Fez,Kek
2439,6,1410,77.53,https://magiceden.io/item-details/BnoXT3XkM2dKZUmWq1CLzwpyfiTCQog7doe1KTD9JxNN,Aquamarine,Smoking Jacket,Diamond Stud,Wide Eyed,Black,Sushi Chef Headband,Bored
2453,4.93,4030,66.91,https://magiceden.io/item-details/3P6LNHPXR8Tn64ZJHt3iCa6Y5wUir2gxj3iEm5YZwpFe,Baby Blue,Sailor Shirt,None,3D,Blue,Short Mohawk,Bored
2553,8,4725,30.55,https://magiceden.io/item-details/FDqRZwwv2g3SczJHk8NaL7qJNbKeDJbvKjsp3dZ2wcUZ,Orange,Wool Turtleneck,None,Bored,Dark Brown,None,Cigarette
2572,8,4898,29.15,https://magiceden.io/item-details/C5VqND5Bxc26vqB41PTeQPKcryF82oFXnXsU8wGotK4C,Dark Blue,Flannel Shirt,None,Bored,Gray,None,Bored
2581,8,2543,48.31,https://magiceden.io/item-details/9jtYNVTGycb5vxAYnWxXPGdYaevV66k54rPK3HBvVD24,Purple,Work Vest,None,Hypnotized,White,Camo Helmet,Bored
2708,8.4,3210,38.88,https://magiceden.io/item-details/F1tPkmbE4VGzCkcFzc9WwHhLawc91ArfgMyoTcxSjg7L,Yellow,Army Jacket,None,Heart Glasses,Blue,Sushi Chef Headband,Bored
2768,6.93,2317,60.85,https://magiceden.io/item-details/G2DrBhL5K5vxzrveyo7fRj4c7Yk2d5DKbsuzXvh4HWSW,Aquamarine,Hawaiian,Gold Hoop,Bored,White,Police Motorcycle Helmet,Bored
2786,10,4897,9.15,https://magiceden.io/item-details/HWaDu9KBcpkRoNFuNtTMCVH23QC3SqjV1fSzskNQhd5d,Mustard,Black T,None,Awww,Black,None,Bored
2795,8.2,1520,54.63,https://magiceden.io/item-details/2G7AosDv7DbL5ZqPZCB9S5rxrEVJ3VaSoJNahP1SRACA,Yellow,Toga,None,Crazy,Red,Cowboy Hat,Ooo
2801,10,1066,40.33,https://magiceden.io/item-details/4oR2z2iTYc7zJ3hPwp1w6GnQaMxREkfoEVqTMPTNUFp2,Purple,Black Suit,None,Wide Eyed,Red,Ushanka,Dumbfounded
2863,8.5,2963,39.89,https://magiceden.io/item-details/Ffk1sJyD1Cou8W1HnWgrkxtfcnkAhpeN1ExxUipD4jBc,Purple,Sleevesless T,None,x_x,Cheetah,Bandana,Bored
2921,9,1612,45.88,https://magiceden.io/item-details/28NgdPhPcjGCoUwYn4mtpS9gHTjNmqC5hzDzEhGqxPnQ,Dark Blue,Smoking Jacket,None,Wide Eyed,Cream,Halo,Smile
3001,11,3476,10.72,https://magiceden.io/item-details/Gfzar2Zk9jXt8HcjizMaYtu4NErHhAzUSH9yCYYfqUwq,Purple,Toga,None,Angry,Gray,Halo,Bored
3027,8.5,3707,33.84,https://magiceden.io/item-details/5vLeci6LggDkATzL9kNkPckBkzH7QhSj1kuy1YQiMSBV,Purple,Biker Vest,None,Closed,Zombie,Fez,Bored
3120,6.45,2788,61.81,https://magiceden.io/item-details/2fWTiPT3uHqjoyviNX2xVLeDL8CoHQ6VieUxnE1iJz5r,Yellow,Black T,None,Bored,Dark Brown,Girl's Hair Pink,Kek
3191,9,3143,33.43,https://magiceden.io/item-details/UBgFsVM94oKKc2tvuqZKvZebU5Zt8KPdmmbKi5PobE1,Purple,Sailor Shirt,None,Zombie,Robot,Ushanka,Bored
3249,5.9,1482,77.94,https://magiceden.io/item-details/Av7DNpTgtYPwqsCVXjtbHrgkaP44QckaRp6YXzFW9Mvq,Orange,Striped T,None,x_x,Dark Brown,Irish Boho,Candy Cane
3307,10,3788,18.18,https://magiceden.io/item-details/FtdrXh3dvhMTssjpwM3FTWTCJCo7K5zgaxNJPzebTmXG,Aquamarine,White Bib,None,Bloodshot,Robot,Beanie,Bored
3328,9,3248,32.57,https://magiceden.io/item-details/27tNTRLQS69zGjFneugrNqHgnDfUVAutdR4b2T4JsZbS,Yellow,Tuxedo T,None,Wide Eyed,Gray,Police Motorcycle Helmet,Bored
3357,8,4678,30.94,https://magiceden.io/item-details/6hsNCeH5EDFL9Pz9Ppad98gnTgpVSRErodpNoUm7gKZs,Yellow,Rainbow Suspenders,None,Zombie,Black,None,Bored
3428,6.47,4788,45.34,https://magiceden.io/item-details/BaUA8tuM8FND7eSTbr7xvfwC5rrYSLUChxq4Sb2S7aSd,Dark Blue,White Bib,None,Bored,Black,Seaman Hat,Bored
3464,8,690,63.39,https://magiceden.io/item-details/H1dBrLLCZSLoXtt5DDaqYo4mSxgWCWfMHDy3z3Loz3Fc,Orange,Tuxedo T,None,Angry,Zombie,Baby's Bonnet,Discomfort
3484,9,2706,36.98,https://magiceden.io/item-details/3WE3FPWrQUWiSzzR8J2yxXjsoeccMszUbXr1bwRVdPsu,Gray,c22,None,x_x,Gray,None,Ohhh
3499,7.5,3539,45.2,https://magiceden.io/item-details/FK659jZnC9C2iRxV9oS98m2hezFiQiZBxS48nqcG5gEt,Gray,Hawaiian,None,Sleepy,Death Bot,None,Cigarette
3500,10,1552,36.37,https://magiceden.io/item-details/8Y7HZDdBtUyB68zrx2D5KdjLgaNFKWsW5UsZVSTJZGgG,Yellow,None,Gold Hoop,Hypnotized,Dark Brown,Fisherman Hat,Pacifier
3506,6.46,4247,49.84,https://magiceden.io/item-details/5ACWvbbcsjdvvvaXGUmLjVLDJbups46KwtJfsysA3F1W,Yellow,Cowboy Shirt,None,Bored,Black,Baby's Bonnet,Bored
3538,8.5,2996,39.62,https://magiceden.io/item-details/6Hr6gnrVpmpFHwXzM2XjJbKx7q5382z2UL3m5vUH6gYx,Aquamarine,White Bib,None,Eyepatch,Golden Brown,None,Kek
3582,8.99,3882,27.51,https://magiceden.io/item-details/7os86AqJQGfWEcwJWSjWstFdvLiD9FAPTgfziQyRDK1e,Orange,Flannel Shirt,None,Crazy,Cream,None,Smug
3687,8.98,3726,28.88,https://magiceden.io/item-details/23yAUueD3c2pGDQYdu1n1Zsb2gCj5dwXyD23qdg1wFNZ,Mustard,Blue Bib,None,Crazy,Red,None,Pout
3692,8,2782,46.36,https://magiceden.io/item-details/3yF3reqHq4nEg7xsjgk8sqcVdNWLMkVx8mvayuBgL8uj,Orange,Striped T,None,Sad,Cheetah,None,Cigar
3701,8,2423,49.28,https://magiceden.io/item-details/H7LpnAF9HrRfJXVbBw79gMBSkvUDfWp86evfa7TNNRKc,Mustard,Bandolier,None,Blindfold,White,Panda,Bored
3788,8.5,1321,53.25,https://magiceden.io/item-details/CBijqftn1MyuuWatghswHWqGixR4bHDTcLbh9ZMSYhz1,Aquamarine,Logo Black T,None,Wide Eyed,Golden Brown,Bandana,Wah
3803,6.5,1241,73.9,https://magiceden.io/item-details/CVQJmJKxECmbgrNCNq6uXCHvvMhdbkLvLJwHxtZWxX7s,Gray,Logo Black T,None,Heart Glasses,Red,Fez,Cookie
3807,8,3575,39.91,https://magiceden.io/item-details/AVZdgYqoGDSGzNTBymhQRuACGJ37GrcxgXGdWJpvadhH,Orange,Puffy Vest,None,Crazy,White,Halo,Bored
3835,6.5,4900,44.13,https://magiceden.io/item-details/HWdGXUTthcW7j833aiYepFWrUnVaY7qaH3D7JcreknXq,Yellow,White Bib,None,Bored,Pink,None,Bored
3856,8.42,4591,27.44,https://magiceden.io/item-details/nbQqiY9mCL89xZNKLoSeAhsnanv7HwxRYXr4xYgq3cD,Yellow,None,None,Neon Party,Robot,Seaman Hat,Bored
3897,10,4642,11.23,https://magiceden.io/item-details/CFrxf6dpoNCEDoGoLciR6Q1sQMX24pz2x34dAdZUGyyo,Mustard,Logo Black T,None,Bored,Golden Brown,Camo Helmet,Bored
4011,6.43,3873,53.19,https://magiceden.io/item-details/2LXKf4R2rFwphWSQ3BSWfYQwfRNyQV4ratGaBKSidZBG,Dark Blue,Guayabera,None,Blindfold,Dark Brown,Army Hat,Bored
4023,7.69,1745,57.9,https://magiceden.io/item-details/6k2BFKbzXKq2WVukhBhUjxfDSb6U7C3zbA6EpvVpy61S,Gray,Black T,None,Bored,Robot,Sea Captain Hat,Cookie
4028,10,4355,13.56,https://magiceden.io/item-details/8X7uhJa2P5exmMNXc93RkDgEy3zWfkMqzsKXFx4rL1Vu,Yellow,Biker Vest,None,Bored,Tan,Cat,Bored
4096,7.5,4514,37.27,https://magiceden.io/item-details/EjcccYj2Fyzoxr4oD5UTnapMZDxQMUZH4n5TTuQBK8Vw,Purple,Bone Tee,None,Bored,Gray,Cowboy Hat,Bored
4108,9,2508,38.59,https://magiceden.io/item-details/6R8PSpHVcZisMUsKi26pU9c1zvYX4yWkbWq6fFvLz4rQ,Baby Blue,Black T,None,Sad,Dark Brown,Devil Horns,Rage
4118,10,2857,25.75,https://magiceden.io/item-details/5BiQzp63zVa2mVfinyJ5aSbQdqbTovTZ5uarYc7vCi26,Gray,Black T,Silver Stud,3D,Cream,Cowboy Hat,Bored
4157,10,1784,34.48,https://magiceden.io/item-details/EQcyDw8NqYhm1i8beJpF5wTJMYboCMv2rVgkJ3hegbQA,Yellow,c22,Gold Hoop,Crazy,Cream,Irish Boho,Bored
4228,10,2477,28.85,https://magiceden.io/item-details/6j1Q5XUDJf7xw9GCir1qhLjCZ1tZcQBpzp4LiY6NaQbC,Purple,Black Suit,None,Bored,Pink,Fez,Smug
4262,9,1088,50.15,https://magiceden.io/item-details/HZm6i7Wq2n8NPdMrkHot7KbXbv8kX4UoMJg1J22W7qPf,Aquamarine,Biker Vest,None,Bloodshot,Robot,Trippy Captain,Grin
4285,7.2,1270,66.67,https://magiceden.io/item-details/DDEdqkyndC7AD5bkjez6VhJ3C5mFxD4TiK4wmTmKyYjv,Purple,Smoking Jacket,None,3D,Tan,Sushi Chef Headband,Ohhh
4308,7.39,3710,44.91,https://magiceden.io/item-details/5YGTd5YSVv9G8QoeUMme1R9XRwJ4sEnBxWZhXDL3ZM9b,Orange,None,None,Sleepy,Red,Army Hat,Smug
4409,5.99,4279,54.28,https://magiceden.io/item-details/HdCMvaAMKcAk2Y3sZHmea8G4NogioKWxBZwDymwDG74Q,Baby Blue,Tank Top,None,Crazy,Dark Brown,None,Smug
4416,9.8,1670,37.41,https://magiceden.io/item-details/Bqw5qNgQtJcGnqGsuU47vhM5N9bFHmn8sfs6dCmmyE4u,Yellow,c22,None,Sad,Golden Brown,Halo,Wah
4436,8,4512,32.29,https://magiceden.io/item-details/4vsQxPpnaY4Xms6YgSwcXwBs4ZRH4zxHe9GtKJUpnvQs,Baby Blue,Flannel Shirt,None,Steampunk,Black,None,Bored
4511,9.99,3126,23.66,https://magiceden.io/item-details/6Vv1TtUb7iijAhSLfeLV8wwvVXUUhZMXPk1LGKjNK8z6,Dark Blue,Toga,Diamond Stud,Heart Glasses,Dark Brown,None,Bored
4550,10,2422,29.29,https://magiceden.io/item-details/9vYBtpHcE4mNXpXK4jNRM99x38RWP3W9gwaMkP38S9Qq,Mustard,Biker Vest,None,Awww,Golden Brown,Safari,Pout
4556,7,4458,42.73,https://magiceden.io/item-details/E9LHWr3bQSqtQb9GLAjGn2nBHHiEiK3d2qBLvg3g25Th,Gray,Pink Dress,None,Sleepy,Golden Brown,None,Bored
4607,5.6,4379,57.37,https://magiceden.io/item-details/XabnBFc9fj2aCPVihT1poAKko4MxbenuxjJCQBtSuZw,Yellow,None,None,Sunglasses,Tan,None,Rage
4619,9,916,51.55,https://magiceden.io/item-details/6AZ6rM8kySdyxtwyzFkwc9VRCUkr63CuNmb556SwGdcW,Baby Blue,Sleevesless T,Gold Stud,Crazy,Gray,Beanie,Grin
4782,6,3674,59.11,https://magiceden.io/item-details/AGJLETAzwknQKF72x2a67ENQ4mKhrf5XDeohALzzV7UJ,Dark Blue,Lab Coat,None,x_x,Tan,Beanie,Bored
4841,10,2128,31.69,https://magiceden.io/item-details/8HS8W1ggMYrCDv3LSYKHg3Rn5dQwLzEMqL1BhJgARLw,Orange,Blue Bib,None,Blindfold,Robot,None,Ooo
4884,8,4258,34.35,https://magiceden.io/item-details/J5jg6pwwvzbC2uhPrK3C4nTdNFDQKPW9idZ8WwmMnszW,Mustard,None,None,Crazy,White,Girl's Hair Pink,Bored
4908,6.45,1799,69.86,https://magiceden.io/item-details/2nJRXsGjfL2LiVReQPVsHcRTXkyBG5dwDc3MYfToVJsL,Purple,c22,Gold Hoop,3D,Golden Brown,Cat,Bored
4924,8,4736,30.46,https://magiceden.io/item-details/EkPm6YqmVoXQLfr2DsNrJZBDWZnnLvjUfgMW7Lz8CGzU,Mustard,None,None,Sunglasses,Black,Irish Boho,Bored
