id,price,moonRank,ðŸ’Ž score (%),storeURL,Background,Base,Clothing,Eyes,Head,Mouth
169,0.3,1533,83.63,https://alpha.art/t/GLLGpH3niommuU5WDGtEY9GpQp533LP5hGefLeykou78,Yellow,baseCub,Water Kimono,Blue,Banana,Whistle
173,0.45,736,90.12,https://magiceden.io/item-details/CmzgbVxWDqJKWgYfwVGJVoF5LHu2drNJP7EfYWDsy5tr,Orange,baseCub,Camo Jacket,Hero Mask,Bow,Bone
184,0.395,3288,65.09,https://magiceden.io/item-details/322ALzSG4KKpgQLb7Bo3vLUJWtchhikhBatEoXsDWsd3,Green,baseCub,Blue Sweatshirt,Grumpy,Bucket Hat,Jaw Drop
251,0.5,3366,63.26,https://magiceden.io/item-details/29z6VuKKnBuGZqE8sNYcK7Em8qwDaN7EArn81MnoseXe,Green,baseCub,Hawaiian Shirt,Blue,Bucket Hat,Frown
259,0.42,1958,78.17,https://magiceden.io/item-details/2LD8WMsPAqA5Ww7pZEP1JvSpRQeCgKVo7CXfZvdgY77z,Teal,baseCub,Hawaiian Shirt,Squinting,Fireman Hat,Drooling
267,0.47,2793,69.3,https://magiceden.io/item-details/CBJXj66RK6iRb4Ci7SQdGvY3XCydMuaVDnq3dv73wxhV,Yellow,baseCub,Hawaiian Shirt,Brown,Banana,Tongue
339,0.2,1574,84.22,https://magiceden.io/item-details/9EMeYowKRwEQA1zQMjyDzTfMGpTZt1EoLj2WWQsnPkf,Orange,baseCub,WAGMI Shirt,Monocle,Blue Trojan Helmet,Bone
380,0.4,3218,65.75,https://magiceden.io/item-details/EvLzBsM3WFg4FQ1qEGTHxiE99tyB67bW8sxrgdcSjU8z,Orange,baseCub,Purple Polo,Brown,Rainbow Headband,Frown
382,0.45,3636,61.06,https://magiceden.io/item-details/A5iyVY6A72bFEybAuDLDZCra2Qc3ar7tK4VpsshqXfV3,Green,baseCub,Blue Apron,Grumpy,Rainbow Headband,Kawaii
415,0.2,2058,79.37,https://magiceden.io/item-details/Cun2rMNdjaH9KTnPKDRSJXJej3wv7CYg9DPNbANauAKR,Blue,baseCub,Blue Uniform,Snow Goggles,Elf Hat,Serious
450,0.4,553,92.45,https://magiceden.io/item-details/FhXC3GD9j4KRWukAyWzaWrnK69rXPwd9W85gZCTsLDjr,Purple,baseCub,Red Uniform,Black Retro Sunglasses,Elf Hat,Mean Mug
453,0.3,1696,82,https://magiceden.io/item-details/ER9XqQpTAne1utFdhUjPZwE5TRWNRqoAJacyCrDGof93,Teal,baseCub,Blue Sweatshirt,Black Retro Sunglasses,Cowboy Hat,Vampire
489,0.2,2495,74.99,https://magiceden.io/item-details/CQ6sfmK9sQujBh4sEBQpMUoPhiynuX7hMVisPiEGxgSu,Orange,baseCub,Blue Apron,Black Retro Sunglasses,Penguin Hat,Whistle
514,0.2,3258,67.34,https://magiceden.io/item-details/EnVGCafKE3x5X6y7BJGHmRfXxXsKiP8cyr3cykjC1qit,Purple,baseCub,Water Kimono,Derpy,Detective Hat,Happy
520,0.3,2673,72.21,https://magiceden.io/item-details/5rzn2ZAoiVELMZBeWzzvn2Q4NzPp2t9DSPLMBj9kupye,Orange,baseCub,Water Kimono,Snow Goggles,Duck Hat,Serious
534,0.33,2829,70.34,https://magiceden.io/item-details/EpHx1kdJjDb2gNcEY91eK8Uu7KN6yVqzWm6tAUnrnbS6,Pink,baseCub,Overalls,Brown,Detective Hat,Smirk
587,0.4,1369,84.27,https://magiceden.io/item-details/B2oPEPPZext4tToGSeWkxvvECyiedfLCHQkY47eiWNB3,Blue,baseCub,Coconut Bra,Cute,Ninja Headband,Vampire
686,0.48,3686,60.26,https://magiceden.io/item-details/4P62nGXQQTnhoQjufmfFciKuhnkL5qWKeRgJeyf3M2XM,Green,baseCub,Hawaiian Shirt,Mad,Ninja Headband,Whistle
711,0.349,3342,65.01,https://magiceden.io/item-details/7ZZUurxUZV7Zn2wVucofMesA8jRTqeosB5MDerbbdAyn,Orange,baseCub,Poncho,Mad,Halo,Smirk
738,0.27,434,94.94,https://magiceden.io/item-details/9UePAd8nPA4WmZJwkPaNzdZfcdEsKvuJqxH9DAcFXFQD,Blue,baseCub,Flame Kimono,Hero Mask,Rainbow Headband,Serious
795,0.3,3400,64.92,https://magiceden.io/item-details/6aE8T19bWPPAB6GNA694Sa9tpHnVtEaV9YEDau2qLjNs,Purple,baseCub,Blue Apron,Cute,Bow,Smirk
805,0.22,1552,84.24,https://magiceden.io/item-details/3kcuJq6obzMCHygsySn78fz8RnahSmavBKkuAaMg2J7s,Pink,baseCub,Red Polo,Derpy,Detective Hat,Tongue
832,0.3,1930,79.65,https://magiceden.io/item-details/3qmvT8GPYatQ7U4G8F8WNsea7z3vLixU7J4mqHLE74tu,Green,baseCub,Zebra Print Jacket,Red Retro Sunglasses,Beanie,Scared
838,0.24,3695,62.57,https://magiceden.io/item-details/9QDRK9C9dFNCecZnCUPDUMWJGh49QMAbmiptFyEc2J9x,Blue,baseCub,Cowboy Coat,Blue,Cub Hat,Happy
862,0.25,3408,65.34,https://magiceden.io/item-details/J2YH7n1fnTTGN4vDEkYKMXaJmmXnHEh4bYbEmarzb5ns,Purple,baseCub,Overalls,Mad,Bucket Hat,Serious
929,0.499,3948,57.44,https://magiceden.io/item-details/GVfSg5zMbyhrarU9hHLsNWbKXTADyEDsKwGbPBRuHiMQ,Purple,baseCub,Hawaiian Shirt,Mad,Bow,Scared
930,0.4,1438,83.58,https://magiceden.io/item-details/CS7bLjqQ6gnyGBvf74LZfaHpb51z9WfVgJon5fMPmZ3i,Orange,baseCub,Cowboy Coat,Cute,Beanie,Frown
948,0.39,3855,59.46,https://magiceden.io/item-details/2SXaVQ7Vx6V58MGHaWfUuShR59d34HURLEFCMXdcxAiX,Orange,baseCub,Skeleton Shirt,Brown,Detective Hat,Happy
1003,0.4,2223,75.72,https://magiceden.io/item-details/4mBDzqVh1aaSyGTb2n22k3aSYYw2cXTvQZ6CURQX8SJb,Green,baseCub,Zebra Print Jacket,Drippy Sunglasses,Duck Hat,Smirk
1010,0.3,1952,79.43,https://magiceden.io/item-details/AWEFbGaqG7S8msjFxakdav2Ned5sQGQkgXEUtZYBMff6,Blue,baseCub,Overalls,Drippy Sunglasses,Cowboy Hat,Drooling
1023,0.4,1761,80.34,https://magiceden.io/item-details/HepsgW5kXomzGuMvpE6E8KWwkRmq3eQxzuhCg3EHnbfs,Orange,baseCub,Coconut Bra,Drippy Sunglasses,Duck Hat,Mean Mug
1029,0.35,3157,66.86,https://magiceden.io/item-details/GEEh2icMpNF7BJCaRfjfWXd3yTLRMf5ZqtSeGAw7EGo7,Teal,baseCub,Red Polo,Mad,Top Hat,Smirk
1033,0.3,2062,78.33,https://magiceden.io/item-details/Gamxu2QuwnTeH2d9rPLMc94z14Zt6PyhgPsQwjykTD87,Teal,baseCub,WAGMI Shirt,Squinting,Fireman Hat,Tongue
1051,0.25,2341,76.03,https://magiceden.io/item-details/5JZgm5Vrcq72SqHK3BpkYiZHcn97vxvnUtEh3h4rKNbB,Green,baseCub,Poncho,Eye Patch,Clubhouse Hat,Tongue
1054,0.3,1135,87.62,https://magiceden.io/item-details/Budv65PQpqTyKKPhhsb6TjjRv8eZz5WphJqAX3pAVYTY,Teal,baseCub,Skeleton Shirt,Red Retro Sunglasses,Beanie,Smirk
1057,0.5,479,92.19,https://magiceden.io/item-details/33rdwNcEzi3ESMbJoJeSQEcfpB4JXqqL6U6RVugFRCLd,Yellow,baseCub,Coconut Bra,Monocle,Penguin Hat,Vampire
1076,0.319,1866,80.1,https://magiceden.io/item-details/5LXMSepcfANGTtbhTvgbdTvTqdem3nR9KJU1jhtk12oi,Blue,baseCub,Red Polo,Shades,Duck Hat,Vampire
1113,0.4,3069,67.24,https://magiceden.io/item-details/BzMWfpw8ChtSM2keYdrASiJMhoDzqmhPYdXv3L7yTBvj,Blue,baseCub,Water Kimono,Eye Patch,Fireman Hat,Whistle
1162,0.5,3992,56.99,https://magiceden.io/item-details/6NRS2kuKUwTzg5j2qsZSssMWotNtTFcC2jLZaiGNotbx,Purple,baseCub,Hawaiian Shirt,Brown,Clubhouse Hat,Happy
1184,0.3792,1971,78.45,https://magiceden.io/item-details/F5qu36kz261YiuYwvGAuSwAghUJrPQftHo1FGXAjDnsc,Green,baseCub,Purple Polo,Hero Mask,Detective Hat,Happy
1211,0.44,3785,59.66,https://magiceden.io/item-details/DCNekwyD3RkN9GPPxQnDmZkAqpUHWWAaWzqpX717z3jx,Teal,baseCub,Hawaiian Shirt,Mad,Halo,Happy
1212,0.4,2736,70.58,https://magiceden.io/item-details/Dh5j6WdhaTLBw5jQVFvJo9AGKX2rP6ThiqWqYheadv2r,Pink,baseCub,Zebra Print Jacket,Brown,Beanie,Tongue
1239,0.6,847,87.5,https://magiceden.io/item-details/Eh1uhgta5bq8GfvVus8om7uN7CnBdRCiwKcRTxGJ36rD,Pink,baseCub,Pink Camo Jacket,Shades,Fireman Hat,Whistle
1242,0.395,1883,79.17,https://magiceden.io/item-details/AsFqbdZdHsimi2T4FugPbEfo2LDeTHob3UGWcFnFmWL7,Orange,baseCub,Zebra Print Jacket,Monocle,Prop Hat,Drooling
1256,0.2,2001,79.94,https://magiceden.io/item-details/Ei4CZUuzCEE7MEpQAT5jWyaiguUvbgP4Lzq7A8K9nM3V,Yellow,baseCub,WAGMI Shirt,Mad,Cowboy Hat,Vampire
1258,0.2,3442,65.5,https://magiceden.io/item-details/ADowsBjCrkpunJBjpgj2KxYh29xRP8Xj9iSneJMijZrz,Yellow,baseCub,Blue Sweatshirt,Brown,Fireman Hat,Smirk
1259,0.2,3080,69.13,https://magiceden.io/item-details/ChxZqkdG6bg4n1dRsgjLdidkerwF3q6nCjZiTafJQJ9K,Green,baseCub,Cowboy Coat,Mad,Ninja Headband,Smirk
1287,0.2,1525,84.71,https://magiceden.io/item-details/9KUFtCz8ZQ1t39akmufrEQUqG3i8aa82TN6ducZU7nrh,Purple,baseCub,Sweater,Eye Patch,Leaf Crown,Kawaii
1299,0.3,1072,88.25,https://magiceden.io/item-details/7Hoj8GJPriCfJce4eDL7imVnnQYQT1CB5ZTu5cKvJPmY,Orange,baseCub,Tiger Print Jacket,Black Retro Sunglasses,Rainbow Headband,Jaw Drop
1314,0.395,2640,71.59,https://magiceden.io/item-details/7zWuQfx6UeNL2217hBgwvn5WQZU7TQ1esQxpXuRSJZNY,Pink,baseCub,Blue Apron,Snow Goggles,Prop Hat,Happy
1327,0.2,2807,71.86,https://magiceden.io/item-details/3j6gj6LsUHBhbM8TM2VP2qCPKCpxvmA8VXpWWPDhPJ81,Yellow,baseCub,Hawaiian Shirt,Mad,None,Kawaii
1331,0.32,3945,59.26,https://magiceden.io/item-details/GoourBwKStVQxqscw6CdvKar4MLqHAmMijKzAjNnYzDV,Green,baseCub,Hawaiian Shirt,Brown,Ice Cube,Bone
1354,0.5,466,92.32,https://magiceden.io/item-details/Hkr1Vr2JADjgJyGChxirAxXJ996oSUGeSRNZ6Ks2QzLc,Green,baseCub,Zebra Print Jacket,Cute,Ice Cube,Bubble Gum
1444,0.3,2606,72.88,https://magiceden.io/item-details/FLikpov21DSL5p1q4xQsG2pEcrCnbJ3skQoz4HTQBWTx,Blue,baseCub,Red Polo,Snow Goggles,Detective Hat,Smirk
1460,0.2,3935,60.56,https://magiceden.io/item-details/DHjk31NwRSDX3LXE8w14kMdfzsRotrN4eUf59KsvKrtf,Orange,baseCub,Red Polo,Brown,Bucket Hat,Whistle
1495,0.35,1197,86.5,https://magiceden.io/item-details/4uz7DATBUc3PgCX29CSL8opK1QvN1pxjYbqzyFQ2PqWG,Pink,baseCub,Tiger Print Jacket,Brown,Prop Hat,Kawaii
1499,0.2,2976,70.17,https://magiceden.io/item-details/5uA2nX15hPf2J1jHS64BEDbAkE7pgUkiteFVttrPzZ4Q,Orange,baseCub,Coconut Bra,Blue,Elf Hat,Frown
1546,0.35,2128,77.17,https://magiceden.io/item-details/nfgTyGay2XAbJRn3NNPhAuNrU3niimgXbdcnzUuxeGV,Pink,baseCub,Blue Apron,Snow Goggles,Bow,Kawaii
1568,0.4,3450,63.42,https://magiceden.io/item-details/JqCz1p4rNUXRD9uohTJV7CsBwoL9De9JytqAXXZATTR,Green,baseCub,Coconut Bra,Monocle,Bow,Scared
1576,0.25,3454,64.88,https://magiceden.io/item-details/7MLjJ4ZNjyAg5TxG6JhrwUQ2PrYf1sjvXptBHTD7fJPn,Orange,baseCub,Blue Uniform,Black Retro Sunglasses,Bucket Hat,Smirk
1582,0.25,3766,61.75,https://magiceden.io/item-details/2ZiDsHCzcxPEK88FkkdX8ruPHAFaMgoPV7CS1TprxXgj,Purple,baseCub,Rain Jacket,Brown,Cub Hat,Drooling
1586,0.3,2981,69.12,https://magiceden.io/item-details/9C9NxCWa5DEeM5QUhpRR1rRRcxXcbGni4XUYrMGWtdQK,Purple,baseCub,Zebra Print Jacket,Brown,Ninja Headband,Jaw Drop
1605,0.25,2831,71.12,https://magiceden.io/item-details/7quEaYKX2yJPbtMic4y7ZYH1dt8tyXeWk4krzxYcZJFk,Blue,baseCub,Choker,Blue,Bow,Tongue
1611,0.3,1676,82.2,https://magiceden.io/item-details/9BvdHqt4aZzfNGhjVs2fAYYZJh3Z54QaSBPrB697D6E1,Yellow,baseCub,Sweater,Red Retro Sunglasses,Ninja Headband,Happy
1623,0.4,2815,69.78,https://magiceden.io/item-details/4sJ6hdJ88x4RtpivSXgRwbfg2wTN2Jp3U6T5DQWa86tK,Green,baseCub,Banana Shirt,Squinting,Prop Hat,Scared
1634,0.2,2933,70.6,https://magiceden.io/item-details/AcBGNqHCozdTsdTYV8tP79TJVsAUPs1F2pVhYiRZvMkV,Pink,baseCub,Hawaiian Shirt,Blue,Top Hat,Tongue
1670,0.45,1895,78.5,https://magiceden.io/item-details/DiqS449fsd1WzZZkYKALkDRzaiwcUSMDgbn4edfwMjAu,Blue,baseCub,Water Kimono,Red Retro Sunglasses,Fireman Hat,Drooling
1699,0.5,1500,81.96,https://magiceden.io/item-details/EDd4gdZdpeof733xpaYmAUQh1axa3E9sZrQb3vSBTNLc,Green,baseCub,Tuxedo,Grumpy,Beanie,Vampire
1721,0.35,1205,86.42,https://magiceden.io/item-details/CNRCDkQ7ZLNkuUY6DhxgiW84Z36iRBKmp8baCnTzTPqm,Blue,baseCub,WAGMI Shirt,Shades,Leaf Crown,Jaw Drop
1786,0.5,451,92.47,https://magiceden.io/item-details/EtBE9EepBP3eYQsfQxWVRvwiRm6v3dm5kNAwpSBM3Py1,Orange,baseCub,Banana Shirt,Derpy,Red Trojan Helmet,Smirk
1796,0.33,3367,64.95,https://magiceden.io/item-details/F1Za1eKJ6YrCXH4a3zUTrM3ddiSe1WQPjKGH41GyJDNy,Blue,baseCub,Red Polo,Grumpy,Cowboy Hat,Frown
1797,0.24,2318,76.36,https://magiceden.io/item-details/uKGj9jtG7hjuNfpGccqVNiVrPUtBSJRp6ELZFjizRcD,Blue,baseCub,Hawaiian Shirt,Hero Mask,Cowboy Hat,Jaw Drop
1802,0.5,1201,84.96,https://magiceden.io/item-details/3jiuh6uuXLyyXf1abyimGRNJDed1t9LAdv2ZvmsZtjva,Pink,baseCub,Blue Sweatshirt,Brown,Banana,Vampire
1811,0.5,1344,83.52,https://magiceden.io/item-details/AHUXZLds8z8U4yJCaE5TjMrXYvvRLbusJbvNGrGpqGqt,Green,baseCub,Purple Polo,Cute,Prop Hat,Frown
1920,0.48,1278,84.38,https://magiceden.io/item-details/5sDKCRFvoZ7xwPJa3qM9tFt2yhwecdHTGx1kyxbaDp1P,Pink,baseCub,Cowboy Coat,Squinting,Halo,Frown
1932,0.45,858,88.89,https://magiceden.io/item-details/E8KXTSX82dZ8ceeoMLvRt1DdxyzjgDrzcqmPyvwMyreJ,Teal,baseCub,Zebra Print Jacket,Squinting,None,Frown
1967,1,2428,67.66,https://alpha.art/t/GoHhq88uCW9HPFKHNmQPkeLp8t24EYHGDRWkHHgqaNTJ,Blue,baseCub,Red Polo,Hero Mask,Bucket Hat,Kawaii
2002,0.3,1473,84.23,https://magiceden.io/item-details/G3fQ7LoepCu2arA3BaTHhb21kWyz42JRM5Xjz3aJrHen,Yellow,baseCub,Blue Uniform,Drippy Sunglasses,Top Hat,Kawaii
2011,0.21,3154,68.29,https://magiceden.io/item-details/5DoKX4yGjpdgmwEmsXcbHx2WAwpKjjMMBuEepPVYsbuu,Pink,baseCub,Hawaiian Shirt,Grumpy,Ice Cube,Whistle
2012,0.25,3119,68.24,https://magiceden.io/item-details/HVAruqW2LpKGF8jBiBwmt9KshmNUGFgja65x7cxjcKhx,Green,baseCub,Hawaiian Shirt,Cute,Beanie,Smirk
2032,0.2,3776,62.15,https://magiceden.io/item-details/7kHjWPB7rRNevFPh1gZPXiZtRaKqqEMGvXcAvtW4gvYB,Blue,baseCub,Hawaiian Shirt,Grumpy,Halo,Scared
2050,0.49,1566,81.4,https://magiceden.io/item-details/JCCcNAAhd1dcc7EjBw5keQ27eGxqXvLzVnCAyqrz4VQu,Orange,baseCub,Pink Apron,Hero Mask,Beanie,Serious
2054,0.5,1771,79.24,https://magiceden.io/item-details/7vH4GUrPfjUkiiEhPZkBmm2LkAv81pAt8ft7Xjcz4pNJ,Purple,baseCub,Blue Uniform,Grumpy,Fireman Hat,Vampire
2061,0.2,3735,62.57,https://magiceden.io/item-details/7iqUNVj8GZfWGSeWZG42ZxYULXqEYfFSnXsbKVXJNbrj,Purple,baseCub,Rain Jacket,Grumpy,Cowboy Hat,Smirk
2074,0.38,3956,58.55,https://magiceden.io/item-details/HwrTXTU4ULs7eqJde7t65bSXAws1A7RUpdw9Jnnwhdku,Green,baseCub,Blue Apron,Brown,Green Beret,Happy
2098,0.26,2877,70.56,https://magiceden.io/item-details/H4aGQoHDxZqXhDsxtMruAQPi5Ai4q6r145ZpAcgxi5mo,Orange,baseCub,Poncho,Mad,Cowboy Hat,Drooling
2122,0.29,3145,67.58,https://magiceden.io/item-details/5uKvbfKdDMS2eJJUoFdd8w2sdJaCBvqMDakrAJSkSqhK,Yellow,baseCub,Coconut Bra,Monocle,Top Hat,Happy
2183,0.3,3732,61.6,https://magiceden.io/item-details/7ziAo3B1D5v5gxwzpbo6nSFqnYQjjpYBZ11JjsZwueCY,Green,baseCub,Water Kimono,Grumpy,Bucket Hat,Smirk
2190,0.22,2382,75.92,https://magiceden.io/item-details/9P8YY9xJ7TS8XQYfyXfyzeTPVVzbF8kLcmEAe9MXugP3,Yellow,baseCub,Coconut Bra,Grumpy,Green Beret,Smirk
2198,0.35,946,89.01,https://magiceden.io/item-details/GGGeN9wgVioubNqAW5xoTyr4ESoVjADEjznNCqukjY2,Teal,baseCub,Blue Apron,Mad,Red Trojan Helmet,Kawaii
2283,0.5,2102,75.93,https://magiceden.io/item-details/2rRmGvTnpXz1yh3WgYnTz2yB4UiZW4jo2uBvhm44bdL9,Blue,baseCub,Tiger Print Jacket,Mad,Ice Cube,Smirk
2298,0.3,2674,72.2,https://magiceden.io/item-details/G5qmN9jVibUa46RY5dHPc3cFy1Siv1vWCXWy1SGjnA6H,Green,baseCub,Hawaiian Shirt,Eye Patch,Leaf Crown,Tongue
2319,0.3,2812,70.81,https://magiceden.io/item-details/3cCgP7JVdB5dHnwdgunM5bTY2eqrU6A9ubiYP7D7NSz7,Purple,baseCub,Skeleton Shirt,Mad,Fireman Hat,Whistle
2340,0.3,3115,67.78,https://magiceden.io/item-details/CEqz6vrpLAucmAVaHvqNrdzVHyBd983e5znfGpoPQqL5,Orange,baseCub,WAGMI Shirt,Grumpy,Banana,Happy
2356,0.26,3966,59.65,https://magiceden.io/item-details/H9Uka6Fa2KM33ZpcW6HMzmHZ5mJpWopLCCkJJT4dSEcg,Orange,baseCub,Blue Sweatshirt,Brown,Ice Cube,Smirk
2357,0.2,3734,62.58,https://magiceden.io/item-details/4qWhB3jqW8keZnzzqssP2bPCMKbRUcPS9pTPVJZnZyAY,Orange,baseCub,Hawaiian Shirt,Mad,Cowboy Hat,Drooling
2368,0.34,1580,82.76,https://magiceden.io/item-details/HysGTW4e5HZfgGsiXfJXLv1UPGh71vRvxvevs8sQ5y29,Yellow,baseCub,Pink Camo Jacket,Drippy Sunglasses,Bow,Tongue
2384,0.5,287,94.11,https://magiceden.io/item-details/3TMhT5E9JTbz2AYbY3u1GSNRqTnMpVgKydDuT8uqEjRm,Purple,baseCub,Pink Apron,Cute,Red Trojan Helmet,Drooling
2389,0.4,2410,73.84,https://magiceden.io/item-details/BoRD6PtrneQu2sSYMLQVVWJutTTwpGaeEkrga2XuqVd6,Green,baseCub,Zebra Print Jacket,Monocle,Prop Hat,Tongue
2410,0.25,1001,89.46,https://magiceden.io/item-details/33hs7RXNsMbL2CKQ7zW72mqbRrYGbjwRW2EdgwQTp3Kx,Teal,baseCub,Coconut Bra,Red,Rainbow Headband,Scared
2411,0.2,3974,60.17,https://magiceden.io/item-details/B4BpR7aAes6Yn9bKj9VgajRNd1P2ajCgcAV7deGbLabx,Purple,baseCub,Hawaiian Shirt,Brown,Cub Hat,Kawaii
2448,0.3,2444,74.5,https://magiceden.io/item-details/DTRzua9NL1HDFgpkjsgRsLgE6tLiBLf4DMivHBYPydq1,Purple,baseCub,Skeleton Shirt,Monocle,Rainbow Headband,Whistle
2459,0.3444,2614,72.35,https://magiceden.io/item-details/6QT41QdRLs4daVJcf8ZpNoXydoYoEor5wSvpVWd8sxy1,Purple,baseCub,Pink Apron,Mad,Detective Hat,Frown
2481,0.25,3447,64.95,https://magiceden.io/item-details/4x7LNcydVgReYW6v1WR7QL7WPnPtpxNjww81wPD2A2kZ,Orange,baseCub,Pink Apron,Brown,Clubhouse Hat,Serious
2493,0.25,3641,63.01,https://magiceden.io/item-details/A48izeKkHQyKWAmoRBX21dhSwcSaG5jSYRySsKh3ZzvL,Purple,baseCub,WAGMI Shirt,Brown,Penguin Hat,Happy
2503,0.4545,3587,61.5,https://magiceden.io/item-details/5pEpkWPKpR6XvNitFnJu8naeCSgWL9Jfp8bMYxV3MPkf,Purple,baseCub,Coconut Bra,Squinting,Green Beret,Happy
2517,0.4890123,1757,79.49,https://magiceden.io/item-details/5PLyjYM42tX9CH34VE2LCfKh4eZW3ZxVnhVcmkKbgyLD,Red,baseCub,Red Polo,Derpy,Duck Hat,Happy
2573,0.4,2452,73.42,https://magiceden.io/item-details/H1QGfZ23HZsPrGuDKXhbExuuS59JH14yvTVZt6DvqexA,Pink,baseCub,Coconut Bra,Monocle,Duck Hat,Smirk
2583,0.22,3089,68.84,https://magiceden.io/item-details/CUBPce3io1LgtH11Egt2YUTPE5YE2KWS7LTEs29z7bN9,Blue,baseCub,WAGMI Shirt,Black Retro Sunglasses,Cowboy Hat,Frown
2600,0.2,1587,84.09,https://magiceden.io/item-details/AV5jWYwaikgZAivjJsgxmqmDGNjsQwPgRfp3gEtHHY4c,Yellow,baseCub,Cowboy Coat,Grumpy,Green Beret,Scared
2602,0.21,3665,63.17,https://magiceden.io/item-details/HCHN7aZwcsnmiMhN9KiiFjPNjRs5hMueojB8SVVc9LXi,Purple,baseCub,Red Polo,Black Retro Sunglasses,Green Beret,Happy
2604,0.35,2380,74.64,https://magiceden.io/item-details/6z23F95MDkhwaELuuS7Y1bEPKGsFDq7ViFgXyfVbqJNa,Pink,baseCub,Water Kimono,Hero Mask,Cowboy Hat,Happy
2608,0.35,1643,82.03,https://magiceden.io/item-details/G9Ct6hzfCq6Cf2B6GDHw36hsWiiYnPLwvaSztWEvQYnu,Green,baseCub,Pink Apron,Eye Patch,Halo,Mean Mug
2752,0.199,2106,78.9,https://magiceden.io/item-details/Ga9HNDJgdxg3qax7Pvt8NfZ5Ra8HEvfrghCJxLfDvFcY,Purple,baseCub,Hawaiian Shirt,Drippy Sunglasses,Winter Hat,Drooling
2756,0.45,3458,62.84,https://magiceden.io/item-details/HKgt6dUPYEYLVXzbEHi81MJuqLSqaeW9p6UNwRj8DTV9,Blue,baseCub,Pink Camo Jacket,Brown,Top Hat,Whistle
2761,0.28,2147,77.68,https://magiceden.io/item-details/FBMnBZXusMrGRrPha3qHoMaXJxBgf6u3eCcXZcqDygQD,Pink,baseCub,Red Polo,Shades,Rainbow Headband,Smirk
2801,0.6,2124,74.71,https://alpha.art/t/B35goBbbZNZGZn5SCGvWN13NJ9DySpKju32WLE9x2zKs,Green,baseCub,Zebra Print Jacket,Shades,Top Hat,Smirk
2818,0.24,3987,59.64,https://magiceden.io/item-details/Fn8EWsVXVnJPU5jbdbN7di1exyPe5S8hhb4f4LewZ69R,Green,baseCub,Hawaiian Shirt,Mad,Bucket Hat,Happy
2819,0.2,2609,73.85,https://magiceden.io/item-details/Fh5PihefQDmXu2GVLgqkpPKAU8CZA8PWrLgb8dt6hLrM,Purple,baseCub,Water Kimono,Snow Goggles,Ninja Headband,Smirk
2825,0.26,2014,79.21,https://magiceden.io/item-details/36TSHHUVgVY2oEqbjavVA3tV8jXHCoTeZthvWtF8uB9d,Orange,baseCub,Cowboy Coat,Squinting,Bow,Mean Mug
2828,0.35,2103,77.42,https://magiceden.io/item-details/8qbcAqAYDzzJuTdyxfFviReKtPNzmPPCRajWqNbPrusM,Pink,baseCub,Skeleton Shirt,Blue,Duck Hat,Smirk
2843,0.3,2481,74.13,https://magiceden.io/item-details/4CPHNyvLLdTFFNgwgELSbDzapmsSQQ9VyNK6hG75QfQ7,Blue,baseCub,Poncho,Grumpy,Ninja Headband,Bone
2852,1.25,1894,70.51,https://alpha.art/t/3ewUBXBoLRWBjdf6R6Qsx2w4DjacwdbT2d6G9cfKjgVG,Pink,baseCub,Poncho,Blue,Ice Cube,Serious
2893,0.3,2709,71.85,https://magiceden.io/item-details/3C3yGyR189nmhxmrbKKpoLiiLn7HuzkrZT1kEUvkTrLu,Green,baseCub,Referee Shirt,Brown,Elf Hat,Happy
2898,0.3,3591,63.01,https://magiceden.io/item-details/7mmdFXYLp2e5Jq4xXmPjbR9ks5thymofnUAVYpLFNzZx,Orange,baseCub,Water Kimono,Black Retro Sunglasses,Halo,Tongue
2910,0.5,620,90.78,https://magiceden.io/item-details/H2sgfw9wmkJ91ZAXB7sK3vWvTtametTRVmfmqu21w1AJ,Teal,baseCub,Caveman,Black Retro Sunglasses,Elf Hat,Smirk
2938,0.27,2109,78.16,https://magiceden.io/item-details/A16pwDC4cUAv9XFD3WzNJxX7SNs3UMwmi4ar9at28fdK,Teal,baseCub,Poncho,Brown,Halo,Frown
2975,0.3,3582,63.1,https://magiceden.io/item-details/85UXBwA6bPmjEJabBFEt7RppWr5i2jaNGGAxU6GyVDez,Pink,baseCub,Hawaiian Shirt,Mad,Bow,Tongue
3018,0.42,3926,58.45,https://magiceden.io/item-details/Da3UCi55CwzcjqsoYUHuYXMzCJp9y8zMzmAkLes48rTY,Orange,baseCub,Water Kimono,Squinting,Bucket Hat,Happy
3033,0.2,3986,60.05,https://magiceden.io/item-details/67gWcd2TSZA6umdGtD31LzgbRSWL9fex8KoKLM2Cma9a,Orange,baseCub,Blue Apron,Brown,Bow,Tongue
3076,0.3,3463,64.29,https://magiceden.io/item-details/6zG98JGJv4QBuKoPSAVuB25MS2mtAiVtFbfTVqT4TqHQ,Green,baseCub,Tuxedo,Brown,Cub Hat,Bone
3085,0.2,3761,62.3,https://magiceden.io/item-details/Gy9BeaaPxsTeP4YvogyiFUoB24GzoWG4W1wZ1GTKdyax,Orange,baseCub,Rain Jacket,Brown,Clubhouse Hat,Kawaii
3086,0.3358,631,92.31,https://alpha.art/t/APUV41vCqkkJDZG2vMmX8eEPBjwtLoLhscdApcZQGeuK,Green,baseCub,Skeleton Shirt,Eye Patch,Red Beret,Jaw Drop
3159,0.24,1939,80.16,https://magiceden.io/item-details/FyCyAP6yCmHD4bvxwFyJ93qcduUEiBwqRzGvxtBkAmLb,Teal,baseCub,Sweater,Squinting,Cub Hat,Kawaii
3180,0.35,1569,82.77,https://magiceden.io/item-details/3Bd3MMZANepS37p7zFSr9gRSKJLkNRm28w9mKd5quzNP,Red,baseCub,WAGMI Shirt,Brown,Bow,Mean Mug
3185,0.4,1085,87.12,https://magiceden.io/item-details/CTptSy5M6vbnhY2ATocnCttywpKnFTKcXjSSLV5Z9M7N,Pink,baseCub,Overalls,Grumpy,Top Hat,Mean Mug
3196,0.25,1544,84.02,https://magiceden.io/item-details/EttCnSSmySUjPaEZSVbStJYnHb7bm6ewH3DdrgFt4viQ,Pink,baseCub,Overalls,Brown,Ninja Headband,Vampire
3215,0.3,2625,72.69,https://magiceden.io/item-details/HyZZDP6SKQUnRZxqYS3tTfrnH58Av2CmkBQQVVbji7rS,Green,baseCub,Water Kimono,Monocle,Prop Hat,Jaw Drop
3271,0.35,1229,86.18,https://magiceden.io/item-details/D5LB3kj31vVh43T4JLeBFMA4TNFfrjbWaLDZqBFfiyhE,Yellow,baseCub,Skeleton Shirt,Shades,Prop Hat,Whistle
3327,0.2,1795,82,https://magiceden.io/item-details/CH1cixRED6fPTNXtHc5ZxK4n7ck6b6WvrRLmbEoxTT99,Purple,baseCub,Poncho,Hero Mask,Cowboy Hat,Tongue
3350,0.31,2725,71.59,https://magiceden.io/item-details/3esSiqKbHFxiVAK7GsajLnWJRKRxHCfh7rsZRV48dqfm,Blue,baseCub,Coconut Bra,Squinting,Ninja Headband,Frown
3396,0.3,3814,60.77,https://magiceden.io/item-details/764RKn8peSxRE5SmeRhTVT8sTawJHqjXWznavqbwv71M,Green,baseCub,Blue Uniform,Brown,Cub Hat,Kawaii
3417,0.395,1811,79.89,https://magiceden.io/item-details/PoZDycpiJ6Y4zBeWfDcMeHm3fAwACgZMj8bV4gNE96S,Green,baseCub,Banana Shirt,Eye Patch,Fireman Hat,Jaw Drop
3424,0.5,697,90.01,https://magiceden.io/item-details/2sGCdpH5LLMSckoUhTkgByhk5NgueytX35YXTM3pvqSD,Red,baseCub,Skeleton Shirt,Hero Mask,Beanie,Happy
3472,0.3,2795,70.98,https://magiceden.io/item-details/3GN9yJAPTf63Vk6x54C13kP7HoNK1FFsxEmq8K7MMowz,Purple,baseCub,Purple Polo,Blue,Elf Hat,Tongue
3503,0.4,3137,66.56,https://magiceden.io/item-details/xfXT2wqNbeQSHCpELDB7iWy36HruwXmMuPFBFt7uxsE,Yellow,baseCub,Water Kimono,Brown,Winter Hat,Serious
3514,0.3,2575,73.19,https://magiceden.io/item-details/Fb4Qb6sK1gtfyGGwo6jndZCqFQd2jiiuSYHQAsoQWAXY,Purple,baseCub,Banana Shirt,Shades,Bow,Scared
3531,0.45,3051,66.92,https://magiceden.io/item-details/6ViSWwY2cxZkB18v8XjhApDqpvArArTCtHagQaiYqJuS,Green,baseCub,Sweater,Grumpy,Bucket Hat,Scared
3630,0.3,2887,70.06,https://magiceden.io/item-details/EmmecykAh7pHLeKBi4J27tpyMNKqe1V33ABqTWJXqtuK,Purple,baseCub,Red Polo,Blue,Ninja Headband,Jaw Drop
3638,0.4,791,90.06,https://magiceden.io/item-details/22y5nDXLMF8fYwBnapquoV3jtCuftx8yKXqD2kydPZQU,Blue,baseCub,Blue Uniform,Red Retro Sunglasses,Banana,Frown
3666,0.2,3416,65.76,https://magiceden.io/item-details/8BuZZ4nGzpqDZQuRqiMi9i3nfm67iyDWKGJmFHpTSpGo,Orange,baseCub,Tuxedo,Brown,Clubhouse Hat,Smirk
3725,0.39,1223,85.84,https://magiceden.io/item-details/2DcgnxnvJWYFbkhwjPPPamj2W9VYRxhzRvf2fkCzAG5M,Blue,baseCub,Pink Apron,Brown,Penguin Hat,Brown Beard
3770,0.25,3593,63.49,https://magiceden.io/item-details/2VQCS5emDEe2FeeQx8jXCu6YojMmDqPtRes8ZrhUyJvv,Purple,baseCub,Poncho,Black Retro Sunglasses,Rainbow Headband,Happy
3856,0.25,3834,61.07,https://magiceden.io/item-details/8Vu1Q9QuBynMZR217AESDgasxS93iKcGHyZEQJco1JBw,Green,baseCub,Blue Sweatshirt,Mad,Duck Hat,Smirk
3864,0.4,2939,68.54,https://magiceden.io/item-details/9Y2hjm7xuWpZTsy8ziUxtziq9Vsx4CgEwTuMTZ2XBE3V,Teal,baseCub,Pink Apron,Grumpy,Prop Hat,Happy
3903,0.35,1809,80.36,https://magiceden.io/item-details/3oFWDTAJNzZkLsWgtbMYyTpRG96YgBbMcW8ipSX8X3Yd,Green,baseCub,Water Kimono,Cute,Cub Hat,Vampire
3914,0.2,3098,68.95,https://magiceden.io/item-details/AVJEFkVCJi6GjRm8tVSpu9UDYiws2zAYGdpJJeBUPGZH,Yellow,baseCub,WAGMI Shirt,Blue,Clubhouse Hat,Happy
3921,0.32,2463,74.11,https://magiceden.io/item-details/86hFviLFeY3MP1Yd28qyTAYyBFtt15t9zynhA7hh9djX,Yellow,baseCub,Blue Sweatshirt,Eye Patch,Ninja Headband,Scared
3938,0.4,970,88.27,https://magiceden.io/item-details/3i1fWH3p17mL9wVF4dckh2GF1m4JiJs1rJkzpfsaG923,Teal,baseCub,Coconut Bra,Black Retro Sunglasses,None,Vampire
3942,0.2,2766,72.27,https://magiceden.io/item-details/2fu1XkBrtFC9YW8v9AYA1pkysbWjqhaT9mmHw4Wnu6TH,Orange,baseCub,Pink Apron,Cute,Clubhouse Hat,Happy
3945,0.4,3823,59.68,https://magiceden.io/item-details/DeV29fPJdA4zpx9nDCSncaEM9bRHWxiMMCejh9fH7oVp,Orange,baseCub,WAGMI Shirt,Black Retro Sunglasses,Elf Hat,Happy
3950,0.489,3706,59.97,https://magiceden.io/item-details/ZTp9bL8b11613euQFqqjFpo8QWpc6nx2DyT76BJyr9j,Orange,baseCub,Poncho,Brown,Bucket Hat,Tongue
3981,0.3,2493,74.01,https://magiceden.io/item-details/33SJuH4CMxWoPxnbrSxFGj8X4rEZNpNb2gGNogdxbZBr,Purple,baseCub,Rain Jacket,Snow Goggles,Halo,Whistle
3989,0.4,1729,80.67,https://magiceden.io/item-details/ErEhZ2CPW41maiK2PbtG6TniTiknPR9DkJewyCZK1rre,Blue,baseCub,Hawaiian Shirt,Blue,Cowboy Hat,Ice Beard
