id,price,moonRank,ðŸ’Ž score (%),storeURL,Accessory,Background,Beak,Body,Clothing,Eyes,Eyewear,Headwear
23,2.3,1659,82.45,https://magiceden.io/item-details/G2Za3A21jezCyVMX9gwcyuUtyyrwydf5rbcf16ojNckC,Spiked Choker,Rays Pink,Yellow,Hunt,Vest Biker,Metaduck,,Huey Hat
25,2.5,1682,80.33,https://magiceden.io/item-details/E5c1AKXjWEofFqnx21XGQnj1BKajxXkeGzx7ATY6JULv,,Chess Purple,Yellow,Metaduck,Wild Lover Suit,Hypno Black,Wayfarer Glasses,Mia Black
57,2.3,6576,57.12,https://magiceden.io/item-details/2raWe7Z4hBK3FgcUd7uhz8UytJ4ZS9vVqt8MfvvjMurX,,Quackgram Lines,Yellow,Goth,Lizard Wizard Tee,Classic,,MDGA Cap
203,5.5,1067,53.5,https://solanart.io/nft/7Gi5jdTWWEL3omykXzu2v4XBB9e6MMqmF5PS1PuppA3C,,Waves Orange,Devil,Goth,Total Black,Otherside Yellow,Band Hero Purple,Sambrero
217,1.4,7091,63.46,https://magiceden.io/item-details/EFAYqPysuJ1QZYfHceX1oXMR6UGdVwnFyKAfZvJadiKk,,Waves Orange,Goth,Metaduck,,Classic,,Goldern Horns
218,4.4,4815,45.19,https://solanart.io/nft/BMmuh7RST9Jwvidnsq4snpe7Gtd9joscDA3ctiYsd4ZH,,Quackgram Lines,Goth,Devil,Kill Duck Tracksuit,Classic,,Viking Helmet
237,2.25,1484,83.85,https://magiceden.io/item-details/J5eqcSppuq38CnF7uZs5oWTCYAq46szQQSQqKm6Zhqq7,,Dark Drips,Yellow,Bath,Raspberry 90s,Strab,Cyclop,Huey Hat
244,2.49,3538,70.87,https://magiceden.io/item-details/Q3S2jum1XJtkqANn6wu7TwGctKttmWApGU4hn3HGh3w,,Chess Classic,Yellow,Metaduck,Oasis Tee,Classic,Blue Makeup,Goldern Horns
263,8.2,2917,16.97,https://solanart.io/nft/CXrhcfQPzqDiUtYg7w6DZWnyo3B1wCq41KfczNVp6fcq,,Rays Dark,Yellow,Devil,Wang GOFL Tee,Empty,Hockey Black,
323,20,5167,0,https://solanart.io/nft/9mP6yZikuE96qNMbGLub16smcSZ9HpwSLxnheC2EnWkc,,Chess Purple,Yellow,Goth,Wild Lover Suit,Classic,,Brain
339,2.8,2798,71.58,https://magiceden.io/item-details/Emy27z2tduAJ98WMA6BskHGgLW29UvFk6deqNPsJPwfX,,Waves Purple,Metaduck,White,Outlaw Quacker Jacket,Classic,Round Glasses,Strong Beak
349,2.7,3687,68,https://magiceden.io/item-details/FiaM8W1sQ6f7NLfPH9ekuj91rE1NTLcbdha375iKrNKT,,Rays Orange,Goth,Goth,,Robo Blue,MF Quack,
355,2.6,5695,58.66,https://magiceden.io/item-details/8W9HuaqZftoRWu8TVzWrhpHCdBkTLhsmmnTDBfbPFiiL,,Quackgram Lines,Goth,Bath,Wild Lover Shirt,Classic,,Party Hat
374,1.5,6439,65.82,https://magiceden.io/item-details/3N8pH9KbQGcudt39esfhwhQjfU2xJLxJVgXXe1E8JeMF,,Rays Yellow,Yellow,Goth,Vercetti Shirt,Classic,,Black Bandana
382,2,6597,60.01,https://magiceden.io/item-details/ETTqXdBaEQQpfgf1GJHDiYK9tcccnaiHLJk7Vmdb3FSL,,Biege Dotted,Yellow,Bath,Babrie Coverall,Classic,,Black Horns
439,29,4736,0,https://solanart.io/nft/3MwYmiY5fru9e4CcWiu45oL8HMPKEoXxEVrzsqEEZroG,,Ducktrix,Yellow,Devil,Total Black,Classic,,Viking Helmet
461,2.8,2756,71.8,https://magiceden.io/item-details/9sKVdAsvnUCDLyfbfcyMdwmLkMtQ7L8M8efXuA6gKZzE,,Dark Drips,Goth,Devil,Coverall,Classic,Blue Makeup,Diamonds Poker Hat
493,2,6745,59.25,https://magiceden.io/item-details/BYKcu2J4sBNFqtn6YUEYRvsP5jJNRPQwp9E9K7ZxwUqB,,Waves Purple,Yellow,White,Experience Tee,Classic,,Mia Black
580,2.6,3721,68.83,https://magiceden.io/item-details/G9t8SbuPZNG2zi8izMeEtrdmALxwV7dT3kb52nStxuEf,,Waves Purple,Devil,White,Vest Jeans,Classic,Crystal Lake Duck,
584,10,1122,8.22,https://solanart.io/nft/B74TWh5HLSWRYiYRV9brzEn1RZKUtnT4V7LYByLsa68j,,Quackgram Lines,Metaduck,Goth,Black Cowboy Shirt,Hypno Black,Eye Band,Red Dragon Bandana
680,1.55,5326,71.06,https://magiceden.io/item-details/7Ei3u2PDthS6toB1NkxWbuFKKqKof9TcjdC5tCxXW7Dz,,Framed Strains,Goth,Goth,Vest Jeans,Classic,,Diamonds Poker Hat
711,2.38,3081,74.32,https://magiceden.io/item-details/8oe8MMfBwRe5VEmuMvE9zxAng7jBGsPZvs3WK4xNiGXe,,Solana,Goth,Hunt,Squid Game,Classic,Gordon's Glasses,Eric's Hat
722,1.4,2571,86.75,https://magiceden.io/item-details/HK2BLKAkdupfCP9GsjgmN44D4PCJqrgbs5Sb2xdqX5fn,,Rays Pink,Goth,Hunt,Black Cowboy Shirt,Strab,Hockey Rage,
738,2.6,7433,49.7,https://magiceden.io/item-details/HAb4jtwRs2Lu4dN9LH2i6DLBbSxds4fzuDQMqy35iZmu,,Chess Classic,Yellow,White,,Classic,,Donald Duck
742,2,4237,72.17,https://magiceden.io/item-details/HY9R75dSYKeDDh9t3uswaWFaamZBH8Rd1TtZJhSXVZh1,,Chess Classic,Devil,Goth,,Classic,Bruce Lee Glasses,Eric's Hat
830,2.1,2576,79.73,https://magiceden.io/item-details/7QX1HHxjdveNWehtw4FehSxDEZ8xL7C5DgcMKvoYsVms,,Dark Drips,Goth,Hunt,Black Cowboy Shirt,Empty,Mighty Quacks,
834,2,7724,54.2,https://magiceden.io/item-details/2Yxa6i8YvEuVrhbkLyrBSfx78cMHSXqd7jG12KUVzYcb,,Rays Pink,Yellow,White,,Classic,,Ballas Bandana
871,2.45,7166,52.58,https://magiceden.io/item-details/Ef8JkZscdepK1ZTMjJ9CPhK9QhFuCxmKonKe6wHKfLwu,,Red Dots,Goth,White,,Classic,,Arrow
872,2.85,5876,55.22,https://magiceden.io/item-details/2dxJXwYfggPM2U25GSn31uHCnqB9AJuhRqypGK3hyXuw,,Framed Strains,Goth,White,Moto,Classic,,Winter Hat
909,2.7,5244,59.98,https://magiceden.io/item-details/2FUV9GzhBnXYG3zUmNUp6pEUEsVDRXiVPrNQRToqZZ4j,,Dark Drips,Yellow,Bath,Vest Jeans,Classic,,Trailer Park Hat
919,1.94,1178,88.53,https://magiceden.io/item-details/HQmNh9bw8SHVV7u4SiL5hwkMGSZyGkK2RZbPUj5cedaq,,Red Dots,Yellow,Metaduck,Donald,Empty,Solana Digital Mask,Black Horns
931,10,6132,0,https://solanart.io/nft/7cmR51MWLrrfj99kcKvkM2nJW689ZUEFVG1TEwqpv5f1,,Waves Orange,Yellow,Bath,Oasis Tee,Classic,,Captain Hat
952,2.6,1546,80.03,https://magiceden.io/item-details/HxP2PTYVZr32dWaUoKqyhETBvtaL3Nt4nNwXLcAV8KTf,,Biege Dotted,Metaduck,White,Comedian College Jacket,Stoned,Death Metal,Dewey Hat
1009,15,1179,0,https://solanart.io/nft/CyAFgHqScNNCZSZo6riBYMQMvV5pozReKij2ipLL7EDU,Spiked Choker,Waves Orange,Yellow,Devil,Oasis Tee,Hypno Red,,Ballas Bandana
1038,2.65,1555,79.49,https://solanart.io/nft/5RZLs1jqCn5MQY6S8NX3eCKQXmPJ4cwD4H9RzUXDXEor,,Framed Strains,Devil,White,Squid Game,Otherside Green,Round Glasses,Huey Hat
1048,2.5,1940,79,https://magiceden.io/item-details/HgajWnVzW7PXqF6As6RjY2wWqDf5MDUpAD2PyzWEruNk,,Dark Drips,Zombie,Zombie,Total Black,Classic,Plastic Bag,
1079,1.977,3644,75.45,https://magiceden.io/item-details/826n9XNwGsFNi7D9Tq66fXQ7YDSw21Qnk2fTvuMh1dHz,,Waves Purple,Yellow,Metaduck,Tank Slayer,Classic,Blue Makeup,MEOW!
1132,1.8,3176,79.64,https://solanart.io/nft/EpYWYPrzJdNw8n93GJvYhg6u7aCmoKQSCwuqi3Svshbp,,Waves Purple,Goth,Devil,Pioneer Tee,Classic,Death Metal,Ballas Bandana
1211,5,2147,52.94,https://solanart.io/nft/8Lv4UjjgSaAfLr94mwG5y2JhFabZXicXBXA1weL1mkVo,,Rays Yellow,Devil,Bath,Wild Lover Suit,Void,Hockey Black,
1212,1.4,7397,61.89,https://magiceden.io/item-details/DWtVnqxmDJhp5Ky2QPnXkLqK2VkXdKw2azPepSND46zk,,Framed Strains,Yellow,White,,Classic,,Diamonds Poker Hat
1227,1.7,5393,69.21,https://magiceden.io/item-details/9ttP1S66aUGd7CnshN53ZftdmyuChxYSrhFLpCTgqLRP,,Rays Orange,Yellow,White,,Otherside Green,Plastic Bag,
1228,2.5,5270,61.85,https://magiceden.io/item-details/3iaYdZSHeatAeCBu5non4yovkPZJNyuLZaZs8rdcoptc,,Red Dots,Yellow,Bath,Babrie Coverall,Classic,Hockey Black,
1276,2.7,4269,65,https://magiceden.io/item-details/CrkmrziMdqu9o9B7n6qF3MxyJTJJPBMmfw5jHfY6DDfj,,Chess Purple,Goth,Hunt,,Metaduck,MF Quack,
1289,2.2,6665,57.66,https://magiceden.io/item-details/5f5CSQxmYAtAx8XLQ34DzmHSY4duQjqbHR21x8Wf2e6a,,Framed Strains,Yellow,Hunt,Pepe Tee,Classic,,Black Bandana
1296,2,6687,59.54,https://magiceden.io/item-details/FBCX7ZdDcBT5armxxLmMZGQ1pUxXpijBZ3qFCUhk2Pmd,,Waves Orange,Yellow,Hunt,Wang GOFL Tee,Classic,,Cowboy Black
1390,1.5,3116,82.94,https://magiceden.io/item-details/CfHEUry4LE19MXbbxCgbui3G3QPkqdizwtnntWZYYmg3,,Rays Pink,Goth,Bath,Pepe Tee,Metaduck,Eye Band,
1415,1.77,4615,72.52,https://magiceden.io/item-details/KjKehWACVbFQWNWAKR2feN2Rn3nFwnsRfadUqkUGG73,,Rays Yellow,Goth,White,Moto,Classic,Hockey Black,
1445,222,1081,0,https://solanart.io/nft/Xt9mVNQ7LCjUvQ68yQpkeHhMZaHnLiPJocAQkfAnnCK,,Waves Purple,Goth,Bath,Wild Lover Suit,Void,3D Glasses,Black Horns
1497,333,6782,0,https://solanart.io/nft/A29FPWQByxPDLWzCbTrW4qS17oNCKbWQ9E4Gih9o4ChZ,,Dark Drips,Yellow,Goth,IDDQD Tee,Classic,,Captain Duck Price Hat
1499,1.7869,7359,58.21,https://magiceden.io/item-details/28ddY88r5TkoBxiKmP4XmAxYDx8ztz1vZQ9KL8h2p9uo,,Solana,Yellow,White,,Classic,,MDGA Cap
1513,2.8,3201,69.51,https://magiceden.io/item-details/CQ4jPQsSQLSvG7gU2U2b4SEyUATH89PCxoxgigc7LiK7,,Biege Dotted,Yellow,Bath,Tank Slayer,Hypno Black,Hockey Black,
1532,7.5,5498,10.67,https://solanart.io/nft/8CWtMBaKYPxpYHcf9e6upZHE6qa7CNMSswK5bVxDyB8U,,Ducktrix,Yellow,White,McFly Retro,Classic,,Black Horns
1544,5,5725,34.5,https://solanart.io/nft/CMZ92BKn5CAag3TPAeEqE5vySYtUMQcdckKbhniEwp8X,,Rays Orange,Yellow,Devil,D.O. Double G Tee,Classic,,Rice Hat
1585,2.6,3213,71.44,https://magiceden.io/item-details/AGob2LTZvDQtJxB9q2WMsszvZqHwLs4wa7gTMfWCAunM,,Rays Orange,Goth,Bath,Vercetti Shirt,Classic,Death Metal,Killer Style
1602,1.48,6307,66.7,https://magiceden.io/item-details/EYpVwA3hWezyZta2BsLDzdh3pPspkgMsDjRBN2b2ov71,,Solana,Yellow,Bath,Lizard Wizard Tee,Classic,,Purple Cap
1672,2.5,7568,50,https://magiceden.io/item-details/Br9aZGwCBmTgPkN4GTyMQCksvnRUswJFTZK1HBqvrWP3,,Dark Drips,Yellow,White,,Classic,,Winter Hat
1682,2.04,6300,61.14,https://magiceden.io/item-details/3z2GJxRAtysucjKVpjEf7vmyTMCSqPCw4njY2Y91AQa9,,MC Duck,Yellow,Bath,,Classic,,Black Horns
1700,15,5123,0,https://solanart.io/nft/5LrggUYrwsevqoTRKv6YecBNubcPeMKbwmvccdyLgKRW,,Quackgram Lines,Goth,White,Safari Lover,Classic,,Rice Hat
1712,45,3926,0,https://solanart.io/nft/FaBHu5V8wP45BFxybJ9LwPRcDXrktV32YATzE34Mua4B,,Waves Purple,Devil,Hunt,,Metaduck,Plastic Bag,
1722,2.499,2726,74.96,https://magiceden.io/item-details/5jzdBYiiVLrruhKnkG8NjQxw5EEqTtZ8UzHeqoRcGUhP,,Waves Purple,Goth,Devil,Donald,Strab,,Viking Helmet
1753,7777,1390,0,https://solanart.io/nft/59jfCYbVkmU8XFNzNmJa4HWD7ojGAKT3uCe27gSG67Bg,,Rays Orange,Devil,Goth,Pioneer Tee,Otherside Green,Camo,Black Bandana
1765,2.4,2684,76.17,https://magiceden.io/item-details/6thAmu7Z3R3oQXEbuYcnJXLSUzgiWZLVHxFuaQsg7HcL,,Red Dots,Devil,Devil,Total Black,Classic,Gordon's Glasses,Huey Hat
1776,1.69,5212,70.24,https://magiceden.io/item-details/Ag9Gu6DmPSZsceffm19rEercu3KMuiKXkkPFoAb5ZFi3,,Rays Pink,Metaduck,White,Babrie Coverall,Classic,,Mia Black
1838,2.74,4817,61.78,https://magiceden.io/item-details/CJ1TjqkeFYupjpqXqKRsbqkKdW7raDc4sxrZbQcMHumj,,Waves Purple,Goth,Devil,Vest Jeans,Classic,,Ginger Hair
1895,2.2,2565,78.78,https://magiceden.io/item-details/ApiKY5cMfCBsTZv68agmrXmc1N2HZMc1mWEmnry6v5cD,,Blue Lines,Devil,Metaduck,,Stoned,Eye Band,Huey Hat
1930,2,6386,61.1,https://magiceden.io/item-details/EBBnLYyd7w78H4F8QG88ZqVSF4Vzq7KAAhJW4gRab416,,Rays Pink,Yellow,Hunt,McFly Retro,Classic,,Dewey Hat
1952,6,7584,14.92,https://solanart.io/nft/37NjExx3ExeQqBrnqeXqjYCj4nxNZuvKG2vNzMUEuy63,,Rays Pink,Yellow,White,,Classic,,Mia Black
1990,2.3,6601,56.99,https://magiceden.io/item-details/BK2ogxeNtActdjUR23E3NTpvksJgRJXJnZiRncxjRe3e,,Blue Lines,Yellow,Bath,Vest Jeans,Classic,,MDGA Cap
2013,2.33,2623,77.18,https://magiceden.io/item-details/CUCtz4YDfYuqFWKD7tKe1g4ricGRXxKC6PW2YojXcNFw,,Dark Drips,Devil,Bath,,Stoned,Band Hero Hendrix,Black Horns
2025,1.75,3103,80.51,https://magiceden.io/item-details/FXdgUmCAgLY2EhJdTtQCUod8SNKTiEXnoPv4aABZfqUg,,Waves Purple,Goth,Bath,Babrie Coverall,Classic,Cyclop,Captain Duck Price Hat
2038,1.5,6749,64.22,https://magiceden.io/item-details/3tT5gAsbC29Ggu69nMF3d42fQ6qkmjeKvCF9UzT66sMz,,Biege Dotted,Yellow,White,Vest Biker,Classic,,Red Horns
2042,3.9,3606,56.42,https://solanart.io/nft/3SUPpYs9m6bJB3ZMdNUhzovutdUgkeFQT9ua8LZES2fu,,Blue Lines,Metaduck,White,Pioneer Tee,Otherside Green,,Louie Hat
2043,2.7,2297,75.16,https://magiceden.io/item-details/FP4sDovFn8z3p7thR9rCF5B9jyj1AuFcmh1dkgftHcSj,,Dark Red,Devil,Metaduck,Pioneer Tee,Stoned,MF Quack,
2051,10,720,10.29,https://solanart.io/nft/GiMEUWHhBzrZmnXkYPgthwCDyRZmNZGDkbrgUZQN97bp,Joint,Rays Orange,Metaduck,Goth,Squid Game,Empty,,Louie Hat
2063,2.45,5994,58.62,https://magiceden.io/item-details/3R3PJAJfdHmUZ1V932nk5FLpszc69oMCMgWjRn8LxaeQ,,Blue Lines,Yellow,Hunt,Tank BAYC,Classic,,Arrow
2075,1.54,7287,61.05,https://magiceden.io/item-details/B3tfyFDfSxBsgMBosozC1URp5VardRYzYyRH2TT8yNgU,,Quackgram Lines,Yellow,Goth,,Classic,,Arrow
2108,2,7047,57.69,https://magiceden.io/item-details/dVLqJWuHo43tFJDFDH3gaHedKvG3FHSqmvkodeeVVQF,,Rays Orange,Yellow,Bath,,Classic,,Brain Capsule
2119,20,2380,0,https://solanart.io/nft/DaxTmDJSXR5x5eumAT5LciUKqnEfJnEKbs8U449mR18x,,Rays Pink,Devil,Metaduck,Black Cowboy Shirt,Metaduck,Plastic Bag,
2140,2.2,3249,75.26,https://magiceden.io/item-details/7zJkc1ibP73tAXkE5kp4fu5QNWD1KqL4uQfa8whrBV7j,,Dark Drips,Goth,Goth,Pepe Tee,Classic,Camo,Goldern Horns
2155,15,1147,0,https://solanart.io/nft/CbLBR7Cr69hbcdvUNEPXMaF7QiwatA6BmfboDSHtvJgs,,Rays Dark,Devil,White,Squid Game,Empty,Wayfarer Glasses,MDGA Cap
2158,3,4818,59.17,https://solanart.io/nft/pz6BkMPKp7SurMpD7hg7YD7DhkDfGbTDdWfNJ4iQ8Dh,,Dark Red,Goth,Devil,Total Black,Classic,,Diamonds Poker Hat
2194,1.73,6288,64.3,https://magiceden.io/item-details/Hsk7FcArtuYcJE7NVEyamLZuoh5FxWcpaVivdypHD5tZ,,Solana,Yellow,White,Coverall,Classic,,Red Horns
2199,2.3,1155,85.05,https://magiceden.io/item-details/AAdsVBMS7gv6Xsr7bWWafw7YPcpG1Cdo4Ur53jWBa5SP,,Rays Pink,Goth,White,Kill Duck Tracksuit,Robo Magenta,Band Hero Hendrix,Huey Hat
2201,2.2,4119,70.78,https://magiceden.io/item-details/7cySaA4uFbunpuNNt8efivAhn3E1nmtMYr7S5oNKJYeB,,Quackgram Lines,Metaduck,Goth,,Classic,Eye Band,Party Hat
2225,10,1646,5.52,https://solanart.io/nft/4UDwK5LjdPL1F7kPA5cc266MHwmejJPTC2Q7bA9EPPgB,,Solana,Devil,White,,Metaduck,Kano Eye,Sambrero
2237,1.6,7753,58.05,https://magiceden.io/item-details/FtyjFnQKFwUCU1tC7GxqZzKT2ruYx4hsgPMktZVjMHSJ,,Dark Red,Yellow,White,,Classic,,Killer Style
2259,2.2,4179,70.47,https://magiceden.io/item-details/6ie3776H8FZU7LV7KABCm11YXLfdsazHGA8DbY6aA1t8,,Rays Yellow,Metaduck,White,Black Cowboy Shirt,Classic,Hockey Black,
2287,3.95,3330,57.34,https://solanart.io/nft/5KMHjo4w5otgpL3UNRifjc6FHUwxVw6Nt6Wxtw8KeeBv,,Biege Dotted,Goth,Goth,IDDQD Tee,Classic,Round Glasses,Mia Blue
2291,25,2851,0,https://solanart.io/nft/14nhh8EdmpF4BbwBWXJk7dWnZucX4u6pMD1kJEjP2mYT,,Framed Strains,Goth,Devil,Moto,Classic,Solana Digital Mask,Huey Hat
2300,15.25,3666,0,https://solanart.io/nft/A8YiuR2Eze6jsjx69Ez3LWD1L954KWhnwWPg17iuQN4J,,Rays Pink,Yellow,Goth,Tank Motorhead,Classic,Blue Makeup,Goldern Horns
2307,2.4,2803,75.56,https://magiceden.io/item-details/44BxoCn3dzRnMN2nKn4whMf9B2jZVrEptwJosLEVyyCL,Joint,Dark Drips,Goth,Goth,Pioneer Tee,Classic,,Huey Hat
2442,2,7552,55.09,https://magiceden.io/item-details/7ZAP565WzmnjEfNLaqRXENEB9rz2w9xf471NjC6avu12,,Rays Pink,Yellow,Hunt,,Classic,,Killer Style
2509,1.5,7361,61.07,https://magiceden.io/item-details/95idbZJd8KDcect3e75cD9HT2DxPRsg1cjtvM3J44tQB,,Solana,Yellow,Goth,,Classic,,Captain Duck Price Hat
2538,2.3,5550,62.4,https://magiceden.io/item-details/ho6ZztwGCfTZQTd1UCykkHnNoXdnRzhxi7uE69s2WX1,,Waves,Yellow,Bath,Comedian College Jacket,Classic,,MEOW!
2549,2.1,5892,62.64,https://solanart.io/nft/7BC5WwJakLeA5mYLcg8EMEiheFyooUR5J71YGWCoKU4B,,Chess Classic,Goth,Goth,Coverall,Classic,,Red Dragon Bandana
2622,2,6107,62.53,https://magiceden.io/item-details/FZRPDYMGNVJ3yeQkHEwyHDLAxDhwMxTpcfsuyA8mFeoQ,,Blue Lines,Yellow,Goth,Tank Black,Classic,,Arrow
2697,7,7274,6.52,https://solanart.io/nft/2s6QqLLVDwniqoSuGAg4nFjA5J2WZHfs1yZCRo2VhpcZ,,Waves Orange,Yellow,Goth,,Classic,,Viking Helmet
2720,2.8,4939,60.55,https://magiceden.io/item-details/DHsxwFtNnxYj6vAxvtRUewS1ozzjJZ5ZXXc3icPyCDZa,,Rays Pink,Goth,Goth,Safari Lover,Classic,,Donald Duck
2732,2.3,3009,75.5,https://magiceden.io/item-details/9pJ8db1ER6DRnxicBgetubYft5BUsR6VRC2UcaD1XdLs,,Blue Lines,Yellow,Devil,Regal Suit,Classic,2477 Mask,Mia Pink
2751,3.25,4076,60.5,https://solanart.io/nft/nJjGMw62f2Dtw4V3xLxjUVpJqvBAah537apKDPZK6yp,,Waves Orange,Goth,Devil,,Otherside Yellow,MF Quack,
2757,2.2,6640,57.79,https://magiceden.io/item-details/AV7iPWirRVrCnSBSLSXPZkADdMZCdH9X1HFiHxXJ4Btg,,Quackgram Lines,Yellow,White,McFly Retro,Classic,,Dewey Hat
2768,2.5,3084,73.11,https://magiceden.io/item-details/7NNTZ3AAbTVAfqDS62McorC1B1V9xznvwGxfepLsQEfB,,Solana,Goth,Hunt,Wang GOFL Tee,Classic,Band Hero Purple,Huey Hat
2793,1.55,4065,77.55,https://magiceden.io/item-details/6BpTVyaja54FLozi1niKyJYSMZDxT3CtT67zne9wcaLj,,Rays Yellow,Metaduck,White,Vercetti Shirt,Classic,Racing Mask,
2797,2.3,6986,55,https://magiceden.io/item-details/7yeWrqFs2wv1y1JyA2oXzgEdhxgtwQXdxR7UfZZvu87n,,Chess Purple,Yellow,Devil,,Classic,Hockey Rage,
2815,2.7,6548,53.26,https://solanart.io/nft/A9SFhhfErteHfnY23LqVFb4CeSHPhRXjanhQnmqznRk,,Chess Classic,Yellow,Goth,Moto,Classic,,Winter Hat
2855,2.88,4913,59.89,https://magiceden.io/item-details/GTLE1fieYWJURf75qgRdcRi8hzSc2GUkJ69P23mCpT6G,,Chess Classic,Goth,Devil,Safari Lover,Classic,,Black Horns
2900,6.5,5139,22.52,https://solanart.io/nft/1EKTrRSZ2eu5k7mi5L1GL1kAxZd3TVd7CEcsFCkif8A,,Chess Classic,Goth,Devil,Playduck,Classic,,Captain Duck Price Hat
2988,11,6751,0,https://solanart.io/nft/DX3rQ2H43YcwZFgRm5DTz6brZRNDDXpKjPSDr8vhsVf1,,Rays Yellow,Yellow,White,Comedian College Jacket,Classic,,MDGA Cap
3025,2,3005,78.52,https://magiceden.io/item-details/911YVJDUUYFsbsakHJDUNV93wLjhE5aLCPgCRnHM3D4z,,Solana,Yellow,Devil,Black Cowboy Shirt,Otherside Yellow,Hockey Rage,
3035,1.9,1489,87.33,https://magiceden.io/item-details/DGi6gfs3eEFXzYvq1uN2KTt6SEKCcZbHCVETcNxjHSRg,,Biege Dotted,Goth,Hunt,Comedian College Jacket,Otherside Green,Eyes In Water,Dewey Hat
3042,1.6,4339,75.64,https://magiceden.io/item-details/HtFjucE4YjZQu3ivPLZouztJX4BRiWSj342AwYRZ8L6L,,Biege Dotted,Goth,Metaduck,Babrie Coverall,Classic,Heist Mask,
3059,2.5,1764,79.91,https://magiceden.io/item-details/ByZLHfraG8cwypvjSQ4cwn1omi4diBM1Xgnx8z9HVcVy,TNT,Rays Dark,Devil,Bath,Tank Motorhead,Hypno Black,,
3100,2.5,4289,66.9,https://magiceden.io/item-details/GKCTR1XGb3po82R4wmsygHXWjqTvyMbZpBnxBkcDzJxK,,Chess Classic,Metaduck,Metaduck,,Hypno Red,,Louie Hat
3102,2.5,7520,50.25,https://solanart.io/nft/6pGykdF2fZQXqmbgfHSWicfgWcntfUwYiLMV3dhz3gnb,,Blue Lines,Yellow,Goth,,Classic,,Black Horns
3113,2,5835,63.93,https://magiceden.io/item-details/3kZnx8LoiVZgBtw5SVSPTfCKgX3hwn82G3GWe6PZ3JsR,,Biege Dotted,Yellow,Metaduck,Experience Tee,Classic,,Sambrero
3127,10,3979,0,https://solanart.io/nft/FNbb1wq2TesZUnbhB3U91M3QftNRrjnH8JupVDe9cSDr,,Red Dots,Devil,White,,Stoned,Hockey Rage,
3138,2.6,7457,49.58,https://magiceden.io/item-details/2A6uWuFSToTh2hADh3hGmps9xbLxrkabqDvK4NFNk9up,,Rays Orange,Yellow,White,,Classic,,Teen Solana
3159,1.58,4593,74.53,https://magiceden.io/item-details/EzE6rAJAWmAtZwcAQrytFhCxHPH72dE2d1FSYj6Siny,,Dark Drips,Yellow,Metaduck,,Robo Magenta,,Winter Hat
3160,2.34,6549,56.86,https://magiceden.io/item-details/DdB9q4ca9sFKYZ9m2H3E42BW7E5JaZuw9URLXeh7tqWC,,Rays Pink,Yellow,Goth,Lizard Wizard Tee,Classic,,Winter Hat
3165,2.14,3833,72.85,https://magiceden.io/item-details/CwQF2cvSub3ytV87K3XgbckNgHimeUCVehytGBtQuBc6,,Dark Red,Yellow,Hunt,Billie Quack Armstrong,Void,,Louie Hat
3177,1.89,6335,62.46,https://magiceden.io/item-details/9RHuaqT6UdMAa9s6vLpAEYRTXqPYAVNoZk3xJMF3nm8d,,Rays Orange,Yellow,White,Outlaw Quacker Jacket,Classic,,Racing Cap
3217,2.13,849,88.33,https://magiceden.io/item-details/7QeacmmZSFRRXyhh96kR9V9su12UkbBXW357bmerzneN,Spiked Choker,Rays Pink,Goth,Metaduck,Billie Quack Armstrong,Empty,,Captain Duck Price Hat
3247,2.5,343,87.23,https://magiceden.io/item-details/FvSJCKmZHSbZRh3DJtZWbQw5bGQVFmfCPZb5DuQBqJGR,,Waves Purple,Zombie,Zombie,IDDQD Tee,Stoned,Blue Makeup,Captain Duck Price Hat
3287,2.49,4022,68.38,https://magiceden.io/item-details/5YepAM25ReW5YrcmufPyjAGoFqz45HUanF2ZS1ywABJw,,Quackgram Lines,Metaduck,Hunt,Oasis Tee,Classic,Hockey Black,
3287,2.49,4022,68.38,https://solanart.io/nft/5YepAM25ReW5YrcmufPyjAGoFqz45HUanF2ZS1ywABJw,,Quackgram Lines,Metaduck,Hunt,Oasis Tee,Classic,Hockey Black,
3293,2.89,247,83.83,https://magiceden.io/item-details/4YdRZ8nqJsoMrWJUAPyKR8VEXUHHxLzusF9nukm91EC8,,Waves Purple,Zombie,Zombie,Tank Slayer,Hypno Black,Band Hero Hendrix,Winter Hat
3299,2.89,1634,76.68,https://solanart.io/nft/CFd9EHRUd6w2Rs93RiPQWQfCvcCam3Xc2VWNEcmpLbfk,,Dark Drips,Goth,Goth,Outlaw Quacker Jacket,Stoned,Camo,Mia Pink
3366,6.66,5669,18.19,https://solanart.io/nft/7wGSpvPXucgicaj21TWTDGf9uYMkJmboWjCev7sRJUyr,,Solana,Goth,White,Vest Jeans,Classic,,MEOW!
3417,42.5,4906,0,https://solanart.io/nft/EvQLuvPWS24z21EGWdxYA2imubCwEEMsXQhAVSzJ7Bxv,,Red Dots,Yellow,Metaduck,Pepe Tee,Classic,Hockey Black,
3441,2.3,2216,79.58,https://magiceden.io/item-details/FuWwV3ceZhGg4GxojGyEEAreEU9BDESPL2Mqe8EuohEG,,Biege Dotted,Devil,Goth,Moto,Empty,Racing Mask,
3445,39,823,0,https://solanart.io/nft/BDZKMWZdiP2A9o2h7ij8DdPwxjbLkQS62USxxorxaBzT,,Rays Dark,Devil,Devil,Outlaw Quacker Jacket,Otherside Green,Eyes In Water,Goldern Horns
3477,2.1,4820,68.16,https://solanart.io/nft/8yJZ9isXngZ3vfZiedVf4YVGHMwfn5tz5KiXyWkjo43k,,Framed Strains,Goth,Hunt,McFly Retro,Classic,,Ginger Hair
3479,1.68,3326,80.06,https://magiceden.io/item-details/sLYk1L7t2LvcPftdTAuJhTDhCEL5LVvxQYA4xWWCpCB,,Rays Dark,Goth,Devil,Babrie Coverall,Metaduck,,Donald Duck
3571,2.75,4464,63.5,https://magiceden.io/item-details/4CYeEABhbz2Uc8zRWFHfADjYacMAJ6v7r1Chkb9jUL83,,Dark Red,Goth,White,Racing,Classic,Plastic Bag,
3586,1.85,2444,82.91,https://magiceden.io/item-details/7gjEp5SJt17XV8TcX8frcGTdPPSa8PXUrckNNeKFmxpe,,Waves Purple,Metaduck,Bath,,Empty,Band Hero Hendrix,Cowboy Black
3596,29,4216,0,https://solanart.io/nft/9aBNkvmjDaRPyYbFQpF5JjPGahPby3yLZUCEXHjmMxMs,,Red Dots,Yellow,Goth,Basketball Kobe Purple,Classic,,Trailer Park Hat
3682,2,4661,69.98,https://magiceden.io/item-details/4Fb7BUGEF1pzTSpQTAnjugTed7dLREYPALGxoyaYJpg5,,Quackgram Lines,Metaduck,Bath,Tank Slayer,Classic,,Donald Duck
3691,15,7234,0,https://solanart.io/nft/12XszZPtYcYSDTprszWEqYhDSQscKgrUUmVvFYV7eYaW,,Chess Purple,Goth,White,Wild Lover Shirt,Classic,,
3776,1.49,7555,60.17,https://magiceden.io/item-details/2SetqkbjwJGfQA3BLvU86Sud71dwAQhDAyBpwZ2oNtXQ,,Blue Lines,Yellow,Hunt,,Classic,,Huey Hat
3786,2.2,3558,73.67,https://magiceden.io/item-details/FEMDuTSZJpLaVQfSyefXXhdGaV9mkxF7dFDGKrEpGYSb,,Red Dots,Goth,Goth,Total Black,Empty,,Dewey Hat
3834,50,1988,0,https://solanart.io/nft/7cUy8reYAjpuQRinc4zxnm9prJCnDdVbGyMJoTq7Vuji,,Quackgram Lines,Goth,Goth,Basketball Air Red,Classic,Quack Vision,
3913,4,6340,41.33,https://solanart.io/nft/6Edey81Je2FmkCyhvdQ8f5AF4SWqgbGRb3HCGFtsfALY,,Dark Red,Yellow,White,Experience Tee,Classic,,Strong Beak
3975,10,7762,0,https://solanart.io/nft/BCD2FuVmj2adYEs4j6wFPHqoHgGh4R3uWLFGsfZ2wZjB,,Red Dots,Yellow,White,,Classic,,Huey Hat
4061,2.2,6240,59.85,https://magiceden.io/item-details/TEZrapZLr7qcJzXs7ztc6uDS5zdHaUnvLzvDCdTryzJ,,Quackgram Lines,Yellow,Bath,Racing,Classic,,Winter Hat
4083,8,6657,0,https://solanart.io/nft/93RpHwfBUEsk3DhQcPnL3MgvMiAyJk1fiiKm6YBMoDAy,,Chess Classic,Yellow,Hunt,Babrie Coverall,Classic,,Eric's Hat
4096,2.69,4412,64.37,https://magiceden.io/item-details/DpVtuzGURJDKabqEaVbveTFBeDnrvNcpLK28gkKrfFsi,,Rays Dark,Metaduck,Metaduck,Wang GOFL Tee,Classic,,Racing Cap
4131,2.449,5626,60.52,https://magiceden.io/item-details/3n846fZwrBVH8SVtY3kg45VSQq9bwC47b8H71pXYcYbX,,Biege Dotted,Goth,Bath,McFly Retro,Classic,,MEOW!
4139,1.95,5011,68.68,https://magiceden.io/item-details/6g5oWaBruTZ8yBXAGaL6NRPwR7W75VVRrUbwrn3pV1Sn,,Blue Lines,Metaduck,Bath,Tank BAYC,Classic,,MDGA Cap
4163,2.4,5774,60.25,https://magiceden.io/item-details/3w3n7rS5h6cVubDrRk2UPxnrQEoFiKucN1G1jbYxCvhC,,Chess Purple,Yellow,Bath,Smith Suit,Classic,,Strong Beak
4170,59,160,0,https://solanart.io/nft/8N3Dmvu2TLW2SfNP97vCbCQJ3bwqHsTpLaCRnA3eXGKZ,TNT,Blue Lines,Zombie,Zombie,Pioneer Tee,Hypno Black,,Red Horns
4182,3,1895,74.24,https://solanart.io/nft/94k11JoxuK2ZsC4KfjuoCzyaxvGPy9wjfJysX9XbnxVa,,Waves Orange,Metaduck,Goth,Tank Slayer,Classic,Kano Eye,Ginger Hair
4183,1.6,6466,64.68,https://magiceden.io/item-details/32nqEJzLDGe8YdQd8xV2cmaLWYyFy5UVPbXrPrB65ZSb,,Waves Orange,Yellow,Hunt,Squid Game,Classic,,Mia Pink
4238,9,5887,0,https://solanart.io/nft/F7PU7xocmSTLDu1jfbiGEboGg1aNAx47j7ggz5cQQde9,,Dark Drips,Goth,White,D.O. Double G Tee,Classic,,Sailor Hat
4285,1.4,7346,62.15,https://magiceden.io/item-details/F79QbYepZvCWjQbdGzxmoLacyhyppPP8paSaL37auiKy,,Red Dots,Yellow,Bath,,Classic,,Sambrero
4307,10,6952,0,https://solanart.io/nft/9HFGN1Ar16HnZpp6ZFBkpwUtmc8Uju1hq6Gee5c88Y65,,Quackgram Lines,Yellow,Devil,,Classic,Solana Digital Mask,
4324,2.6942,4753,62.57,https://magiceden.io/item-details/7CTnaXUGGU7bToxQy64MHq2XyVvLNJ8hiv7WeX7H3idc,,Biege Dotted,Yellow,Hunt,Raspberry 90s,Classic,,Jurassic Hat
4329,2.3,7249,53.65,https://solanart.io/nft/4CHfAE86ATjYMdtNzU2Dugkfwsjz12xTp8cZgAXf2xDg,,Solana,Yellow,Goth,,Classic,,Red Horns
4337,1.88,6581,61.29,https://magiceden.io/item-details/8mEANPZ7rk3qiTAwmcnyD9vmrn5cxiuGWS3JmTdNmRS3,,Dark Red,Yellow,Goth,Comedian College Jacket,Classic,,MDGA Cap
4352,2.22,4302,69.63,https://magiceden.io/item-details/7wX28ZfcruPbLfywg3whgGKkJ2jU9MzsFYqtemj4ma4J,,Blue Lines,Goth,Metaduck,Basketball Kobe Purple,Classic,,Mia Black
4364,2,7191,56.95,https://magiceden.io/item-details/BhCTrWx2NdK9Uhzvz7516XZjC1wXKd5FdPvLy28FfkjM,,Solana,Yellow,Goth,,Classic,,Top Hat
4365,6.3,759,47.09,https://solanart.io/nft/3pbrcni2GtLi1pcscJngyrMqqBpcPvGWj8tna3dPHBsh,,Quackgram Lines,Metaduck,Goth,Raspberry 90s,Stoned,Eyes In Water,Rice Hat
4371,2.19,1279,85.51,https://magiceden.io/item-details/GbxVKq2tTqXGpg8oCtCs4NmjsWb4UJhxA7sakM2GYTd8,Cigarette,Waves Purple,Goth,Goth,Tank Slayer,Otherside Yellow,,MEOW!
4386,2.8,7222,48.79,https://magiceden.io/item-details/9EsaoHMPDJUuKenXpqHPem3osWnLJAkYsVte65mNgRUA,,Ducktrix,Yellow,Bath,,Classic,,Captain Duck Price Hat
4459,2.1,7763,53,https://magiceden.io/item-details/6MJqJbunmVJwA1vL4NqL8VRcGoFC7n56vzcLVV3MHABU,,Biege Dotted,Yellow,White,,Classic,,Killer Style
4462,2.6,3262,71.19,https://solanart.io/nft/4F5J6TVRcoXSrUhU3AN4s3EbnkZRDnfdN1itdrt1r5WA,,Waves Purple,Yellow,Bath,Wang GOFL Tee,Hypno Red,Heist Mask,
4496,2.7,3258,70.21,https://magiceden.io/item-details/B9mqibrPxEPoPma84q874PdEpqDYKoEHUSfJzpVVhv5i,,Quackgram Lines,Yellow,Goth,,Empty,Blue Makeup,Party Hat
4497,15,1927,0,https://solanart.io/nft/Ai1BpmWxPVaQLQJp8K2NNj9UQk2bPkgW9areFXr6JHdo,,Biege Dotted,Devil,White,Pepe Tee,Robo Blue,Heist Mask,
4526,1.78,2239,84.66,https://magiceden.io/item-details/9byHQrwkP2wXdNVsPV4bmuK6Ls6twrNWGA8UwFJoWXJv,,Framed Strains,Devil,Metaduck,Oasis Tee,Classic,Glitch Digital Mask,Black Horns
4527,2.35,3676,71.56,https://magiceden.io/item-details/AKnZfLbVFFnJWV2McYwozrSipNPdizc1PCuWqVGnaA5Z,,Red Dots,Yellow,Bath,Outlaw Quacker Jacket,Classic,Band Hero Purple,Goldern Horns
4582,19,6498,0,https://solanart.io/nft/Fh4VSu7MnyifN6KabsZkbdbCgbsFfJwRrTY553Zc9oWt,,Quackgram Lines,Yellow,Hunt,Vest Jeans,Classic,,MDGA Cap
4589,2.6,6055,56.8,https://magiceden.io/item-details/12tvpsg6fe49TMx6CyiGSH47wcbdnxbpyZZapT81W27v,,Rays Orange,Yellow,Devil,Vest Biker,Classic,,Goldern Horns
4591,2,6178,62.17,https://magiceden.io/item-details/BtrW9MhjxVQ6MkBGqFpqR6h7EiRFtth8wJnSk15VhuWR,,Waves Purple,Goth,White,Kill Duck Tracksuit,Classic,,Black Bandana
4603,4.2,5861,41.8,https://solanart.io/nft/AzRU24tfsEmADgGcQE7aNX9qU6rKCLuLnZT71bc1Y9JB,,Dark Drips,Goth,Hunt,Coverall,Classic,,Ballas Bandana
4755,10,946,9.13,https://solanart.io/nft/BorjbnwGwcoeEperr7oCX73puVohTJ2fE1kssmvzydaZ,Joint,Blue Lines,Goth,Devil,Leather Jacket,Metaduck,,Goldern Horns
4785,79,16,0,https://solanart.io/nft/CFD559VxTjXRCdRb2LPhgbiCqbBr5m4ukaCGYFnnP3rC,TNT,Blue Lines,Acid Ranger,Acid Ranger,Comedian College Jacket,Metaduck,Death Metal,Dewey Hat
4822,21,3615,0,https://solanart.io/nft/3WkRPr5Kz23i7jGwsjuHcgvPKr8cKzPsMVkeMM5zh9A3,,Red Dots,Yellow,Hunt,Quack Knight,Classic,,Sambrero
4858,2.4,4767,65.44,https://magiceden.io/item-details/F5Rbv8xj5SNJUEdVjmDHjyWFfDzsaqkH5qx95Zrob8RU,,Waves Purple,Metaduck,White,Wild Lover Shirt,Classic,,Strong Beak
4889,2,3283,77.08,https://magiceden.io/item-details/CdjQBKmHSiWHPQouSFaoF8VqYpdksjDrajkNh1mhTFif,,Chess Purple,Yellow,Devil,Wild Lover Shirt,Classic,Blue Makeup,Arrow
4895,4,4093,52.91,https://solanart.io/nft/7etyhtJ2pquGfJyzqE9dmpzxWCCUufjfUtrek7gUv56o,,Quackgram Lines,Metaduck,Hunt,Tank Motorhead,Classic,Racing Mask,
5045,5,7242,26.68,https://solanart.io/nft/6ChZnkB1necHzCJTXFAGz9ZYjRGYFVp7uUo3SiJvLCR5,,Solana,Yellow,Hunt,,Classic,,Winter Hat
5116,2.3,6056,59.8,https://magiceden.io/item-details/96rRY1dTELiJJNiv6dbiWpQx4mQFqa3AKBSfHqWcxAW1,,Dark Red,Yellow,Devil,Vest Biker,Classic,,Goldern Horns
5119,2.5,3536,70.78,https://magiceden.io/item-details/96FkQUwZG1SgR9MR3BCPpd91eZBB1wVDypYa8SgzPtk3,,Chess Purple,Yellow,Hunt,Vest Jeans,Metaduck,Racing Mask,
5126,1.5,7653,59.57,https://magiceden.io/item-details/D6ofs4f29UzGuC8KYb5DvXHm4rwKQDrm9dZnhG1GKHnZ,,Framed Strains,Yellow,Goth,,Classic,,MEOW!
5128,2,5672,64.77,https://magiceden.io/item-details/HuWZ2ZqBRRCDzhQb4tkW7mK5NGwoFEPfL3EPYX5zGaRw,,Solana,Yellow,Bath,Coverall,Classic,,Sambrero
5131,2,1921,84.1,https://magiceden.io/item-details/CcjwbbLDh1ogo6DRJdj5pUcTJqmvM3cFTwHAUc5z9FUG,,Blue Lines,Yellow,Devil,Wang GOFL Tee,Otherside Yellow,Death Metal,Captain Duck Price Hat
5142,1.9,2679,81.2,https://magiceden.io/item-details/7Ud442wBSJXS6uPnjdBNgYRhgNGfEfc2ypuPYCp5wnNB,,Rays Dark,Metaduck,Goth,Tank Motorhead,Otherside Green,Racing Mask,
5180,50,6199,0,https://solanart.io/nft/6NQihpHvVuA629izZRzcFfvg3wAkCP399RgDz3ogs4pV,,Chess Purple,Goth,White,Wild Lover Suit,Classic,,Cowboy Black
5233,2.7,1247,80.57,https://magiceden.io/item-details/3GVBrBDHgYbv6c7aHhmM6ym7zJKWjbv8NsNMWkiFURsC,Cigarette,Framed Strains,Goth,White,Experience Tee,Metaduck,,Winter Hat
5279,2.5,2040,78.49,https://magiceden.io/item-details/CoJGmiLC9QcWBKMaUpM67FbdZXLC921TE1afv84hkzVE,,Rays Pink,Metaduck,Metaduck,Wang GOFL Tee,Classic,Skull Eye,Captain Duck Price Hat
5308,2.4,3597,71.47,https://magiceden.io/item-details/DYhqGPXkmLnWco7nPxEyXT1JYibFv6BrVrPqk5LCui93,,Framed Strains,Yellow,White,Black Cowboy Shirt,Stoned,Hockey Rage,
5329,15,4169,0,https://solanart.io/nft/5vvWjX3ryj1Mk59FoeGmPxEjHBbGWydfkBuPYJ1JBwc9,,Waves,Yellow,Goth,Coverall,Classic,,Brain Capsule
5354,24,5862,0,https://solanart.io/nft/7MBEDCA489dnR3xaoM7ZKRgZvBXNBELoYuEjxnTGHnTG,,Rays Orange,Goth,Hunt,Experience Tee,Classic,,MEOW!
5420,9,7618,0,https://solanart.io/nft/4uV4q8jrbLst7wd2yMF2fKFiprpZbWZnpjAeo9zuK2FX,,Quackgram Lines,Yellow,White,,Classic,,Red Horns
5428,2.45,1618,81.16,https://solanart.io/nft/BnWea8BbMJ8E7c3EftmnBAuusXbiw4WGrHKVsjhw6tP8,,Waves Orange,Devil,Metaduck,,Stoned,Kano Eye,Top Hat
5449,1.4,6567,66.16,https://magiceden.io/item-details/FRJqXU3xK1jYxEytUYktniVPAzo4gPAyysqe4zbVWTRd,,Rays Dark,Yellow,Goth,Tank Black,Classic,,Party Hat
5451,1.5,6502,65.5,https://magiceden.io/item-details/A7aAFSgpyGxrA1cWataSVdtFd5W8Gt4748LXBDffMaH,,Waves Purple,Yellow,Hunt,Vest Jeans,Classic,,Black Horns
5456,2,6758,59.18,https://magiceden.io/item-details/CHdHd1LC2uZpxTm9eG41aGYd1khnuKwArBFs8M1ZFgEi,,Waves Purple,Yellow,White,Tank Black,Classic,,Party Hat
5485,2.6,6345,55.31,https://magiceden.io/item-details/aAtvNMP7AHXMpD4YuD8zVzNwQnXQNdTVCuSTr8MAMty,,Red Dots,Yellow,White,Lizard Wizard Tee,Classic,,Viking Helmet
5629,2.19,5808,62.17,https://solanart.io/nft/2zGSU5eXpDUXhvAM2UALbqv1EZXVf3rWD3K6jPKBN4Sc,,Rays Pink,Yellow,Metaduck,Coverall,Classic,,Captain Hat
5670,2.19,7663,52.62,https://magiceden.io/item-details/AbDDyszvCXemLY9CtYB9KNjZqiSz37oLqxeSs2Gnf5jF,,Blue Lines,Yellow,Bath,,Classic,,Dewey Hat
5823,2,1923,84.09,https://magiceden.io/item-details/5F99tWu3bPnRyzvo7AFUxvRT9T5Cw3RMk1f5b1joiM6B,,Waves Orange,Yellow,Hunt,Safari Lover,Otherside Yellow,Band Hero Hendrix,Ballas Bandana
5830,1.9,3240,78.31,https://magiceden.io/item-details/9xA9CsVnBrH1GyvtDJgjwvNTCvWVMbXxon57PoTDJqDY,,Dark Red,Goth,White,Oasis Tee,Metaduck,Racing Mask,
5831,2,6120,62.47,https://magiceden.io/item-details/7sPuXNLN9tu4dvc7LJCtqR83XTc1eLP4LpoWY17fgBm8,,Dark Red,Yellow,Goth,Kill Duck Tracksuit,Classic,,Top Hat
5880,2.5,3523,70.85,https://magiceden.io/item-details/94tXLoWfupw9thKQnrGRjvcrcKsxtYmKbXr2LaogzxMs,,Rays Pink,Metaduck,Goth,Lizard Wizard Tee,Otherside Yellow,,Huey Hat
6054,2.9,1664,76.43,https://magiceden.io/item-details/8GfKdpCni7TrpziAoo5y5FFTYuEtzh29fD4e6w659E5X,,Rays Yellow,Yellow,Devil,Babrie Coverall,Stoned,Band Hero Hendrix,Spades Poker Hat
6084,2.49,504,86.5,https://magiceden.io/item-details/4rffTTzgvyijP3Rkp1AktrkD7jib77BmFjtdi5iSCwkF,,Dark Drips,Metaduck,Devil,Regal Suit,Void,Cyclop,Spades Poker Hat
6088,2,4522,70.7,https://magiceden.io/item-details/GvWcMtbVrBcZJ58B2Hf7YGYBz7dwyCzRKY62YYUZV6GE,,Chess Classic,Goth,White,,Otherside Green,Plastic Bag,
6095,7,748,40.15,https://solanart.io/nft/H369cX8tgRhJJaVrEqrESyjCVFxHfqij4GGkJoYEyprT,,Red Dots,Devil,Metaduck,Coverall,Hypno Red,Solana Digital Mask,Purple Cap
6098,1.6,7619,58.74,https://magiceden.io/item-details/46exxjbzARXuVFEM6fgwQJTJscnVk1wggDpp4mpE7SUg,,Blue Lines,Yellow,White,,Classic,,Red Horns
6146,4.5,5396,41.2,https://solanart.io/nft/3hzdDt7f1hM2yiQmK89dZwntXhVNvsaRNSATHoVVbdx4,,Solana,Yellow,Metaduck,Tank Motorhead,Classic,,Top Hat
6147,2.9,1264,78.49,https://magiceden.io/item-details/5Bc9Mu4SbNqURXkHLVTX3pH842dizJs1LVCfLjWkfdFC,,Rays Yellow,Yellow,Devil,Racing,Hypno Black,3D Glasses,Dewey Hat
6155,2.5,4968,63.4,https://magiceden.io/item-details/3L8TtA41xryHVdFaHaBtquowBE58zeekYxHDhcq2gLH5,,Blue Lines,Goth,Metaduck,Pioneer Tee,Classic,,Arrow
6176,1.9,1266,88.48,https://magiceden.io/item-details/DjGxWYsi88ey1htsxnXj1xpCQvzurYHDEcUsnbhNTm1e,,Rays Pink,Devil,Bath,Tank Motorhead,Otherside Green,Bruce Lee Glasses,Party Hat
6219,2.5,7133,52.25,https://magiceden.io/item-details/5czCDVh91HLFQCj2xSAf7n8RqxZPnmxYQabJgiePaMfX,,Waves,Yellow,Hunt,,Classic,,Louie Hat
6236,1.98,4210,72.51,https://magiceden.io/item-details/49ffBiDxUCTL47dUeTYZikLoSee2sAmJrytjUinmhnbf,,Biege Dotted,Metaduck,White,Basketball Kobe Purple,Classic,,Mia Pink
6249,2.2,5314,64.62,https://magiceden.io/item-details/EKUCpxRU9ebedTGuwfrpydh9VAsESzWiw6mV3vxXtVFQ,,Red Dots,Metaduck,Bath,Black Cowboy Shirt,Classic,,MEOW!
6253,1.8,4803,71.25,https://magiceden.io/item-details/348inA5kbgQGTL7zTgzFB12rMzfV1VteLoz1s1bwb7Ln,,Waves,Yellow,Bath,Tank Black,Classic,,Sambrero
6297,50,2140,0,https://solanart.io/nft/CqtmWbocewThMbCSjjuRWSoVXK5MjxVrYKFsAKbrxAHb,,Rays Pink,Goth,Devil,Wild Lover Suit,Otherside Yellow,Crystal Lake Duck,
6453,2.5,1991,78.74,https://magiceden.io/item-details/6SvA3S7JDioxEo4nUCr2m5jgn9onm2ZbfssERHGzW9Ug,,Dark Red,Yellow,Goth,Wild Lover Suit,Metaduck,Bruce Lee Glasses,Black Horns
6519,9,4841,0,https://solanart.io/nft/3U3xZngwSNF3MfoW3AyN2mXw1BATEruphFQ2U4d6SRzk,,Chess Classic,Yellow,Goth,Basketball Duckstars Black,Classic,,Ginger Hair
6547,2.22,5527,63.32,https://magiceden.io/item-details/BxbnNKaEHmb4xNahggB2kv27pmWmLsLygrmqdZsX127e,,Quackgram Lines,Yellow,Metaduck,Vercetti Shirt,Classic,,Sambrero
6622,2.5,6826,53.83,https://magiceden.io/item-details/FWa3QA5uYDkMw6whQRv3tcuKkzYwqZNdFnSjiceN6Yvk,,Rays Orange,Yellow,Bath,Kill Duck Tracksuit,Classic,,Black Bandana
6631,1.5,7674,59.46,https://magiceden.io/item-details/956bBMwmaZMv1jJ5UrH6QFFE95aHyhKre8mMJ32XP9AR,,Chess Purple,Yellow,Bath,,Classic,,Killer Style
6649,2.2,6195,60.08,https://magiceden.io/item-details/G9FrU29bp6z816PguzEJSMLhRmbosSzKCVQF9unR9irj,,Quackgram Lines,Yellow,Goth,Total Black,Classic,,Pirate Captain Jack Duck
6674,11,1974,0,https://solanart.io/nft/jTh5PgCCSAM3NUpyMY7PYK4u6hoSRDUothj8YfPK71Q,,Framed Strains,Metaduck,Hunt,Tank BAYC,Hypno Red,3D Glasses,
6682,6,1380,46.89,https://solanart.io/nft/2hW2VmXbYAeBfXvVo5Xiax9tJaTQZRT5hdbcCTyo5ZMN,,Rays Dark,Devil,White,Experience Tee,Otherside Green,Blue Makeup,Party Hat
6684,2,7716,54.24,https://magiceden.io/item-details/AuFEiwnUTecznUL5zuteu7hQjJazR24bc5JxVxWzm7Lz,,Waves Purple,Yellow,White,,Classic,,Dewey Hat
6732,2.5,6815,53.88,https://magiceden.io/item-details/6EtjTv36XHiHFPkNQbqvmaU4ANCcMqLxvSqtuJFnTjgb,,Rays Orange,Yellow,Goth,Vest Jeans,Classic,,Ballas Bandana
6750,1.8,1205,89.79,https://magiceden.io/item-details/GhHnd8LnRu2FP8aH3H5YA6nLw3bwsnEC85WS9cPbw1nk,Spiked Choker,Waves Orange,Yellow,White,,Stoned,Blue Makeup,Huey Hat
6782,1.99,7649,54.69,https://magiceden.io/item-details/DsVmVNKsPnx6G4Aogs4dSzTvkVWgdGfjUzw5F2DXZxpQ,,Waves Orange,Yellow,Bath,,Classic,,Eric's Hat
6789,2.75,4158,65.08,https://magiceden.io/item-details/6fG9muyu3yJrNGw1soVyBNcgMAcpZApVEqU1nCtcvJg3,,Waves,Goth,Devil,Racing,Classic,,Black Bandana
6795,2,6067,62.74,https://magiceden.io/item-details/DcoJ4pNqrC2gJX4MhpeFNcMV9nsMxE8gn2dWxbB4UWbv,,Waves Purple,Yellow,Hunt,Vice Suit,Classic,,Sailor Hat
6846,4,851,69.62,https://solanart.io/nft/5ayrYxAZJ9fysgS1yzQuo2Nnqsk7LWRZKhKafn8PPCJL,,Dark Red,Metaduck,Devil,Vice Suit,Otherside Yellow,2477 Mask,Killer Style
6850,100,2301,0,https://solanart.io/nft/7vfhdx9G9i5TH9UZ1TDTWtqNUHyDpu1aKrt6ZHN8xqzz,,Dark Drips,Devil,Metaduck,Pepe Tee,Stoned,Hockey Rage,
6860,9.99,7622,0,https://solanart.io/nft/FB5zaXSfqpKbDdymSgDLkyP3XM9Ai1W1bVNp2UNZVS5f,,Rays Orange,Yellow,White,,Classic,,Party Hat
6880,6.8,5693,16.67,https://solanart.io/nft/5QLLBJxNc2YKV5LrsnA3EHpFco2otQWsrVVtRy5gCAea,,Chess Purple,Goth,Bath,Vest Jeans,Classic,,Sailor Hat
6949,2.69,7324,49.36,https://solanart.io/nft/AHGnSpeFpkuVgAiMqkAgEVpxDWuG9mUwUhsXsGfrEhut,,Red Dots,Yellow,Bath,,Classic,,Ginger Hair
6956,5,6352,31.27,https://solanart.io/nft/4Z7F4tpUQA7biGGxopbyCCshh9kSJUY6oqwNfWNzUMrD,,Waves Purple,Yellow,White,Vest Biker,Classic,,Strong Beak
6966,1.98,1642,85.74,https://magiceden.io/item-details/EGeogdv6oSSfLemvwQ1QCAcSo7qaDJGwkZsYa9CoBuxX,,Rays Pink,Yellow,Goth,Vercetti Shirt,Otherside Yellow,3D Glasses,Red Horns
6972,1.4,3531,81.81,https://magiceden.io/item-details/6fK8p5Yc5EgXu1evoDFftViLqU2XjSRT2fF6bQdbv4No,,Waves Purple,Yellow,Bath,Raspberry 90s,Classic,Bruce Lee Glasses,Party Hat
6978,11.5,3050,0,https://solanart.io/nft/4Z5m2sm4RifXegDCjUNXg3rZV5u8Yr7BjsPikcTYgRhv,,Waves Orange,Yellow,Goth,McFly Retro,Hypno Red,Camo,
7034,2.6,4758,63.48,https://magiceden.io/item-details/hJncEVqEVWyhvLJmbBaHKAVwWkDgSVpMq9VunrgzZHX,,Red Dots,Yellow,Hunt,Basketball Blue,Classic,,Strong Beak
7045,200,1150,0,https://solanart.io/nft/2Kik2Gu1B6vAUD7mJf3SpXQoCLMbmYwNen8gAtWQCzbf,,Quackgram Lines,Goth,Bath,Outlaw Quacker Jacket,Empty,Red Makeup,Teen Solana
7066,2.75,7637,47.15,https://magiceden.io/item-details/Dpw5tsmiakxKCWvVQSpoM47qjVVxSnHRfrwyQAZg1gwv,,Framed Strains,Yellow,Goth,,Classic,,Red Dragon Bandana
7079,2.54,2621,75.09,https://magiceden.io/item-details/5fb2dJ9RqC3sAuQSndKW86A4RKhTEU3vFsckXUQ5B6BD,,Rays Orange,Metaduck,Hunt,Wild Lover Shirt,Classic,Solana Digital Mask,Eric's Hat
7082,5.9,5476,26.78,https://solanart.io/nft/2t3Yuct4kw6LGTpRsGxGsQPaWPEgnqALQyTsUKefxSFM,,Quackgram Lines,Yellow,White,Total Black,Classic,,Jurassic Hat
7091,2,7624,54.72,https://magiceden.io/item-details/AVaWFKHNH3fXGLsTDMTUYPgA5uHFqV9N76qVEdJVcoN9,,Rays Yellow,Yellow,White,,Classic,,Sailor Hat
7141,4.5,2318,57.06,https://solanart.io/nft/HU7w8zTU9WFWchtJ6LpeFrHrByeHCVEj7JSy9jc1Wohb,,Chess Classic,Devil,Devil,Wild Lover Suit,Metaduck,Plastic Bag,
7194,1.5,3991,78.44,https://magiceden.io/item-details/EB6wB8Gy61priqPA1WiCqekKQfTHCNTvMY4KBV7TSAms,,Rays Pink,Metaduck,Bath,,Otherside Green,Red Makeup,
7198,39,6893,0,https://solanart.io/nft/Eua1wuG4QS2Djs9idq2nD6vGNfPYjioryuJ8PNSi27ct,,Chess Classic,Goth,Hunt,,Classic,,Trailer Park Hat
7204,9,7445,0,https://solanart.io/nft/5tMDSA89SZcXebSpAmF32iCEcU18Uj1WCJvswUEYajA8,,Rays Pink,Yellow,White,,Classic,,Pirate Captain Jack Duck
7218,2.2,7208,54.86,https://magiceden.io/item-details/CG6kmwGz7Eau1ZoM5hsRpyUzUC4XQ5RjGLJ9NcShwdM5,,Dark Drips,Yellow,Devil,,Classic,,Captain Hat
7229,150,4264,0,https://solanart.io/nft/7ppBbxEj6xFuBLMwXSSbuTcCkABoVoPCSJwhSA99sDYJ,,Dark Red,Goth,Bath,McFly Retro,Classic,Mighty Quacks,
7308,2.2,4469,68.97,https://magiceden.io/item-details/CQy3728PAv1JsSgb5PjrRwm8HANYZVGhKtU9ab6Thhau,,Solana,Goth,Hunt,Raspberry 90s,Classic,,Arrow
7314,2.5,1870,79.36,https://magiceden.io/item-details/9SsWi4WdquaA8aMchAVJFVjvd55wQcHpDaHxxQXRWWL,,Red Dots,Yellow,Metaduck,Vest Jeans,Stoned,Red Makeup,Winter Hat
7343,777,93,0,https://solanart.io/nft/H7qdu4BqQwSqqBt7Rg5TVtJjV2CmFZjJwYjujYb455R8,TNT,Dark Red,Acid Ranger,Acid Ranger,Comedian College Jacket,Classic,Band Hero Purple,Dewey Hat
7371,25,4714,0,https://solanart.io/nft/8ok3ZhLVs6FUNf8ptXdbGGzCWs5p79aEyv5hhPNDSvs3,,Dark Red,Yellow,White,Vice Suit,Classic,Cyclop,
7423,1.69,4836,72.18,https://magiceden.io/item-details/DetXfdy41rmZL2NK5YedB8j9xfRTgtCerZhbeVcVEssY,,Blue Lines,Goth,Devil,Babrie Coverall,Classic,,Sambrero
7424,2.5,2694,75.12,https://magiceden.io/item-details/4W3tZM3ZgNdTz6KvqQzKEKp9y4MmR4UcbSvCQ7r5aFwo,,Rays Orange,Metaduck,Bath,Babrie Coverall,Metaduck,Plastic Bag,
7477,2,6356,61.25,https://magiceden.io/item-details/7kB5WaWHGF6gQFGjvBGw86JLpJrAVnFDSmj8KYS2UHG1,,Waves Purple,Yellow,White,Lizard Wizard Tee,Classic,,Arrow
7506,2.449,6363,56.72,https://magiceden.io/item-details/5wn9NE7eEr5G6WqBGoG5USHvymJbEaUDNBkwbREZ3wrV,,Chess Purple,Yellow,White,Outlaw Quacker Jacket,Classic,,Teen Blonde
7507,2.2,5823,62,https://magiceden.io/item-details/whQrbEwGQoGQM7koxsZJdMDfGrhB7vkQuT5z8D5GdZm,,Waves Purple,Yellow,Metaduck,Solana Hoodie,Classic,,Strong Beak
7570,2.449,6176,57.69,https://magiceden.io/item-details/G8GWpPNZi2uC242NVhYcTUx7eknoSgfg3kU2yvvBtVCL,,Rays Dark,Yellow,Goth,Leather Jacket,Classic,,Teen Blonde
7579,6,6820,18.86,https://solanart.io/nft/KNWVuP9PjJSDQTLiHQALvYs5fJtDDCB9fVBwhe16bEF,,Red Dots,Yellow,Goth,Tank BAYC,Classic,,Purple Cap
7586,2.25,6857,56.17,https://magiceden.io/item-details/FZZLtQHQpbKaXEP2dX3wxB8AB9BjLFeSziQjZPW81Yzi,,Blue Lines,Yellow,Bath,Prisoner,Classic,,Louie Hat
7651,4,6505,40.48,https://solanart.io/nft/9L2w4zTnQmp5PuVNur6ioCMkXZQL8R1YDfeuMD9vSACM,,Red Dots,Yellow,Hunt,Moto,Classic,,Mia Black
7666,2,4609,70.25,https://magiceden.io/item-details/CpvwqKLjx7BdycVBupapYd721jSozkfH5pAypkxLYtjy,,Biege Dotted,Devil,Metaduck,Pepe Tee,Classic,,Winter Hat
7686,50,2744,0,https://solanart.io/nft/5RXFiF1Gu6ddXcMGa4nmDgFaRok9nG2HfyD2XjhguNvm,,Biege Dotted,Metaduck,Devil,Tank Motorhead,Classic,Death Metal,Cowboy Black
7716,2.5,3377,71.6,https://magiceden.io/item-details/2dYYh4EKcGSrYcibhUmqEtxeM3xkHPwxLprU1Ft9qS8Q,,Dark Red,Yellow,Devil,Prisoner,Classic,Eyes In Water,Killer Style
7722,1.6,4364,75.51,https://magiceden.io/item-details/8ckQj53i9vsNMhNiW7tySqWSyq8cpUBXaQ7SP3KAQscF,,Waves Orange,Metaduck,Devil,McFly Retro,Classic,,Goldern Horns
7726,2.5,5556,60.37,https://magiceden.io/item-details/BNBX84zR4tMLGkLiiB3rJLZpLUeV64Xn4NRQQgSS4zWV,,Ducktrix,Yellow,Bath,Raspberry 90s,Classic,,Captain Duck Price Hat
7743,2.5,5739,59.43,https://solanart.io/nft/EZf3AXxyb2eedGvZQXWNLRaPwoFZpEb9q4f6vguwXaGu,,Chess Classic,Yellow,Hunt,Regal Suit,Classic,,Donald Duck
7775,2.499,4564,65.49,https://magiceden.io/item-details/DeVXnxMxxTY9itf38hbaYjy1DWYjjkHmn8wRcAdyk4Jf,,Dark Red,Goth,Devil,Vercetti Shirt,Classic,,Spades Poker Hat
