id,price,moonRank,ðŸ’Ž score (%),storeURL,Arsenal Back,Arsenal Front,Background,Base,Decoration,Elite,Eyes,Headwear,Nose,Outerwear,Outfit
0,4999999913984,1643,0,https://solanart.io/nft/5ryBUGrqxRR8zTy3bekwPVLXD1PYVfEtBKDFn8KCp37D,None,None,Sky Blue,Ancient Open (Golden),Runic Marking 4,,Ancient Angry,Shriving Stone,Default,None,None
273,33,911,0,https://magiceden.io/item-details/zdyLwuhwuWjP1wnw1Mg4ipCvdTezqaXDokUuUGmjjeD,None,Nephul Tablet,Blue,Black - Toothy,Piercing (Left),,Eyebrow Raise,Jr. Sailor Cap,Double-Barrel,None,Overalls
279,25,5096,0,https://magiceden.io/item-details/7ZgidY1aSFfQdQgZbCBUzaWDw9kG5BR65QSwMKpqHwVr,None,Soul,Fuschia,Green - Cigarette,None,,Eyeballs,Trucker Hat (Purple),Heart,None,Turtleneck (Blue)
311,40,6540,0,https://solanart.io/nft/DKyRk3aViuNkHzzUN21dhuCzEvXVH6pRvynRatsdFowp,None,None,Pink,Red - Oooh,None,,Occular Tech,Beanie 2,Heart,None,Hoodie (Purple)
341,19.95,7764,24.38,https://magiceden.io/item-details/5e3WrviiyxV6uG7KfS5XK6zYmw7zP3mhFQUERLY7WKSk,None,None,Purple,Red - Fangs,None,,Bored,Flat Bill Cap (Adventure),Piercing (Barbell),None,Turtleneck (Blue)
426,30,3709,0,https://magiceden.io/item-details/7LoHLXhh2FpfBuTJqQoJnFnQiimA912moE9gqikyrFhC,None,Soul,Pink,Gray - Toothy,None,,Dead,Trucker Hat (Dusty),Mustache,None,Basic Tee (White)
450,29,2501,0,https://magiceden.io/item-details/2QV1rYf1UHNzcxYh3dUvemSDg7akjDBQRQX8hq5deFG3,None,None,Green,Red - Oooh,Piercing (Right),,Adorable,None,Narrow,Reaper Hood,Turtleneck (Green)
490,16,5837,71.6,https://magiceden.io/item-details/8Ky1x162GmSNQCTg1ADgAgZU3qxj9HC35TQuChPv7NDw,None,None,Deep Gray,Black - Fangs,None,,Eyepatch,Horns (Large),Triangular,None,Turtleneck (Blue)
491,30,904,0,https://magiceden.io/item-details/HhrwxbNgSdTui8PqmobU9uM4KcdvWGyCzL9iGgbrw9vE,Draelic Nimbus,None,Red,Green - Lockjaw,None,,Monocle,Dad Hat,Default,Bandana,Basic Tee (Blue)
500,22.95,8586,0,https://magiceden.io/item-details/FKv4V64uq65cA3n376eqZSHTHnU5HPi8LbkYtejBYn8R,None,None,Red,White - Oooh,None,,Monocle,Candle,Default,None,Turtleneck (Red)
510,25,4478,0,https://magiceden.io/item-details/AyNfKCCpEKbRKFqUzksMSnbCPVzRweuDf4AQRUtiNzAH,None,None,Pink,Blue - Cracked,None,,Eyebrow Raise,None,Heart,Spartan Helmet,Turtleneck (Blue)
517,25,9782,0,https://magiceden.io/item-details/ABtyZHpVgFbqE51P7Mg3rSoDzxeyBj3c8bFFej1hCKUw,None,None,Sky Blue,Green - Open,None,,Closed,Flat Bill Cap (Coffin),Heart,None,None
527,17.99,2546,64.89,https://magiceden.io/item-details/7aTGM7TN2kU3vChiKUMhDfpFmQMdTjVv2kpoFa9h1peY,None,None,Pink,Black - Open-minded,None,,Superhero Mask,None,Piercing (Hoop),Goatee,Tutrleneck (Black)
537,19.5,1989,52.03,https://magiceden.io/item-details/FFSfZtzkUaRnx4hwXQjoScu5qwsJwmCCMJrpui1axVXm,Draelic Nimbus,None,Fuschia,Blue - Gold Tooth,None,,Toon,Star,Narrow,None,High-Collar Robes
550,30,2435,0,https://magiceden.io/item-details/HyA3TSiBwbD6MLWZgt9Up8kEK61Zh472jugmXc4jPBgN,None,None,Yellow,Gray - Side Open,Hanging Charms,,Red Visor,Beanie,Mustache,None,High-Collar Robes
583,25,1512,0,https://magiceden.io/item-details/HEF4oTEgKyiVNHKxTtPQg6dYjoNDJKU8dSQcC5a7fBWB,None,None,Pink,Robot - Default,None,,Eyepatch,Flat Bill Cap (Coffin),Heart,Surgical Mask,Turtleneck (Red)
599,27.5,1459,0,https://magiceden.io/item-details/FMKoXL5zZFzwDP6vmC4jbJRTizTjDJVhXewWbtqTZpst,None,None,Pink,Black - Open-minded,Freckles,,Default,Shriving Stone,Heart,Gas Mask,Robe (White)
607,17.5,9338,42.57,https://magiceden.io/item-details/AHMiZt44RkJpKMRBGKwQQWUm19b3zumMHKLhBjNty9zh,None,None,Blue,Black - Open,None,,Default,Halo 2,Default,None,High-Collar Robes
633,50,7496,0,https://magiceden.io/item-details/DhLbBXQ3iwn49TGk4gNMxGANonZEUxoUTXNV22WAJX59,None,None,Fuschia,Blue - Cigarette,None,,Bored,Dad Hat,Heart,None,Astronaut
661,500,392,0,https://solanart.io/nft/Acaxcy1VxMVyke5Sbpb9GvWJ9FmkG96S1EddX5yvip7y,None,Harrow Staff,Fuschia,Red - Oooh,Piercing (Left),,Adorable,Punk Hair,Piercing (Studded Hoop),Gas Mask,Basic Tee (Blue)
664,24.9,5709,0,https://magiceden.io/item-details/J3KFBxG55eFhpDCjkZd6BHQssgGrSZpVexckBWmVVdRc,None,None,Yellow,Green - Default,Piercing (Right),,Eyebrow Raise,Headband,Triangular,None,Basic Tee (Yellow)
672,29,2167,0,https://magiceden.io/item-details/Ak9bn9ijqy39qesY8S9S5Cnxi3gyd5HXcBUJUKtSr56U,Draelic Nimbus,None,Fuschia,Red - Open,None,,Possessed,Crimson Beret,Triangular,None,Turtleneck (Red)
686,23.75,8099,0,https://magiceden.io/item-details/Fpmy9YGvZhqir1mBCEosxM4D2j6AwaYgCfHuEGBTcGpn,None,None,Fuschia,Green - Sewn,None,,Glasses (Round),Trucker Hat (Green),Mustache,None,None
697,50,3068,0,https://solanart.io/nft/A2b5xwN7xk2HsKTGU7FkZfiTjwwLoc2CFYqVR7YFGUUu,None,None,Red,Blue - Cigarette,Piercing (Left),,Default,Serow,Piercing (Barbell),None,Turtleneck (Blue)
759,28,5769,0,https://magiceden.io/item-details/FTYYGAayVvHmkcBHTjFNynGjDS7Jqx8XHGM1pHCV6HBo,None,None,Aqua,Yellow - Toothy,Hanging Charms,,Glasses (Half-moon),Bowler,Double-Barrel,None,Tutrleneck (Black)
791,444000010240,1774,0,https://solanart.io/nft/9SFKAPWATbQHFb8hdRVCdcFxrfukpacGyaEJy7eeFWmB,Crucifix of the Maligned,None,Deep Gray,White - Fangs,None,,Feminine,None,Double-Barrel,Reaper Hood 2 (White),Collared Shirt (White)
794,33,4497,0,https://magiceden.io/item-details/GkiNm2nTofLFVCPbixzki8zbjAs4GNPEQ214YxUxKFJU,Herald's Halo,None,Deep Gray,Red - Cigarette,None,,Dead,Crystal,Piercing (Barbell),None,Basic Tee (Yellow)
816,16,6052,70.74,https://magiceden.io/item-details/GNSVPFbw3fvb2kfLbkSTjTfntofFGDhasUu4Vv7gSMbb,None,None,Slate Gray,Purple - Toothy,None,,Possessed,Cyberpunk Hat,Double-Barrel,None,80s Jogging Jacket
830,26,5658,0,https://magiceden.io/item-details/4yz2A1teC6pTXirhwki4FzivqmbzpvDY4VUtSVASL2gD,None,None,Green,White - Cracked,None,,Blindfold,Trucker Hat (Dusty),Heart,None,Reaper Cloak
834,42,4517,0,https://magiceden.io/item-details/3AYWAxcbq1nMa754R3z63qDFXSBkcKJEjiDMa9Pkx6s4,None,None,Blue,Purple Ooze - Default,None,,Occular Tech II,None,Double-Barrel,None,Cyberpunk Jacket
837,20,5292,33.79,https://magiceden.io/item-details/9vBsRCmahVBXwjMnMuaQRbX5wWsJ4CXprbE7NGrjknWm,None,None,Aqua,Red - Toothy,None,,Occular Tech,Laurel Wreath,Double-Barrel,None,Silver Armor
853,16,6976,67.04,https://magiceden.io/item-details/C4g3owNBznRCnWbXGB24ES1PUEPpZqd9jnrRZyxx4ra6,None,None,Purple,Red - Sewn,None,,Glasses (Round),Witch,Narrow,None,Basic Tee (Yellow)
870,48.88,2153,0,https://magiceden.io/item-details/D6bHrE782uiB3ZXusuVJ55ixmMgXrJ66cwB75qCJGznF,None,None,Green,White - Default,Hanging Charms,,Cyclops,Crimson Beret,Default,None,Hoodie (Purple)
947,35,1822,0,https://magiceden.io/item-details/9v7Lpxr4hme8QvWaGiBDWX8EMwG7tJaD7QEgNAkKn41j,Herald's Halo,None,Aqua,Yellow - Lockjaw,None,,Monocle,Headband,Heart,None,Combat Armor
975,25,9813,0,https://magiceden.io/item-details/2UH29cgZeBzSexqdBd65zjzaowWUgvN1MuBxesvRK3iw,None,None,Red,Yellow - Sewn,None,,Dead,None,Narrow,None,Explorer's Outfit
982,26,2077,0,https://magiceden.io/item-details/J4imiBvb6mi2nPHGTWv2dqBGQ88Tvdgp8briux5koBSx,Crucifix of the Maligned,None,Fuschia,Gray - Lockjaw,None,,Cyclops,Bowler,Default,None,Hoodie (Purple)
993,150,4829,0,https://solanart.io/nft/24Htq1Kx5Sz27vQ25Yq12dcByb6Dpy5jxKTwcXofb4m4,None,None,Yellow,Gray - Cigarette,None,,Occular Tech II,Beanie,Piercing (Studded Hoop),None,Bowtie
1083,49.99,3701,0,https://magiceden.io/item-details/7RR7tTJuF2ZDyPDtTML99eYwrcU2quW25rZKuoWEEf8Q,None,None,Green,White - Side Open,Freckles,,Infernal,Sailor's Cap,Heart,None,Basic Tee (White)
1105,23.75,8709,0,https://magiceden.io/item-details/D7u9XaH8mBZ9raGMsHju67EUF5vdky4LPaSTUy3ywrZZ,None,None,Pink,Blue - Fangs,None,,Sunken,Conductor's Hat,Heart,None,Tutrleneck (Black)
1145,44,3494,0,https://magiceden.io/item-details/78hhk6473ULVSSrTKSvUgUEhgXdjPiGYtpv7bi8uaWcr,Herald's Halo,None,Red,Golden Automaton - Default,None,,Button Eye,Jewel,Default,None,Turtleneck (Red)
1175,27.4,5734,0,https://magiceden.io/item-details/5tW4oCeoFfWrFoj69irwVqRaUwB7bJJVVFVKwgxREh3Q,None,None,Deep Gray,Red - Open,None,,Eyebrow Raise,Trucker Hat (Green),Mustache,None,Combat Armor
1196,25,1031,0.87,https://magiceden.io/item-details/HGqi37d9xEUKhmZ3FmxU1XH8JTaa4HG5eAXtN2freG9M,None,None,Blue,Yellow - Sewn,Freckles,,Button Eye,None,Piercing (Studded Hoop),Surgical Mask,Hoodie (Blue)
1247,20,7741,23.97,https://magiceden.io/item-details/5QrtU5sD6n59gAjc266efKCchognRMVPLYvpvJW41c9P,None,None,Fuschia,White - Side Open,None,,Feminine,Ball Cap (Skull),Piercing (Hoop),None,Hoodie (Red)
1303,35,1173,0,https://magiceden.io/item-details/Dnsu6Doj86Yng64ZQrCNRQ2kHZoXFAs5qnKtRQXSgNPP,None,None,Green,Yellow - Cracked,None,,Angry,Sailor's Cap,Mustache,Oni Mask,Hoodie (Gray)
1334,42,825,0,https://magiceden.io/item-details/AorEkt2VgZ2gwKU9gGX7FqXs4AemgkdieTGcapXTBnkv,Herald's Halo,Seer's Orb,Fuschia,Red - Fangs,None,,Angry,Viking's Helmet,Heart,None,Basic Tee (Red)
1358,16,6011,70.91,https://magiceden.io/item-details/FkgecBzPhpDcRS92oatkkL2dBEq9aVrhxLkYVu4CY9dx,None,None,Deep Gray,Red - Oooh,Hanging Charms,,Closed,Ballcap (Planet),Piercing (Barbell),None,None
1389,22,9979,0,https://magiceden.io/item-details/C5kzubdgkPjx5XnCvJdeeDjasExup5Akm9PNKoHZpcNP,None,None,Red,Gray - Open-minded,None,,Double Button Eyes,None,Narrow,None,None
1426,22,4564,16.71,https://magiceden.io/item-details/CztQZtBa1UyZEyhqdKtxJuW3r82oAcp8V7r93jjn9LQU,None,None,Slate Gray,Gray - Cigarette,Sigils,,Sunken,Flat Bill Cap (Coffin),Default,None,Basic Tee (Blue)
1516,25,3876,0,https://magiceden.io/item-details/BTbyHnNhL6STZTR8qeUmoytKtELtsz5x9qjBUonvsdy2,None,None,Slate Gray,Black - Sewn,Piercing (Right),,Eyepatch,Turban,Narrow,None,Collared Shirt (White)
1517,26.5,2420,0,https://magiceden.io/item-details/4HowWZG2AeC5iPhMmUUdH8yXi3rSrwQCNY2nYepgW61F,Draelic Nimbus,None,Red,Black - Default,None,,Glasses (Round),Baphomet Horns,Narrow,None,Turtleneck (Red)
1571,20,7845,23.55,https://magiceden.io/item-details/h8rK9q38qt185QMV8gRZhn8UsegMuWhfxhc17reojKE,None,None,Fuschia,Gray - Side Open,None,,Eyeballs,Ancient Reverie,Piercing (Hoop),None,Collared Shirt (Green)
1592,16.5,9642,51.35,https://magiceden.io/item-details/13FZYDmEaBNxh6fVG87u9uRVtCR8xAEG4ZnPM4tDKT44,None,None,Fuschia,Blue - Open,None,,Eyebrow Raise,None,Narrow,None,Blade Runner Jacket
1593,25,6603,0,https://magiceden.io/item-details/9wHB3AH5NjQztr3VNqj2dib8Z4C3ucqXjKiGZETCie9N,None,None,Sky Blue,Blue - Gold Tooth,None,,Feminine,Hannya Horns (Golden),Double-Barrel,None,Basic Tee (Black)
1624,25,7271,0,https://magiceden.io/item-details/7aVdBU8anvXUurBB6BKFeRgToZX1KkLTzd9jCSBaQqTo,None,None,Purple,Gray - Oooh,None,,Sunken,Trucker Hat (Purple),Mustache,None,High-Collar Robes
1640,16.69,7400,58.44,https://magiceden.io/item-details/DrdZN9dF2mpgju8ejVpzCQsPaKF5EKYARdfYtG6K4FEJ,None,None,Fuschia,Purple - Default,None,,Sunken,Cyberpunk Hat,Double-Barrel,None,Robe (White)
1647,27,4695,0,https://magiceden.io/item-details/26d3JzpZdm9Y4gMaBeEX2DRDcX5n9LRcpZ8suzEY1iB9,Divining Staff,None,Deep Gray,Purple - Default,None,,Glasses (Round),None,Default,None,Basic Tee (Yellow)
1649,16.99,8651,50.42,https://magiceden.io/item-details/99KxnYEUjgMBthb4iAc9UrLpZWynvHPZw6fzLniw27HE,None,None,Slate Gray,Gray - Gold Tooth,None,,Glasses (Half-frame),Laurel Wreath,Triangular,None,Tanktop
1679,30,4863,0,https://magiceden.io/item-details/F5oJyJd3tYTi37SbW4mbmDV7ombnZNq9VZMjwvy5U2us,None,None,Sky Blue,Black - Oooh,Hanging Charms,,Button Eye,Horns (Small),Triangular,None,Collared Shirt (White)
1698,20,7597,24.55,https://magiceden.io/item-details/DfXtqxEPcbiXS2ddaV6BUjv11Ywb9eMKLLwh64EprSz2,None,None,Deep Gray,Gray - Toothy,None,,Button Eye,Officer's Cap,Piercing (Barbell),None,Basic Tee (Purple)
1760,16.75,2936,75.73,https://magiceden.io/item-details/HkqjyXNprGiqiTb24FEBkutWh4AN2k6QCHhKbeJZ2Lm3,None,None,Blue,Purple - Lockjaw,None,,Sunken,Stapled Dome,Narrow,Surgical Mask,Basic Tee (Black)
1762,15.98,3642,80.6,https://magiceden.io/item-details/H3KMPmkPRzBGaeH1vpZd6j7vTALYcgbcFbQECzGUXvLk,None,None,Sky Blue,Purple - Oooh,Face Tattoo,,Closed,Jewel,Double-Barrel,None,Star Priest
1768,17,4226,68.06,https://magiceden.io/item-details/J8M72qijGc6uE8c1PJtdSJ8J6aB3rtSKtKms4AvkvKdC,None,None,Blue,Red - Cracked,Piercing (Double),,Glasses (Half-frame),Trucker Hat (Green),Default,None,High-Collar Robes
1781,18,2125,66.48,https://magiceden.io/item-details/2o7PJeN3ArdegkEbMWGoqFPo8FqiVReAdUC87wDgVh8e,Divining Staff,None,Red,Purple - Side Open,None,,Sunglasses,Flat Bill Cap (Coffin),Piercing (Barbell),None,Turtleneck (Blue)
1783,23.75,8122,0,https://magiceden.io/item-details/Fp1azxYNxHnxxs16nQhSTDbZGmcKPNnXYRkMSDNThviG,None,None,Purple,Blue - Default,None,,Reptilian,Dad Hat,Default,None,Collared Shirt (Gray)
1789,40,2690,0,https://solanart.io/nft/LYNE5XjJ1BV13X4ec52xGLw34SgXntsx43iKQ8tb621,Divining Staff,None,Slate Gray,Black - Lockjaw,None,,Eyebrow Raise,Viking's Helmet,Piercing (Barbell),None,Basic Tee (Yellow)
1804,35,769,0,https://magiceden.io/item-details/8dDfeQceDE2y9EjJYwkJMDGN7o3WEj5TrRj8GCXUd4KR,Draelic Nimbus,None,Pink,Blue - Side Open,Face Tattoo,,Flower Eyes,Flat Bill Cap (Adventure),Piercing (Hoop),None,Tanktop
1804,35,769,0,https://solanart.io/nft/8dDfeQceDE2y9EjJYwkJMDGN7o3WEj5TrRj8GCXUd4KR,Draelic Nimbus,None,Pink,Blue - Side Open,Face Tattoo,,Flower Eyes,Flat Bill Cap (Adventure),Piercing (Hoop),None,Tanktop
1810,32,6296,0,https://magiceden.io/item-details/DBm15aMqbbCSS3rpic8WCf3yWUj1XutiLBkbRACFACLm,None,None,Yellow,Black - Side Open,None,,Angry,Glowing Power Gem,Default,None,Royal
1813,25,3789,0,https://magiceden.io/item-details/FD9WTdpvEt8GoTbnZT6t8hjqiWXbkxsLYgYYSQZrdJh7,None,None,Green,Blue - Fangs,Piercing (Left),,Button Eye,Dad Hat,Triangular,None,Hoodie (Gray)
1816,24,4878,0,https://magiceden.io/item-details/839UzXDXm8Yqtkh36Zk3M3TaoiNVAsvtRaqKu5iz15FC,None,None,Red,White - Lockjaw,Freckles,,Sunglasses,Stapled Dome,Narrow,None,Robe (Pink)
1837,22,3353,21.56,https://magiceden.io/item-details/DimoGc8FQsaMjKDHogaegmSXV9tp2fFEhNvFjGKUAHa1,None,Harrow Staff,Aqua,Black - Fangs,None,,Angry,Crystal,Piercing (Studded Hoop),None,Basic Tee (Black)
1845,25,9713,0,https://magiceden.io/item-details/12dwzsEkCfaUB6c8D9gE8mpyts7mcMgHnTyQMKjfCC1J,None,None,Purple,White - Lockjaw,None,,Feminine,Jewel,Narrow,None,Turtleneck (Blue)
1853,36,4127,0,https://magiceden.io/item-details/6rbZzJnCCTgPeez6VshfFTGoMAs4C6RWpDcNGt3N17z8,None,None,Yellow,Liquid - Default,Piercing (Right),,Dead,Punk Hair,Default,None,Turtleneck (Red)
1870,47,2761,0,https://magiceden.io/item-details/FYa3wxSGfGiXeQtrqy25drpS73PPANMQR8ccXS3vBTPW,None,None,Yellow,Purple - Lockjaw,Sigils,,Dead,King's Crown,Narrow,None,Hoodie (Purple)
1907,50,623,0,https://magiceden.io/item-details/4CLD5jsFUuPPPnkCEHwKdb75jsR6Txny8C8PNddb2MGu,Draelic Nimbus,Soul,Aqua,Android - Default,None,,Eyeballs,Ballcap (Planet),Triangular,None,Hoodie (Red)
1942,30,4332,0,https://magiceden.io/item-details/CEYFFwRDK3x6rJXXL3Xa3UfWUAxvJwASFt2D3ASvtMWv,None,Soul,Slate Gray,Yellow - Side Open,Freckles,,Sunken,None,Narrow,None,Collared Shirt (White)
1943,44.44,1323,0,https://magiceden.io/item-details/BZVPeWTysza8NrncDZYYBzVQCpewgKZudo5QVGXeinZi,None,None,Pink,Ice - Default,None,,Flower Eyes,Explorer's Hat,Piercing (Barbell),Gas Mask,Collared Shirt (White)
1952,30,2421,0,https://magiceden.io/item-details/7MdLNbvTpnehpXqV816d7wF3tYj7YNnyk1x8Wku3cz9c,None,None,Aqua,Yellow - Fangs,Piercing (Left),,Possessed,Cowboy Hat,Default,None,Mad Matt Jacket
1959,19,9186,28.18,https://magiceden.io/item-details/AzCPX1CC9CSU83LpeLq4aXXnhJmQsCJ9RKDTUioYbefv,None,None,Red,Green - Cracked,None,,Sunglasses,Ballcap (Night),Triangular,None,Basic Tee (Black)
1963,16.1,9355,56.5,https://magiceden.io/item-details/6LrxBJ5D1YLDfsKipGyATzf2NCqYXX4Bq3W9YRDzndge,None,None,Red,Black - Gold Tooth,None,,Glasses (Half-frame),Ballcap (Night),Heart,None,Turtleneck (Red)
1964,19,8403,31.32,https://magiceden.io/item-details/FUR3heF5pDpm6dLRsUpCLJSqqMowSe4KtGSh6iSf93fG,None,None,Red,Green - Toothy,None,,Bored,Jr. Sailor Cap,Narrow,None,Basic Tee (Yellow)
1969,40,402,0,https://magiceden.io/item-details/4YoZ73gHhaceMnZQ8eNDScxDvTwRntGXosEAeaU7nNon,Divining Staff,Nephul Tablet,Aqua,Blue - Sewn,Hanging Charms,,Eyeballs,Star,Narrow,None,Robe (White)
2037,22.5,9384,0,https://magiceden.io/item-details/FzAGriZJECWxQjNdeoYCdyqTgsZ9Mmrcf5renH7zREc1,None,None,Sky Blue,Green - Open,None,,Glasses (Half-moon),Ballcap (Planet),Double-Barrel,None,Basic Tee (Purple)
2050,21,4185,28.22,https://magiceden.io/item-details/AsJKBbTBLRDfUJiEyFF6cCNyZFUVA9fhsREsMUuej12A,None,None,Slate Gray,Purple - Toothy,Piercing (Right),,Possessed,Officer's Cap,Double-Barrel,None,Robe (Pink)
2051,25,2290,0,https://magiceden.io/item-details/z9ayRgvdyspRVLzT6QRh8gs55RA18a3oT2m2YUQD8nL,Herald's Halo,None,Aqua,Liquid - Default,None,,Eyebrow Raise,Beanie,Piercing (Studded Hoop),None,Basic Tee (White)
2067,35,1177,0,https://magiceden.io/item-details/28UMkEQ6ZHXy5aZAQx7V17DXHdNuCXyV9vk4zpaPaKkZ,Crucifix of the Maligned,None,Sky Blue,Gray - Cigarette,None,,Coins,Baphomet Horns,Piercing (Studded Hoop),None,Cyberpunk Jacket
2068,30,664,0,https://magiceden.io/item-details/8iaZuzTCgvPkhpSHFwbY7xPqQ4d1hUkKZPzUH9ESQEYM,Crucifix of the Maligned,None,Deep Gray,Ice - Default,Piercing (Double),,Double Button Eyes,Ballcap (Planet),Narrow,None,80s Jogging Jacket
2099,40,1251,0,https://magiceden.io/item-details/GgiMEwKooYkVCoa1jhQFSSdZcHJiGnvsbwbcu26fAeHU,Draelic Nimbus,None,Blue,White - Gold Tooth,Freckles,,Occular Tech,Stapled Dome,Default,None,Basic Tee (Black)
2118,50,869,0,https://magiceden.io/item-details/6H8LhzdcwU3mLB2k1TWLVkdfXzTDdgsv2zocehYJ7KZe,Sheathed Sword,None,Red,Gray - Cigarette,Freckles,,Feminine,King's Crown,Piercing (Hoop),None,Tutrleneck (Black)
2151,33,7488,0,https://magiceden.io/item-details/B5QcLERrd7tFsCk13Yw8XEU3U5zZynZncMT563chNnvX,None,None,Slate Gray,Gray - Oooh,None,,Default,Dad Hat,Piercing (Barbell),None,Bowtie
2154,19.8,8954,21.11,https://magiceden.io/item-details/2Q6ruAjpTwP12Vn2ZbzG68kjWjTnDYtPu4sfryjt1Q5d,None,None,Red,Yellow - Cracked,None,,Angry,Laurel Wreath,Heart,None,Collared Shirt (Gray)
2184,35,8606,0,https://magiceden.io/item-details/FJE7SmAWZ2sr4QBaJ4aw8c7PCWMuzJkuKoBrXZ155pm2,None,None,Slate Gray,Blue - Sewn,None,,Glasses (Half-moon),Halo 2,Piercing (Studded Hoop),None,Basic Tee (Red)
2189,25,2460,0,https://magiceden.io/item-details/5L8sieCcDD6V6K9yi9ku55ajQqNwvvwDedisHCeUx5vN,None,None,Aqua,Gray - Fangs,Piercing (Right),,Infernal,Backwards Hat,Triangular,None,Robe (Blue)
2248,32,4446,0,https://magiceden.io/item-details/4D8m5ziggW2SvcLkbFjUbcQ5MAjhSEEymMDjXTRq7n97,None,None,Purple,Gray - Sewn,None,,3D Glasses,Beanie,Piercing (Studded Hoop),None,Golden Armor
2253,15.5,6328,74.63,https://magiceden.io/item-details/4aLHx5V2ZXPiTunky1uiagWPLfdMq39hRBUXjNmt1E5k,None,None,Blue,Red - Cracked,Piercing (Right),,Closed,Flat Bill Cap (Coffin),Default,None,Basic Tee (Purple)
2273,25.69,6401,0,https://magiceden.io/item-details/CGYx3Yttmnh65H6ecVpNVA2rsGNrCFvmQuvUadX8pZGU,None,None,Fuschia,Gray - Toothy,None,,Toon,Flat Bill Cap (Coffin),Double-Barrel,None,Basic Tee (Red)
2334,38,455,0,https://magiceden.io/item-details/DhADSU8Jn2KmASe8bdNnzX5KmZzxSRFrwaW4iSoewvBs,None,Nephul Tablet,Slate Gray,Gray - Toothy,None,,Bored,Dad Hat,Default,Oni Mask,High-Collar Robes
2362,32,2720,0,https://magiceden.io/item-details/9bM91G7x7ofF4n9rEQRa1fpTMien8DGLR451KwLbSCwy,None,None,Bone,Ice - Default,None,,Coins,Hannya Horns,Mustache,None,Blade Runner Jacket
2412,39.450001,5830,0,https://solanart.io/nft/J4QoA4Qq8kVbwjXvbfUMXr56rQbHcy59MPsSUPuvkShM,None,None,Bone,Black - Sewn,Piercing (Left),,Blindfold,Star,Triangular,None,Collared Shirt (Gray)
2429,24.5,1267,4.92,https://magiceden.io/item-details/EjPCP7DLv7tcw7osx8jpHuWr5zDswxJrUkqNrmRuJzBi,Crucifix of the Maligned,None,Yellow,Purple - Open,Hanging Charms,,Default,Ornamental Circlet,Triangular,None,High-Collar Robes
2453,30,6969,0,https://solanart.io/nft/5SzsVRzFQMptAnPXxmk3Rz7YnaYPkCWGZfHHQMVqtG2V,None,None,Green,Black - Cracked,None,,Toon,Viking's Helmet,Double-Barrel,None,Basic Tee (Yellow)
2506,34,2823,0,https://magiceden.io/item-details/GfDZ5UUsQjMWdCe4NEFeMiVjrjHHHYiS3DwLYp4y5WBn,None,None,Deep Gray,Green - Oooh,Piercing (Right),,Scope Technology,Cowboy Hat,Narrow,None,Tanktop
2508,24,8571,0,https://magiceden.io/item-details/EZB5Aek7tAHVr8jc9Ks2zDmmHq6diDbZxDzG5Ner7jZ6,None,None,Pink,Black - Toothy,None,,Sunglasses,Trucker Hat (Dusty),Narrow,None,Basic Tee (Yellow)
2515,28,5705,0,https://magiceden.io/item-details/92nVBpNeikKMYWwcxLKeX8BZFebuAyAv5CoEsh7LiE7p,None,None,Pink,Green - Fangs,None,,Eyebrow Raise,Serow,Heart,None,Mad Matt Jacket
2559,26,7888,0,https://magiceden.io/item-details/3FXjAbJz6iVeGLG6mdAjXEcxmvTPbhqjE8sF4KB4QRZo,None,None,Red,Gray - Side Open,None,,Button Eye,Crystal,Narrow,None,Silver Armor
2607,36.66,4895,0,https://magiceden.io/item-details/81AEHJHYEtAJe2KgDHYJJsbkLVGDwL8c8FJ22Uxb9Th7,None,None,Aqua,Infernal - Default,None,,Possessed,Trucker Hat (Dusty),Default,None,Hoodie (Pink)
2631,45,1061,0,https://magiceden.io/item-details/DxhkriVCbnMFihpSc2nA6A5vGT3KtYBsQXntBMtNoafM,None,None,Red,Mummy - Default,None,,None,Flat Bill Cap (Coffin),None,None,Turtleneck (Green)
2634,25,6925,0,https://magiceden.io/item-details/HYJc7TsBrbtYXsrAgWcPEbyaiTVPxPvXfCtitaVvSNze,None,None,Sky Blue,Blue - Gold Tooth,Freckles,,Angry,Ballcap (Night),Triangular,None,None
2699,99999997952,8263,0,https://solanart.io/nft/7R4S7G2Vuy34hKj4DFVFyLD3TVV5JSCpcs2kweNgtmms,None,None,Deep Gray,White - Cigarette,None,,Adorable,Cowboy Hat,Heart,None,Basic Tee (White)
2707,24,3384,1.44,https://magiceden.io/item-details/7nRKC8bTJQQNnHThrnouwARaKGaPvWYwRa9qYu6GxsFn,None,None,Deep Gray,Gray - Sewn,Sigils,,Eyeballs,Sailor's Cap,Double-Barrel,None,Hoodie (Blue)
2719,30,6725,0,https://solanart.io/nft/CgBaVdtW3uBu9isKAtw5vmyiBhSeo6XLimznFsHs2utB,None,None,Purple,Red - Lockjaw,None,,Double Button Eyes,Ornamental Circlet,Heart,None,Star Priest
2737,19,8773,29.83,https://magiceden.io/item-details/DodFaZTvPxq2nGRDBAKtfCHcc8JoFq32cnBjmjMmgERF,None,None,Fuschia,Yellow - Open-minded,None,,Default,Jewel,Triangular,None,Bowtie
2751,40,5302,0,https://magiceden.io/item-details/iV7qStt1dyue3Hm3GFBGBGwXoy3S69t37WriMaGGtsW,None,None,Bone,Golden Automaton - Default,None,,Glasses (Half-frame),Party Hat,Piercing (Hoop),None,Collared Shirt (Gray)
2774,29.99,1574,0,https://magiceden.io/item-details/ArpZ8r8zPhhrehfbGikz7Z9y6KenEu3noU7BzQAz3iTd,Crucifix of the Maligned,Soul,Sky Blue,Gray - Cigarette,None,,Default,Trucker Hat (Green),Narrow,None,Tanktop
2862,21.21,7077,14.53,https://magiceden.io/item-details/AakkrWHGGoUCfKt9BJNERLBMZQbnSSotxnkKP68V3bPC,None,None,Bone,Yellow - Side Open,None,,Sunglasses,Crescent Headpiece,Mustache,None,Turtleneck (Green)
2928,25,6907,0,https://magiceden.io/item-details/5dRVJtma1rMPDviJkWriTvXf9QYpyHacPAR2K7B5JwBs,None,None,Green,Black - Open,Freckles,,Sunken,Star,Narrow,None,Basic Tee (Black)
2942,44,6256,0,https://magiceden.io/item-details/DqS6NqZyuzG6Khh7XZEWT7N7mozXMs34ff2wG21LPs3T,None,None,Slate Gray,White - Lockjaw,None,,Third Eye Open,Bowler,Default,None,Hoodie (Blue)
2951,28,1939,0,https://magiceden.io/item-details/A7uZcoWfjEADdw9ycMcVHrNq3Lwtc3BwUKnhQVRcb56T,None,Soul,Sky Blue,White - Side Open,None,,Occular Tech II,Glowing Power Gem,Heart,None,Robe (Blue)
2958,50,7428,0,https://solanart.io/nft/GjzRQBfvbQYdpgehNG7WGYBMVdipU6fDXvcx3B3hcemt,None,None,Blue,White - Sewn,None,,Reptilian,Beanie,Triangular,None,Basic Tee (Red)
2959,32.69,8049,0,https://magiceden.io/item-details/Besu9TZzrzURhj3y9746tA7X33W9nmKEtRxMHkbKkyYJ,None,None,Blue,Green - Side Open,None,,Glasses (Round),Flat Bill Cap (Coffin),Piercing (Barbell),None,None
2962,28,1580,0,https://magiceden.io/item-details/9bKCa6sNf4RZci7RGkaN8vuHWJaiBwB9AWPertmEBjY8,Oerberus Halo,None,Purple,Gray - Cracked,None,,Glasses (Half-moon),Headband,Piercing (Hoop),None,Power Armor
2981,26,1153,0,https://magiceden.io/item-details/4uaKQ6N4Ybnmqaj3UZCmwv3feBUvvEcxoCBPcPL4xUrZ,Draelic Nimbus,None,Green,Red - Oooh,Piercing (Right),,Eyepatch,Halo 2,Narrow,None,Hoodie (Red)
2982,16,6647,68.36,https://magiceden.io/item-details/A5NmuGe6m3oCFroyDuPhLhm7terTWDc43BMNwgtsTbZs,None,None,Blue,Black - Toothy,None,,Red Visor,Ball Cap (Skull),Narrow,None,High-Collar Robes
2996,18.69,3762,53.02,https://magiceden.io/item-details/4rhYfyYBnro5TGEzGH6earE7R4GTnvpU8ErXaFG2rwLw,Oerberus Halo,None,Slate Gray,Blue - Toothy,None,,Default,Dad Hat,Piercing (Hoop),None,Basic Tee (Blue)
3055,30,8098,0,https://magiceden.io/item-details/H1WcnN8QA9D86A2PFmkLQnXEhtfhr7jE8WERgHLfoYJ4,None,None,Purple,Red - Fangs,None,,Angry,Backwards Hat,Mustache,None,Tanktop
3061,26.9,5878,0,https://magiceden.io/item-details/8ku9eP43tACHW3qxWdLpMHxWHMdPwHrQAN5eTwkn2BDa,None,None,Sky Blue,Yellow - Lockjaw,None,,Closed,None,Default,Reaper Hood 2 (White),Basic Tee (Purple)
3075,18,9926,35.21,https://magiceden.io/item-details/GNJmnGcEHQYpN4xeDyVX7SGpiHhXMnaaVGUTqtF8958r,None,None,Green,Blue - Open-minded,None,,Coins,None,Double-Barrel,None,Collared Shirt (White)
3091,43,8693,0,https://magiceden.io/item-details/EbGNdsp6YdAB8Db7fax6oBPnTVbG5gZUSQxxnnZjVE18,None,None,Deep Gray,Blue - Open,None,,Feminine,Horns (Small),Heart,None,Bowtie
3218,44,9204,0,https://solanart.io/nft/EgFdynSBNMBMnL2N98i2fDgPTs1A4ewm6cHKPCMZKQKW,None,None,Sky Blue,Red - Fangs,None,,Flower Eyes,Crystal,Heart,None,Basic Tee (Blue)
3234,18,7998,42.94,https://magiceden.io/item-details/5BuRMFYNDyMct7E9jZnxw6Te3Pwd7c2ZxNq5biZS94Ee,None,None,Green,White - Gold Tooth,None,,Angry,Shriving Stone,Piercing (Barbell),None,Collared Shirt (Gray)
3261,16,7583,64.6,https://magiceden.io/item-details/75Gxtdmm1tkPVjowvQ5E96rpgkMvDQg4W9C9mcpmxv7D,None,None,Blue,Red - Side Open,None,,Red Visor,Flat Bill Cap (Adventure),Double-Barrel,None,Basic Tee (Yellow)
3318,20,4725,36.06,https://magiceden.io/item-details/BZDNQfF4KhfKLQNHwbpxyhXDPxNsjCBcd5GVjrLob3NY,None,None,Deep Gray,Gray - Open,Freckles,,Adorable,Jewel,Heart,None,Blade Runner Jacket
3320,40,9704,0,https://magiceden.io/item-details/2D2aKsedgpszPZr91VK5gpnZXDzTFv6zgnvQAmzqRAv7,None,None,Fuschia,Green - Lockjaw,None,,Eyeballs,None,Triangular,None,Star Priest
3328,17.99,2310,65.84,https://solanart.io/nft/8nzfsZHaKmkuKfiiknbM2EuNZEn7X2CdNFsqHrnLi2h1,None,None,Blue,Red - Oooh,Face Tattoo,,Closed,Explorer's Hat,Piercing (Barbell),None,Collared Shirt (White)
3424,49.69,4779,0,https://magiceden.io/item-details/7pbvjELE4TxobMAyd5jQNNM4bAnpoeNFTJs73KWtWCZ9,None,None,Blue,Purple - Lockjaw,None,,Flower Eyes,Gambler Hat,Piercing (Studded Hoop),None,Hoodie (Blue)
3425,35,4377,0,https://magiceden.io/item-details/6xyq2VywDq67h83Cu8VfgJf6SMJuf9aN7cJgZ8ZbkErx,Draelic Nimbus,None,Fuschia,Gray - Cigarette,None,,Default,Horns (Small),Triangular,None,Collared Shirt (Gray)
3432,19,6007,40.92,https://magiceden.io/item-details/3X9p6bDfcwGrL75WRubbs7BPcm5MGrJBAbrCXSSK4m4Y,None,None,Aqua,White - Oooh,Piercing (Left),,Eyebrow Raise,Officer's Cap,Double-Barrel,None,Basic Tee (White)
3466,40,4444,0,https://magiceden.io/item-details/EJwD72juVJLKU3vHVf5VUFHBkRRWtfPqWKCbUeVsPZWf,None,None,Yellow,Blue - Gold Tooth,None,,Occular Tech,King's Crown,Piercing (Barbell),None,Bowtie
3482,17,6001,60.95,https://magiceden.io/item-details/CFC9iSdgund8UtvjqRUi8GdA1ashHmsrDRPt6znFKuiu,None,None,Red,Green - Oooh,Freckles,,Eyeballs,Horns (Small),Default,None,Turtleneck (Blue)
3518,25,690,2.23,https://magiceden.io/item-details/BHTpw5vAGph4BhfUczy3APZjoFC3sd5QRetgEC2pa55H,None,None,Pink,Purple - Lockjaw,Hanging Charms,,Eyepatch,Bowler,Narrow,Surgical Mask,Leather Jacket
3577,26,6673,0,https://magiceden.io/item-details/3zcLzd79rTpscsGWYMGntjUSXFmW8hGSK9MgSFpK2Fjn,None,None,Blue,Gray - Oooh,None,,Default,Glowing Power Gem,Piercing (Hoop),None,Hoodie (Red)
3586,35,3033,0,https://magiceden.io/item-details/3TJ8ra7rc8WEcbGEvvsjiWihqrikYsMfBysyyneSxX6E,Herald's Halo,None,Pink,Red - Lockjaw,None,,Third Eye Open,Trucker Hat (Purple),Default,None,Basic Tee (Yellow)
3595,16.6,6634,62.41,https://magiceden.io/item-details/GBtbm3W19i3bqwuFBNKKceskf2687sq7VDwSiaYuR9VA,None,None,Slate Gray,Green - Cracked,None,,Glasses (Half-frame),Fedora,Piercing (Hoop),None,Mad Matt Jacket
3606,25,798,1.8,https://magiceden.io/item-details/74jye64wExDypHgp4RRoevtKijwNZWeScKhTuQLfLFFD,None,Seer's Orb,Bone,White - Default,Sigils,,Dead,Athletic Visor,Triangular,None,Basic Tee (Red)
3679,18.9,3853,50.56,https://magiceden.io/item-details/3SJZCPHeNkcp2Sfx7B21Qis5o3p6YMitLEyYJjzGJ6Su,None,None,Aqua,Green - Gold Tooth,None,,Feminine,Ball Cap (Skull),Mustache,Gas Mask,Turtleneck (Red)
3800,23,6224,0.05,https://magiceden.io/item-details/7BgSeT7wRDgQbhWWb7TCxapL5W7JCMYYxxrccLkb2v7x,None,None,Aqua,Yellow - Oooh,Piercing (Left),,Button Eye,Star,Default,None,Basic Tee (Black)
3835,21.8,7638,6.38,https://magiceden.io/item-details/27Qw3sMLvdMPhTZPR8FJ6RjiSp6QdYM4qi77naBB8U7H,None,None,Aqua,Yellow - Cracked,None,,Red Visor,Trucker Hat (Green),Default,None,Turtleneck (Blue)
3880,35,4867,0,https://magiceden.io/item-details/284r4TodGkSuZCnMwHEeSCxRgpEHkAwDcXN5119Z41Gf,None,None,Fuschia,Emerald - Default,None,,Scope Technology,Ballcap (Planet),Heart,None,Robe (Blue)
3891,19.5,7072,31.65,https://magiceden.io/item-details/B6SMzeDz5MKwTUfm5PNGYRR8BKZGg8QbrzX6LvnHoo8F,None,None,Pink,Black - Default,Piercing (Right),,Sunglasses,Viking's Helmet,Narrow,None,None
3915,24,9448,0,https://magiceden.io/item-details/8gxirEuisRB8zHvcsu8vRVt2cunoKF4sB21rbJ1dEH1y,None,None,Blue,Red - Sewn,None,,Dead,Cycling Cap,Triangular,None,Basic Tee (Yellow)
3921,30,1684,0,https://magiceden.io/item-details/Drw49JZJYwMw4ehtz6yndniNaAQcKMGZPFgBg9E1WLmT,None,None,Sky Blue,Red - Open-minded,Piercing (Left),,Feminine,Crystal,Heart,Surgical Mask,Basic Tee (Yellow)
3921,30,1684,0,https://solanart.io/nft/Drw49JZJYwMw4ehtz6yndniNaAQcKMGZPFgBg9E1WLmT,None,None,Sky Blue,Red - Open-minded,Piercing (Left),,Feminine,Crystal,Heart,Surgical Mask,Basic Tee (Yellow)
3976,80,4528,0,https://solanart.io/nft/D34z5bAEffn9ygGQav2PvhoT2D9A9W81xsLGXUYie87e,None,None,Bone,Blue - Sewn,Piercing (Left),,Eyebrow Raise,Viking's Helmet,Default,None,Reaper Cloak
3984,18,9808,35.69,https://magiceden.io/item-details/GmE7d8oWbTq2SKogqoQRmqW7QgfVjtTWxawdvLAYokd7,None,None,Deep Gray,Purple - Oooh,None,,Closed,Flat Bill Cap (Coffin),Heart,None,None
3985,35,2331,0,https://magiceden.io/item-details/FFWtiA97LpzHqSdaxERv35TwVFJ9zeeNsyqUcE2x6dKf,None,None,Red,Green - Lockjaw,None,,Cyclops,None,Piercing (Barbell),Reaper Hood 2,Turtleneck (Blue)
3999,40,3750,0,https://magiceden.io/item-details/55RYBZFwo1HB2CkP9sNTrbaN3sgHoLPtbV9c5FfbkkKr,None,None,Red,Green - Open,Piercing (Double),,Default,Baphomet Horns,Triangular,None,Basic Tee (Yellow)
4034,20,5770,31.87,https://magiceden.io/item-details/GbjjZap7y4gm8Z93hsJfcGQuxzmD988CziehiuK5yTnb,None,None,Sky Blue,Gray - Gold Tooth,None,,Googles,Unicorn Horn,Heart,None,Hoodie (Red)
4044,24,5733,0,https://magiceden.io/item-details/4xM9ufr9PdmZFBuBjUE2X4EbANf2amMJeGjYjeEJPDpL,None,None,Blue,Black - Cracked,Piercing (Left),,Dead,Glowing Power Gem,Double-Barrel,None,Turtleneck (Red)
4051,15.5,8953,64.11,https://magiceden.io/item-details/AdfEF4qDHHeKjFr1Bemcyoch8mTPpdSTzXZqcYr7TZD9,None,None,Green,Yellow - Open,None,,Angry,Conductor's Hat,Mustache,None,None
4058,22,5382,13.43,https://magiceden.io/item-details/9wwFmryWRwbEkFbTr9ZuzNPxFs7Wr4nxNA6ioVW6Kig1,None,None,Fuschia,Black - Toothy,Freckles,,Closed,Glowing Power Gem,Double-Barrel,None,Collared Shirt (Green)
4100,28,1194,0,https://magiceden.io/item-details/9DR36Wr9BrEx7oxusG5MwdwE5M6yk8m6rrAhJk3Negzp,Crucifix of the Maligned,None,Pink,Purple - Open-minded,None,,Sunken,Ancient Reverie,Heart,Gas Mask,Collared Shirt (Gray)
4128,16.69,8097,55.64,https://magiceden.io/item-details/GqVkZf9FGSQu4W74amT1Hs5HRMoWt7cfLQaCod7kuba5,None,None,Green,Blue - Open-minded,None,,Eyeballs,Star,Mustache,None,Hoodie (Red)
4159,38.88,9047,0,https://magiceden.io/item-details/4KgnXq5HYdcpewZaGiT6WHAxEv8iBg4xkkKfuq5BcxV4,None,None,Pink,Black - Oooh,None,,Monocle,Beanie,Narrow,None,Basic Tee (Red)
4176,30,1687,0,https://magiceden.io/item-details/48YmZsU6svp2cNHBb6H7bkEUe9Mf32yAQtzEgThGB1C2,Crucifix of the Maligned,None,Blue,Circuitry (Green) - Default,None,,Bored,Flat Bill Cap (Adventure),Mustache,None,80s Jogging Jacket
4286,27,8714,0,https://magiceden.io/item-details/7BU7sUkscj2BHowqUDV7RDwQJns2Hg4mQrKP6KSw3TXE,None,None,Aqua,Gray - Open,None,,Dead,King's Crown,Double-Barrel,None,Basic Tee (Yellow)
4353,27,2581,0,https://magiceden.io/item-details/76fmm5bwurvweHnGLubjFDBBCmMBXc8tx8Uwq9U5K8eD,Herald's Halo,None,Fuschia,Green - Fangs,None,,Coins,Witch,Double-Barrel,None,Tanktop
4402,30,7309,0,https://magiceden.io/item-details/6WFmhauWGGjWH7rTNNC3wFctJrEVgD71B76nS2nreHVm,None,None,Pink,Black - Oooh,None,,Adorable,Horns (Large),Default,None,Turtleneck (Green)
4408,28,3127,0,https://magiceden.io/item-details/4g5MoTJKWCohwanEF46bXbBmN3Goe2LDTZDj4YHukP9Y,None,Nephul Tablet,Sky Blue,White - Gold Tooth,None,,Sunglasses,Tiny Crown,Narrow,None,Collared Shirt (White)
4487,35,6393,0,https://magiceden.io/item-details/5zeXw7djBMmJMoz7TWGSAqBGQ2R64GVr8rGSb4GDqRZC,None,None,Deep Gray,Galactite - Default,None,,Sunken,Iron Dome,Narrow,None,Tanktop
4536,35,1122,0,https://magiceden.io/item-details/EJy34LzQSffm8YJK5tg5vYpAZdXRkBWBW6oz34xChhUx,Draelic Nimbus,None,Bone,White - Open-minded,None,,Third Eye Open,Crystal,Heart,Gas Mask,Turtleneck (Red)
4543,25,9540,0,https://magiceden.io/item-details/DtQqbp1w8esZWHgCg9Lvd7samn2R3kFew4f3gmHpRXPC,None,None,Fuschia,Black - Gold Tooth,None,,Feminine,Stapled Dome,Default,None,Turtleneck (Green)
4573,25,7064,0,https://magiceden.io/item-details/BuFnnhQhhAFQbyP7wE3iZWLunRfJmRuoJKHLJJREVtc4,None,None,Slate Gray,Ice - Default,None,,Bored,Ballcap (Night),Piercing (Hoop),None,Collared Shirt (White)
4610,25,9335,0,https://magiceden.io/item-details/4GLKvSXfv8gFGJ7wpaxKvAnThBWsteknGakHL1vTNT6S,None,None,Slate Gray,Red - Toothy,None,,3D Glasses,Flat Bill Cap (Adventure),Heart,None,None
4621,27,5726,0,https://magiceden.io/item-details/JDRmtAzP2ZPNxVpKz9aF2KU7nYpEP8cRTk61uuMikfZ1,None,None,Bone,White - Lockjaw,None,,Button Eye,Fedora,Piercing (Barbell),None,Cyberpunk Jacket
4622,25,7388,0,https://magiceden.io/item-details/2ecCuqWP3AfudFCCiH9Cj3xJ7kqwJeAYwF2gTEYhJ8rX,None,None,Pink,Purple - Cracked,None,,Parasite,Fedora,Triangular,None,Basic Tee (Yellow)
4651,16.96,6273,60.26,https://magiceden.io/item-details/9Jo2VXRU9Baq3cnrXc1r1tZsaDCHpR1vZwfLU3NvkX4p,None,None,Aqua,Green - Cracked,Piercing (Left),,Bored,Sailor's Cap,Default,None,Basic Tee (Blue)
4667,20,8917,19.26,https://magiceden.io/item-details/A9kBFuGCZL6KiostAE2YurgAxir4senmix6WkZEhQywb,None,None,Green,White - Gold Tooth,None,,Glasses (Half-moon),Shriving Stone,Triangular,None,Collared Shirt (Gray)
4668,19,7017,36.87,https://magiceden.io/item-details/G1e5Ypdt6Xv3JGGbQs9pKoDvNCSdaS6sXVsHo19fvrhx,None,None,Purple,Gray - Lockjaw,Piercing (Right),,Closed,Crystal,Triangular,None,Collared Shirt (Green)
4680,19.5,4228,43.05,https://magiceden.io/item-details/GTNui114RyTLBhV2LGyojPJ2eq7YE8R9ed7jyvbitJcZ,None,None,Red,Green - Cigarette,None,,Adorable,None,Double-Barrel,Reaper Hood 2,Overalls
4710,21.99,7981,3.11,https://magiceden.io/item-details/7KhuqV1vG3QbfS7ucLygf368rsxzhTexJFbRopNnyZXF,None,None,Blue,Stone - Default,None,,Eyebrow Raise,Stapled Dome,Double-Barrel,None,Tanktop
4738,24,3123,2.48,https://magiceden.io/item-details/DHtAn3pL8jVBCm5xGE1erqGstBQakX8REz9cCTcZSBCg,None,None,Aqua,White - Side Open,Freckles,,Third Eye Open,Horns (Large),Heart,None,None
4744,50,430,0,https://magiceden.io/item-details/85hBvYm1jcFLH6Z9zepz6znQLbTTqMDVi2ZZgDB26qti,Oerberus Halo,None,Green,Purple - Oooh,Freckles,,Dead,Conductor's Hat,Double-Barrel,Bandana,Turtleneck (Green)
4810,16,6371,69.46,https://magiceden.io/item-details/8JnQGFxSUFochzPKA5KWefL2UYp2taugSWH8MoJCJ3kW,None,None,Bone,Yellow - Sewn,Piercing (Right),,Glasses (Half-frame),Horns (Small),Default,None,Collared Shirt (White)
4818,45,555,0,https://magiceden.io/item-details/DSvAoJPzymhE3VRpey4a6NLVdYdgvXegZh2XuVErUCXs,Draelic Nimbus,None,Slate Gray,White - Side Open,Sigils,,Infernal,Spring Break Visor,Default,None,Bowtie
4852,18.88,1017,62.12,https://magiceden.io/item-details/EwKjhg2BDHyim2uhaNmqPZaj9ERV7LrfMet8g1qEpcwJ,Divining Staff,None,Blue,Gray - Oooh,Piercing (Left),,Angry,Bandana (Tied),Default,None,Turtleneck (Green)
4860,40,685,0,https://magiceden.io/item-details/8WXouZQAQWziuY6SPs9PPzBGZsVh84hEJU4ZewGEvnk3,None,Soul,Fuschia,Blue - Toothy,Face Tattoo,,Reptilian,Horns (Small),Mustache,None,Hoodie (Red)
4866,42,2146,0,https://magiceden.io/item-details/8AMbNDLHCHRgBEKAkzHaeUnPkvM5FnTKey9bLfQh8Uzu,None,Soul,Deep Gray,Purple - Cracked,None,,Flower Eyes,Conductor's Hat,Triangular,None,Silver Armor
4893,40,4755,0,https://magiceden.io/item-details/7egVZAmsp8Jjg6mFqZZ6Ug6rowEbBQtLCANURs9YGcHz,None,None,Pink,Yellow - Oooh,Sigils,,Closed,Beanie,Narrow,None,Collared Shirt (Gray)
4948,37,5175,0,https://magiceden.io/item-details/78YNuwMg7oyUnFZkBmdMMm7H1rYH4WwvBvJAZ4KHYYYU,None,None,Bone,Yellow - Fangs,Piercing (Right),,3D Glasses,Officer's Cap,Default,None,Basic Tee (Blue)
4988,25,7783,0,https://magiceden.io/item-details/2ShSUoe1gZbipAJ1gWrg9SmZDTmdFXeNo8WcZrW55mTQ,None,None,Aqua,Purple - Gold Tooth,None,,Angry,Cowboy Hat,Default,None,Hoodie (Blue)
4992,48,456,0,https://magiceden.io/item-details/HBDfVQcV76CnoFhQTKKFdz9wedn4Wq6p9ty9zRCGuheJ,None,Soul,Red,White - Default,Hanging Charms,,Angry,Fedora,Piercing (Hoop),Goatee,Collared Shirt (Gray)
5030,30,4148,0,https://magiceden.io/item-details/j8bMiF2rWE5WfxR4HkRm2ecrVJ1mBAPi4Mc4HMiE1bf,None,Soul,Pink,Blue - Side Open,None,,Eyepatch,Officer's Cap,Heart,None,Basic Tee (Blue)
5041,15.97,4345,77.88,https://magiceden.io/item-details/745pXkLMciFBT1TUk2NcxdZeHi6WQMSPhHyRajGo51kb,Herald's Halo,None,Sky Blue,Purple - Cracked,None,,Bored,Beanie,Default,None,Basic Tee (Black)
5062,49,1386,0,https://magiceden.io/item-details/4KUBeUjeAGKABKPrPJVHAsgTwkvMhheVTNM9VuCWH9KA,Herald's Halo,None,Purple,White - Default,Face Tattoo,,Glasses (Half-frame),Ballcap (Planet),Piercing (Hoop),None,None
5075,22,6846,7.56,https://magiceden.io/item-details/E73jRxu4BHuV7SxsK81X2qgrCAvc3jrgdsjEk4KkSUwx,None,None,Fuschia,Black - Open-minded,None,,Monocle,Bow,Mustache,None,Robe (Blue)
5135,50,2930,0,https://magiceden.io/item-details/7Cw5UNNqx27daoE9NeN6JVK84zncULUCjoFm1tDqkAJ,Crucifix of the Maligned,None,Blue,Yellow - Fangs,None,,Dead,Ball Cap (Skull),Double-Barrel,None,Blade Runner Jacket
5173,23,3191,12.21,https://magiceden.io/item-details/7YkqwGXsR5yaA7uruqfteyst5dBgpgLLqiGRcjH68kYW,None,None,Yellow,Gray - Gold Tooth,Freckles,,Bored,Candle,Piercing (Hoop),None,Overalls
5235,25,5651,0,https://magiceden.io/item-details/3xWN5jvW73zEqDK2JkVf1Ces7LJc8daEwWFgXkM2R7zd,None,None,Deep Gray,Red - Side Open,Hanging Charms,,Eyebrow Raise,Star,Double-Barrel,None,Hoodie (Purple)
5247,27,4670,0,https://magiceden.io/item-details/5uWoEMuo1vdA6Lvdh28G5PyzemgD6rf4edV2k1snwvfS,None,None,Sky Blue,Gold - Default,Piercing (Left),,Glasses (Half-frame),Officer's Cap,Double-Barrel,None,Turtleneck (Green)
5287,40,4291,0,https://magiceden.io/item-details/E3CzKn6xkFjjAUAac6CDCmieznxv2GZKFnwuufJWvpnC,None,None,Green,White - Open,None,,Default,None,Heart,Reaper Hood 2,Suit
5298,150,553,0,https://solanart.io/nft/YnXzmATtvB54RpwkKeRmNHtVewFFCgzbnYRCf4uoMFJ,Draelic Nimbus,Soul,Blue,Green - Open-minded,None,,Sunken,Jewel,Double-Barrel,Gas Mask,Basic Tee (Blue)
5325,26.9696969,9092,0,https://magiceden.io/item-details/BcgKk1oaFwLda2hEi3uT8pcQjyDSmUmVCDa3fGxzZbbD,None,None,Purple,Red - Sewn,None,,Glasses (Half-moon),Tiny Crown,Narrow,None,Collared Shirt (Green)
5353,35,503,0,https://magiceden.io/item-details/7b8j1FwCM7gHV6Mhsgcy6mWojfNHu3j8whKAYyWexiqJ,Draelic Nimbus,None,Blue,Silver - Default,Hanging Charms,,Toon,Ball Cap (Skull),Triangular,None,Explorer's Outfit
5368,36,5623,0,https://magiceden.io/item-details/HBSQFH49UfJsZxiB6HC53CmAcCftb7pW3CAPnYxZc2qQ,None,None,Aqua,Red - Lockjaw,None,,Googles,Baphomet Horns (Golden),Double-Barrel,None,80s Jogging Jacket
5374,20,7542,24.77,https://magiceden.io/item-details/5ySAbmCGvW31KQens4uUvQmUbJSbfLeD3Vc6F3qQFsBK,None,None,Fuschia,Blue - Lockjaw,None,,Sunglasses (Big),Flat Bill Cap (Adventure),Piercing (Barbell),None,None
5415,30,5926,0,https://magiceden.io/item-details/pkCVh71xi6QzxZcBhPJtE2yT6KsgrCUXu1Vj4z5AWkC,None,None,Slate Gray,Infernal - Default,None,,Glasses (Half-frame),Unicorn Horn,Narrow,None,Tanktop
5443,22,2506,24.95,https://magiceden.io/item-details/3QymdGPEr9rdm3k5nhvovQEkaGofUUTpzHEqz8omAFQD,Oerberus Halo,None,Yellow,Gray - Default,None,,Blindfold,Horns (Small),Heart,None,Hoodie (Gray)
5454,24.75,8519,0,https://magiceden.io/item-details/EiFhQ4gN5UoMFE6F5yqxZuQ4fCaWxxmMErHZdmy7pWf2,None,None,Pink,Yellow - Sewn,None,,Dead,Baphomet Horns,Double-Barrel,None,Basic Tee (Purple)
5466,19.4,7915,29.27,https://magiceden.io/item-details/9EedL7XpmvjD9m698Rtv4DfES2SErBHb6GdMAA2MyiFj,None,None,Blue,Black - Open,None,,Glasses (Half-frame),Ball Cap (Skull),Triangular,None,Explorer's Outfit
5470,22,5321,13.67,https://magiceden.io/item-details/5zm5qQ7dcHmYRim8LGaP8VLoTRy4eEy4LX3PTPCadTAe,None,None,Sky Blue,White - Sewn,None,,Glasses (Half-moon),None,Narrow,Reaper Hood 2,Basic Tee (Black)
5497,22,8703,0.11,https://magiceden.io/item-details/5ssjncR3BoupVSbhtXNKvLcEP3bjkQ2L8QZ12bzDrLW9,None,None,Blue,White - Gold Tooth,None,,Adorable,Ballcap (Night),Heart,None,Robe (Blue)
5509,28,1654,0,https://magiceden.io/item-details/cAPABBuB9cLnetrCjaTTt1wgNSTktDw6ZuSs2rJpS4W,None,Nephul Tablet,Green,Yellow - Oooh,None,,Dead,Serow,Piercing (Hoop),None,Basic Tee (Yellow)
5513,28,7362,0,https://solanart.io/nft/2oKnMB1tVJLcZ9uP78n1ZHjo57GpN8zGzYuEAYFeHw6H,None,None,Green,Gray - Default,None,,Closed,Bow,Mustache,None,Robe (Blue)
5527,28,6532,0,https://magiceden.io/item-details/3r9SsfGJ1hh4JDkj3WE2rienYgpbYvZvZfnybzgH1Fbp,None,None,Red,Black - Cigarette,None,,Default,Gambler Hat,Heart,None,Hoodie (Blue)
5536,20,3480,41.05,https://magiceden.io/item-details/Au4vtThD3scrJbHHXycgRsJfLjULeKJfVhayYuneBTk6,None,None,Purple,Black - Fangs,Freckles,,Sunken,Laurel Wreath,Triangular,None,Cyberpunk Jacket
5545,23.45,9799,0,https://magiceden.io/item-details/6bCi3AeCivvdFLNpbcxrBw2jdFyjkvpYUHWAa5y3aYts,None,None,Bone,Blue - Open,None,,Glasses (Half-moon),Fedora,Narrow,None,None
5563,44,6703,0,https://magiceden.io/item-details/2QKhWpYCbPxeA9FXCe9iNsZUcP68tLkMYTe6yq8TEbc2,None,None,Aqua,Blue - Lockjaw,None,,Reptilian,Ancient Reverie,Default,None,Turtleneck (Blue)
5634,69.690002,8497,0,https://solanart.io/nft/6W2y3s7qWZED68yShUatv3udRVoWXRzL5x3z7w7ytULH,None,None,Blue,Ice - Default,None,,Angry,Tiny Crown,Heart,None,Turtleneck (Green)
5652,35,1968,0,https://solanart.io/nft/2g8bJnnG89pe5QcZHfBDN1iY5aZyW4hceFXi3ktR1Qvv,None,Soul,Slate Gray,Blue - Side Open,None,,Glasses (Round),Beanie,Piercing (Barbell),None,Silver Armor
5662,28,8764,0,https://magiceden.io/item-details/47dJs5QXeUEkiE9WWoc2GSwrPLMLNRCN9hzUgtybPNBM,None,None,Blue,Purple - Default,None,,Blindfold,Halo 2,Triangular,None,Turtleneck (Green)
5673,23.95,7027,0,https://magiceden.io/item-details/3E8WxuuAcaL83bJLsE4e27DGprzwXjqJ78Lr1FhbbSdv,None,None,Sky Blue,Gray - Lockjaw,None,,Eyeballs,Ball Cap (Skull),Piercing (Studded Hoop),None,Hoodie (Gray)
5677,17.99,5241,54.09,https://magiceden.io/item-details/24koLmVVj8E9BmcTt9W6Jtthx2a5vZZwSLzbTQHDGx4K,None,None,Red,Purple - Fangs,None,,Possessed,Athletic Visor,Piercing (Barbell),None,Silver Armor
5731,46,1165,0,https://magiceden.io/item-details/DpZsJq6yrecR5gBkX4pr3bSBSXBkzzZ8Wpar8qF7U1c5,None,Soul,Bone,Purple - Gold Tooth,None,,Parasite,Hannya Horns (Golden),Mustache,None,Robe (Pink)
5851,100,5514,0,https://solanart.io/nft/58WJXXT4WZ5WtfntpcaxRVPT2soofTJFQv219iynd4HL,None,None,Pink,Red - Oooh,None,,Infernal,Beanie 2,Triangular,None,Hoodie (Blue)
5860,30,7807,0,https://magiceden.io/item-details/3m1inEnVBvfD3koYSw7Who9JDPxhdDi2QAcuftDtPtQe,None,None,Pink,Infernal - Default,None,,Glasses (Half-moon),Viking's Helmet,Triangular,None,Turtleneck (Red)
5880,37,5596,0,https://magiceden.io/item-details/GpoZRSaVdcUYCU8eFm8tEvVYrdu4w1B5Sx9ASjidozpf,None,None,Sky Blue,Green - Side Open,None,,Reptilian,Ballcap (Night),Piercing (Hoop),None,Robe (White)
5898,22,1577,28.68,https://magiceden.io/item-details/GDth4vS8qmpqZaRz2P2RCVtbtP5a847ewXzPeie8SjBz,None,Soul,Sky Blue,White - Oooh,Freckles,,Sunken,Ornamental Circlet,Mustache,None,Turtleneck (Blue)
5933,19.5,6801,32.74,https://magiceden.io/item-details/64NZDp9ercYaXjHuAqk3Cs2oBfMHNMu2pQGMfpWSAxPE,None,None,Yellow,Green - Gold Tooth,None,,Sunglasses,Tilted Halo,Piercing (Hoop),None,Hoodie (Blue)
5985,26.9,3909,0,https://magiceden.io/item-details/AnZaypDHBB6urqHd9zQULeG1BJS99wJBerF2rcjsYfJZ,None,None,Deep Gray,White - Side Open,Face Tattoo,,Googles,Halo 2,Triangular,None,Turtleneck (Blue)
6091,19,9668,26.25,https://magiceden.io/item-details/J2fpGzhLeq1QwMXgpfwpNyagFyRLk1ctFfBHWQmDgZ8,None,None,Aqua,White - Lockjaw,None,,Blindfold,Sailor's Cap,Default,None,None
6101,19.98,9917,15.45,https://magiceden.io/item-details/3T9yZetNh8BejSzwNywYnfugMSYeKjpzxghxbqNC8A4J,None,None,Slate Gray,Blue - Sewn,None,,Coins,None,Triangular,None,Basic Tee (Yellow)
6191,24.4,1691,4.22,https://magiceden.io/item-details/2JMBu45rtZYpAhbRtUnoUNjYnyaeq78zugMSrKQCW2kD,Herald's Halo,None,Fuschia,Green - Gold Tooth,None,,Glasses (Round),Backwards Hat,Triangular,None,Blade Runner Jacket
6213,17,3889,69.41,https://magiceden.io/item-details/8ya933712zB4TerToJLwosE4R2zy5RwFcqhtLP8oN1P9,None,None,Blue,Red - Open-minded,Piercing (Right),,Reptilian,Jewel,Triangular,None,High-Collar Robes
6270,40,2617,0,https://magiceden.io/item-details/8YERqQJjFreyv7jutxhB2Rco5guj5JooBU9yMZNehY8r,None,None,Blue,Gray - Gold Tooth,None,,Dead,Beanie 2,Heart,Bandana,Hoodie (Pink)
6334,30,3168,0,https://magiceden.io/item-details/6hp75QkXcci6hecTtB9BwiR6qrstxo4Ji1nDNQN5K9c3,None,Seer's Orb,Sky Blue,Blue - Toothy,None,,Monocle,Athletic Visor,Narrow,None,None
6349,33.3,4559,0,https://magiceden.io/item-details/4wcChPLZ3p1eKsf1fc62TBxXoJePJVVaMNrLVDW6HmRX,Draelic Nimbus,None,Red,Green - Open,None,,Coins,Beanie,Heart,None,None
6354,29,7829,0,https://magiceden.io/item-details/FBfLeeJEfUiTb8yp7yp1At2UjRDkPAe1Tf2Cc4r7d3wC,None,None,Deep Gray,Black - Open-minded,None,,Eyebrow Raise,Shriving Stone,Triangular,None,High-Collar Robes
6419,50,1333,0,https://magiceden.io/item-details/5f5KKJMqiN9sopXWeAASrBaMGXkgjbPmyumvGRs2ZDBU,None,None,Slate Gray,Red - Cigarette,Face Tattoo,,Blindfold,Infection!,Mustache,None,Bowtie
6445,25,8123,0,https://magiceden.io/item-details/FQmM6nAQmwSwqut7UyphiDy8NK3S4qFUtgPUVEiZDLms,None,None,Sky Blue,Purple - Sewn,None,,Possessed,Jewel,Triangular,None,Tanktop
6446,19.608999,3556,44.66,https://solanart.io/nft/EuhsVUe46CtvDyRogJRYiMs1VrfCNAx4Eidng8sBCj4c,None,None,Blue,White - Open,Piercing (Double),,Angry,Officer's Cap,Piercing (Barbell),None,Overalls
6467,22,8804,0,https://magiceden.io/item-details/5RmDqC1u59YCAhtG2gyWVfM9TADy56enb1Ayyi8GA1Lt,None,None,Aqua,Green - Cracked,None,,Glasses (Half-moon),Spring Break Visor,Triangular,None,Tutrleneck (Black)
6519,30,6332,0,https://magiceden.io/item-details/6k3v3tNav3ig3FVDoVm2bz1cLjgQSHWPzM5SEHrxWqZu,None,None,Deep Gray,Silver - Default,None,,Possessed,Jr. Sailor Cap,Default,None,Basic Tee (Black)
6551,25,6596,0,https://magiceden.io/item-details/CvrSk3RT3qKZKQFH7cUUx37EpMTKxkBfX9JvDePqsZrt,None,None,Blue,Green - Default,None,,Button Eye,Ballcap (Night),Narrow,None,Blade Runner Jacket
6580,18,4713,56.11,https://magiceden.io/item-details/8brhSaXgWCuzLFcsUE7Kmg4EX4ScHybKo5EwHwv2yoYU,None,None,Aqua,White - Fangs,Sigils,,Bored,Ballcap (Night),Heart,None,Collared Shirt (Green)
6628,29,5072,0,https://magiceden.io/item-details/9y5XQawipz24hEoiq3sFVUpJSfB33STJYEb6dpAZBMtT,None,None,Purple,Gray - Side Open,Piercing (Right),,Closed,Crimson Beret,Narrow,None,Collared Shirt (Gray)
6659,25,7284,0,https://magiceden.io/item-details/FfE4QmHXgn3iPD1aWCoQPRL5BjcKfe9YRz6ZCLhaRc8g,None,None,Blue,Purple - Cigarette,None,,Sunglasses,Jr. Sailor Cap,Piercing (Barbell),None,Basic Tee (Yellow)
6705,38,5918,0,https://magiceden.io/item-details/Gh6fJHfpyyhT3p3AhY85XJrE6jmfj6zAcMJUqqYns3xv,None,None,Purple,Yellow - Oooh,None,,Eyeballs,Cowboy Hat,Piercing (Hoop),None,Silver Armor
6709,22.7,7359,0,https://magiceden.io/item-details/3VRCHV4uWPPqwQcaQzJs7R8WHB1wQy6iGjUjWDqcqZU9,None,None,Slate Gray,Black - Sewn,None,,Possessed,Princess Circlet,Default,None,Basic Tee (Yellow)
6744,22,3365,21.51,https://magiceden.io/item-details/5cKbhmnrCD2zhgGBPLJa1HKbGqKxuPUrBF3x7oav6Gcv,None,None,Pink,Yellow - Open,Piercing (Double),,Scope Technology,Ballcap (Planet),Default,None,Collared Shirt (Green)
6752,20,7627,24.43,https://magiceden.io/item-details/4Q4wi1WFfZ3JULTTg7CK4xaZEU2u8wCMJyXoZpdVwG5c,None,None,Slate Gray,Purple - Fangs,None,,Dead,Beanie 2,Double-Barrel,None,Astronaut
6757,16.5,4250,72.96,https://magiceden.io/item-details/ugzGnZTbWtXVjFPruX5MU5w2hcTMUpkEv9wCGz196fJ,None,None,Blue,Red - Sewn,Freckles,,Eyepatch,Fez,Heart,None,Collared Shirt (Green)
6764,28,955,0,https://magiceden.io/item-details/AEurJAL5usx3zPDKVm7WdH731jDLxjjYVPwooN86QS2k,Oerberus Halo,None,Yellow,Gray - Cracked,Piercing (Left),,Double Button Eyes,Ornamental Circlet,Narrow,None,Hoodie (Gray)
6788,40,2656,0,https://magiceden.io/item-details/7zkEuya4HLYZJ62tQJKJAMMUaQKXvtW5wX6uv6AQ6kuJ,Sheathed Sword,None,Blue,Purple - Default,None,,Closed,Cycling Cap,Piercing (Studded Hoop),None,Basic Tee (Blue)
6799,39.5,758,0,https://magiceden.io/item-details/HTmoTECkB4qtEsp9q3aQaknd2SLLh5N26jsJ4FtkNR7v,Draelic Nimbus,None,Green,Lunar - Default,Piercing (Left),,3D Glasses,Trucker Hat (Purple),Double-Barrel,None,Tutrleneck (Black)
6823,25,7610,0,https://magiceden.io/item-details/Bb32Yy1FTGEfrWL2wNEQnzNQ8otff3XaGZhBq2ThHqfd,None,None,Purple,Green - Default,None,,Sunken,Headband,Heart,None,Hoodie (Blue)
6860,30,7782,0,https://magiceden.io/item-details/3DbjVEfCbZrPK3StxS56aAcme8iT38SACCUbjMLLqRsE,None,None,Green,Blue - Cigarette,None,,Closed,Viking's Helmet,Mustache,None,Leather Jacket
6876,19,1746,58,https://magiceden.io/item-details/AfFz6DFSM6erFhccB8jA1FERvzR9VYtTwj2dGekQ8kLK,Crucifix of the Maligned,None,Green,Gray - Cracked,None,,Sunken,Unicorn Horn,Triangular,None,Astronaut
6901,21,3493,31,https://magiceden.io/item-details/8k6LztzjfG1rbQ5ZTAYCnRwVfQyugEJ2akdiZ6eKgp5L,None,Soul,Aqua,Gray - Side Open,None,,Superhero Mask,Trucker Hat (Green),Narrow,None,Tutrleneck (Black)
6950,40,1457,0,https://magiceden.io/item-details/83Lb4iQCSQw5whHo4VdRDf9Hs8e8bj5beGNp2oZFxTAB,None,None,Sky Blue,Gray - Cracked,Piercing (Right),,Closed,Halo 2,Double-Barrel,Bandana,Basic Tee (Blue)
6991,35,9157,0,https://magiceden.io/item-details/97gkjJ4ZESY6zT4d5KtyqLEWKDrzqMHqmU991iCoYV9q,None,None,Purple,Gray - Oooh,None,,Angry,Athletic Visor,Narrow,None,Turtleneck (Red)
6998,28,9589,0,https://magiceden.io/item-details/EZgLtCU5XDDbG7S6JwHwRJgauqztiZwpQ1VvHo2G75vs,None,None,Slate Gray,White - Fangs,None,,Eyeballs,Tilted Halo,Double-Barrel,None,Basic Tee (Black)
6999,30,6125,0,https://magiceden.io/item-details/SgrgjZw7KJUmdGShvXBFpeeVWZBLF9ATtpFesEovpdv,None,None,Yellow,Black - Cigarette,None,,Angry,Jr. Sailor Cap,Piercing (Hoop),None,Star Priest
7013,17,6843,57.57,https://magiceden.io/item-details/6cK52f4wzc8qu9vGL8EuQq9XFZR7uLocSBkXfQYcAFUT,None,None,Green,Blue - Cigarette,None,,Eyebrow Raise,Headband,Default,None,Combat Armor
7022,17,6517,58.88,https://magiceden.io/item-details/CNX1Gfy5TKfvHLu1zyTMqHw3z7qf1KaVcCWUt3GD5HG,None,None,Green,Purple - Lockjaw,Piercing (Right),,Eyebrow Raise,Horns (Small),Default,None,Collared Shirt (Gray)
7041,25,2048,0,https://magiceden.io/item-details/EgA3vSFZDvyd3k9y6c8wB3FpvxHy3JpyMJxbrgAjRZnn,Divining Staff,None,Fuschia,Gray - Default,None,,Coins,Tesla Coils,Default,None,Basic Tee (Yellow)
7046,20,8305,21.71,https://magiceden.io/item-details/7QdY9R2YwBXWzjcB8EdNmVkzrHwBX8wXoUkEx1CDdZDf,None,None,Pink,Green - Oooh,None,,Default,Trucker Hat (Dusty),Double-Barrel,None,Basic Tee (Blue)
7069,20,6308,29.71,https://magiceden.io/item-details/9BdpzJEETjMEoWJQKf7s1qHPK9o4rWgd8nKgGoDSSRv5,None,None,Pink,Gray - Toothy,Hanging Charms,,Adorable,Jewel,Narrow,None,Basic Tee (Red)
7088,22.5,2565,19.72,https://magiceden.io/item-details/H27E1mkWFKZQdoWqU8R6YuJJH1s8TYo7jwf2F9vHzi1N,None,Soul,Bone,Blue - Open,Hanging Charms,,Double Button Eyes,Tilted Halo,Default,None,None
7128,48,775,0,https://magiceden.io/item-details/ExyhizLudZ9XyZyPyKM9kbTDss1zXZUCsnEC9prkzWp2,Herald's Halo,None,Blue,Yellow - Open,Face Tattoo,,Parasite,Ancient Reverie,Narrow,None,Tanktop
7129,29.5,5389,0,https://magiceden.io/item-details/8iFnwmNcuhYZ3G1Fj22jA4KedAfyG34bmViJYF3bsgd8,None,None,Purple,Yellow - Cigarette,Piercing (Right),,Double Button Eyes,Tilted Halo,Double-Barrel,None,Tutrleneck (Black)
7141,24.69,5190,0,https://magiceden.io/item-details/EZFrNsRBXp26YQBSqFA9aSGX1mgEHTFhyXSTYZgHLVxH,None,None,Slate Gray,Yellow - Sewn,None,,Googles,Punk Hair,Double-Barrel,None,Samurai Armor
7150,20,4019,38.89,https://magiceden.io/item-details/5zET23VmAmXL7fJazL5wBh9xdEzBFg4YJvqNsemZEjhG,None,None,Bone,White - Open-minded,Hanging Charms,,Adorable,Lil Skully,Piercing (Studded Hoop),None,Turtleneck (Green)
7164,24.69,6941,0,https://magiceden.io/item-details/3eBhBf2ZpZSTpmZRY3afey6iUwrPB1H7J3WymGAzsEua,None,None,Sky Blue,Yellow - Toothy,None,,Adorable,Ornamental Circlet,Mustache,None,Overalls
7236,30,3084,0,https://solanart.io/nft/7j54X4pbecH4bMqV72sAZ65nq3E5cUWVC6uCyUgqKLhu,None,None,Green,Gray - Cigarette,Freckles,,Adorable,Ball Cap (Skull),Double-Barrel,None,Golden Armor
7251,29,2199,0,https://magiceden.io/item-details/D87eKVKNHD6rmayYETDGip5xsAs9ZZEF17VK4z523inH,None,Nephul Tablet,Aqua,Green - Open-minded,None,,Sunken,Star,Triangular,None,Metal Robe
7281,35,9458,0,https://magiceden.io/item-details/Cb72nvH3Brjf7hWYSuVhuVPo1Vhg97AwsHHh8Be83J4S,None,None,Bone,Green - Open,None,,Default,None,Piercing (Barbell),None,Robe (Blue)
7291,50,525,0,https://magiceden.io/item-details/6ZGVFEK46B71it7WeQm7drDUzVnczkve6cR6DiyYBX4p,None,Harrow Staff,Sky Blue,Blue - Sewn,Hanging Charms,,Sunglasses (Big),Viking's Helmet,Heart,None,Samurai Armor
7301,28,2843,0,https://magiceden.io/item-details/Hnzox4VN2Sao19rFCJ53JS38cdTk3mXiUMXuiMMex2uR,None,None,Yellow,White - Cracked,Piercing (Right),,Feminine,Tiny Crown,Piercing (Hoop),None,Power Armor
7307,25.69,610,0,https://magiceden.io/item-details/AHaZewD3z8CBFL6f1ThcxpDmFihqv2V3kny6Er7LYC8M,Herald's Halo,Soul,Pink,Wooden - Default,None,,Toon,Jr. Sailor Cap,Narrow,None,None
7333,45,8778,0,https://solanart.io/nft/5HCfybDqq6ZYfYMaGx4zMy9U7mELSuMg8XtMuApL2DcQ,None,None,Blue,Yellow - Cracked,None,,Feminine,Trucker Hat (Purple),Piercing (Hoop),None,Basic Tee (Red)
7381,16.5,7311,60.69,https://magiceden.io/item-details/7aMm4uo3oosU6WjHnHxfyWNTpDRBzpLHvA8HNJ51jeUT,None,None,Aqua,Yellow - Open,None,,Red Visor,Star,Mustache,None,Collared Shirt (Green)
7384,25,8160,0,https://magiceden.io/item-details/AjoDXw3DmRDQbfX1NN1ZbBnpMvHWApBusffte8UKjPB8,None,None,Sky Blue,Black - Open-minded,None,,3D Glasses,None,Double-Barrel,None,Power Armor
7431,17,4852,65.55,https://magiceden.io/item-details/GdM8zzfiPkJd2qvZoN2qt4G9U4v7Bc1xBq9nfFDejg6r,None,None,Bone,Purple - Sewn,Piercing (Left),,Double Button Eyes,Horns (Small),Heart,None,Collared Shirt (Gray)
7464,22.8,8805,0,https://magiceden.io/item-details/3etPQmN8GH2febcH14ut9c8KypSsD5Up7knQJKfxriuA,None,None,Bone,Blue - Sewn,None,,Bored,Dad Hat,Double-Barrel,None,Robe (Pink)
7480,50,6865,0,https://magiceden.io/item-details/7VAcVy497SXSjUFDrVCRumwHCCm21SfY5rGyXnRasr2F,None,None,Red,Purple Ooze - Default,None,,Angry,Ballcap (Night),Default,None,Basic Tee (Red)
7494,22,9500,0,https://magiceden.io/item-details/4sMBp4yTZJ6wWKxrHCdp69uWReME5a3DjGLCjscEmUM1,None,None,Blue,Yellow - Lockjaw,None,,Feminine,Stapled Dome,Default,None,Tanktop
7524,28,8167,0,https://magiceden.io/item-details/BGQbRHSLrFHugvDTLo5exJ14BKDcjn9VE4pdAJhXE2JM,None,None,Deep Gray,Green - Default,None,,Possessed,Tilted Halo,Heart,None,Basic Tee (Purple)
7554,23.65,9084,0,https://magiceden.io/item-details/9R8PWCHoYJXEuAuN3K2GufDhNh7h1KNqaAZfVM1gepbk,None,None,Blue,Purple - Cracked,None,,Feminine,Beanie 2,Triangular,None,Basic Tee (Red)
7571,40,4996,0,https://magiceden.io/item-details/5WyaRz6dYpgTjCazZ9AS7ab1cVpzBV793KrABSmrnaAD,None,None,Red,Blue - Oooh,Piercing (Double),,Glasses (Half-frame),Crystal,Mustache,None,Tanktop
7573,29,7157,0,https://magiceden.io/item-details/FRitWNnoEv5XgaNViwAzMkY2QHZyfHFKXQKzbrRAmq3k,None,None,Fuschia,Purple - Lockjaw,None,,Coins,Beanie 2,Narrow,None,Hoodie (Pink)
7579,24.9,8461,0,https://magiceden.io/item-details/CjGrYHcn6YCeeK37ooRGwzybxKVhi1GNJbasNaQGumBD,None,None,Deep Gray,Green - Gold Tooth,None,,Default,Iron Dome,Default,None,Tutrleneck (Black)
7591,49.900002,1098,0,https://solanart.io/nft/DLJMq77gT9T5k2ZetLSKwwh125Y2FJbC5r76Y5xnBdr5,None,Seer's Orb,Purple,Infernal - Default,None,,Possessed,Candle,Default,None,Turtleneck (Green)
7615,28.9,1502,0,https://solanart.io/nft/8fJnUwbgndazfRxLLfFFSpyFgstU1f9w1DPUpiPg6aiS,None,None,Aqua,Yellow - Fangs,Piercing (Right),,Default,Athletic Visor,Double-Barrel,Gas Mask,Bowtie
7627,27.8,5551,0,https://magiceden.io/item-details/FmbHC2ExZnmCL6SiRoZnX6oBgfjRyJ5P56sMHkw77EBX,None,None,Purple,White - Side Open,Piercing (Left),,Adorable,Candle,Double-Barrel,None,Basic Tee (Yellow)
7632,24,6979,0,https://magiceden.io/item-details/3P5J27uTvQ4K1r56dehMkJK9ppgi48fJDmKYs7VFf1uF,None,None,Sky Blue,Gray - Oooh,None,,3D Glasses,Cyberpunk Hat,Triangular,None,Turtleneck (Green)
7711,499999997952,1339,0,https://solanart.io/nft/HoeyCN5J3a4ubEhBmP2mQRHmiqBMsaxV9MUDmXe9kjVo,None,Soul,Yellow,Purple - Fangs,None,,Third Eye Open,Hannya Horns (Golden),Piercing (Hoop),None,Basic Tee (Black)
7725,19.9,4858,36.53,https://magiceden.io/item-details/2nfpJgGVbeS1bKz2SdZQvmaxcCKDeuQWeinuWGEPt6hM,None,None,Green,Purple - Default,Face Tattoo,,Dead,Beanie 2,Double-Barrel,None,Basic Tee (Black)
7728,36.69,575,0,https://magiceden.io/item-details/Coprvpbfaxr9yWhZXyen4jT86EFkNVtYhFKbHUmAaFLD,Oerberus Halo,None,Yellow,White - Toothy,None,,Glasses (Half-moon),Halo 2,Narrow,Goatee,Cyberpunk Jacket
7754,17,7669,54.26,https://magiceden.io/item-details/32HGBysFAj3ZvU8ZKcBKzAyew7ogV1c2opbyaGzwmxEK,None,None,Purple,White - Open-minded,Piercing (Double),,Closed,None,Double-Barrel,None,Collared Shirt (Green)
7779,44,3183,0,https://magiceden.io/item-details/G24gP5wBxjWBQnAHh7XXDSGqLfWmFQN4WBzoaqtki9JE,None,None,Blue,Gray - Gold Tooth,None,,Adorable,Dad Hat,Piercing (Hoop),Gas Mask,Robe (Blue)
7785,50,551,0,https://magiceden.io/item-details/6W4ycHebeG1rkoRxn9c5zWppfjds6c8Z3XWadP2P2YpZ,None,Soul,Red,Galactite - Default,Piercing (Double),,Possessed,Beanie,Piercing (Hoop),None,Hoodie (Purple)
7811,19,9928,25.2,https://magiceden.io/item-details/EzNGcJxULKyVf9C1Mw3WjwoVgyd6WWcjZxEKRtZQGgxG,None,None,Yellow,White - Open-minded,None,,Blindfold,None,Narrow,None,Basic Tee (Yellow)
7845,17.42069,3346,67.38,https://magiceden.io/item-details/5P6tPmaYqWA4AUWCPZkdyQNsQZeV3154yY5yNH2iCY85,None,None,Pink,Gray - Side Open,Freckles,,Blindfold,Cycling Cap,Heart,None,Silver Armor
7862,25,7283,0,https://magiceden.io/item-details/dpgJSCtgNEjFkciPkjEjm1sUFwnQwZSh2W6PsSctpD5,None,None,Sky Blue,Green - Lockjaw,None,,Blindfold,Trucker Hat (Dusty),Narrow,None,Collared Shirt (White)
7873,20.75,5148,26.86,https://magiceden.io/item-details/6ModZQTKCu6xHQyHPBq4jnLKu9jc28SoszYgd1cNThR1,None,None,Sky Blue,Blue - Open,None,,Superhero Mask,Trucker Hat (Green),Mustache,None,Robe (Blue)
7897,1666,413,0,https://solanart.io/nft/CrbiSN3qpDq1n7qYwijFq4UsyPpx4r8Pe79uaRRjMRcz,None,Soul,Green,Black - Toothy,Freckles,,Closed,Laurel Wreath,Default,Oni Mask,Basic Tee (Black)
7911,40,4490,0,https://magiceden.io/item-details/AMwNoyDGSuW5dRS97LbogSNatk5861LAgcuy5s5eez3n,None,None,Green,Robot - Default,None,,Parasite,Ballcap (Planet),Piercing (Studded Hoop),None,Robe (Pink)
7926,45,846,0,https://magiceden.io/item-details/g6hgZXpYL3UhDXBy8aeRiXrEjAjUAdxpbDt5gjyY8ho,Herald's Halo,None,Bone,Blue - Cracked,None,,Adorable,Crystal,Mustache,Gas Mask,Cyberpunk Jacket
7983,50,731,0,https://magiceden.io/item-details/53ehDWyPjYH819pTtMX1s4Q6Kqcz1WhijRTGA3vJe6yL,Oerberus Halo,None,Pink,Gray - Default,None,,Sunken,Viking's Helmet,Double-Barrel,Surgical Mask,Overalls
8008,18.7,7243,38.97,https://magiceden.io/item-details/HUXVtfV8NRdNbh6sDC2UhKCnT4D9PdL1pacuMEozjC1e,None,None,Aqua,Gray - Cracked,None,,Coins,Propeller Hat,Narrow,None,Tanktop
8104,15.5,9933,60.18,https://magiceden.io/item-details/GCRDU1S8BT1nt5Zujs7H9wFAt4DHTAW4wDbjHSgefafT,None,None,Purple,White - Open-minded,None,,Sunglasses (Big),None,Default,None,Basic Tee (Blue)
8115,30,2531,0,https://magiceden.io/item-details/6ypUbS3EQ2MHeCQvtK8BCqVG7q1TnwxvD6robEUT7fcg,None,None,Pink,Red - Cigarette,Piercing (Double),,Glasses (Half-moon),Exposed Brain,Double-Barrel,None,Basic Tee (Yellow)
8118,29.69,1439,0,https://magiceden.io/item-details/FDUaWCHS5nxjqPN8geejV4tdA8PtJB2t95Jb9oHhU7qm,None,Seer's Orb,Sky Blue,Gray - Open,None,,Occular Tech II,Officer's Cap,Heart,None,Basic Tee (Red)
8141,30,6528,0,https://magiceden.io/item-details/Eb45YhZT4j4PDyNWG5JW9LpyRxJGKRo93gn5a1G4WZRD,None,None,Deep Gray,Green - Open-minded,None,,Blindfold,Jewel,Piercing (Hoop),None,Robe (Pink)
8143,16.5,5736,67.01,https://magiceden.io/item-details/73p8e8kU2KD4c4gdmtX8DA1nkt2abSHuA6ai5ahUQb4E,None,Soul,Blue,Purple - Default,None,,Glasses (Half-frame),Viking's Helmet,Heart,None,Collared Shirt (Green)
8152,34,3703,0,https://magiceden.io/item-details/BFA1xCCtAJEEf7XXN2Sb2o2WH4mu9iGFjbybEKkaGdPm,None,None,Aqua,Silver - Default,None,,Default,Ball Cap (Skull),Heart,Gas Mask,Basic Tee (White)
8168,31.99,4297,0,https://magiceden.io/item-details/CXRfEUVuscsbjZsg6M4gEddQB2mcazcw8f4gbtEpvgNw,None,None,Bone,Gold - Default,None,,Eyeballs,None,Narrow,Reaper Hood 2,Turtleneck (Red)
8171,17,9651,46.31,https://magiceden.io/item-details/2yFTAcBD3eomB3xLV3WpwqhtokhcrLojkd2PKg9eYsCX,None,None,Red,Yellow - Side Open,None,,Default,Tilted Halo,Default,None,Basic Tee (White)
8190,25,6566,0,https://magiceden.io/item-details/EZQodarxDXksmjCjMAGVnTzxrgJKN3387Gbw352WgR3Y,None,None,Red,Purple - Cigarette,None,,Flower Eyes,Shriving Stone,Mustache,None,Basic Tee (White)
8205,15.75,7640,66.88,https://magiceden.io/item-details/H21B5AdsqD15AMY2XZMn5vWiUCT7EN7Wyc8GqA4y9RMq,None,None,Blue,Yellow - Cigarette,None,,Closed,Lil Skully,Mustache,None,Collared Shirt (Gray)
8215,23.69,9466,0,https://magiceden.io/item-details/4cqXAVVBiipc1pFpWHAqrp7n3dBocBW8mmzwN1ngCukk,None,None,Purple,Yellow - Open,None,,Default,Ballcap (Night),Double-Barrel,None,Tanktop
8216,18.69,9318,30.75,https://magiceden.io/item-details/HZugA7bx7kYCVTJ9EDbeSXPKsEYUXmZKjW9pcR5jMJRd,None,None,Sky Blue,Yellow - Gold Tooth,None,,Bored,Star,Default,None,High-Collar Robes
8219,20.01,3720,39.99,https://magiceden.io/item-details/61JdjHt5aq8AibdghN8sz5QpgKGPiZdnxnVmZWtZsCND,Draelic Nimbus,None,Deep Gray,Green - Open-minded,None,,Glasses (Half-frame),Crystal,Piercing (Studded Hoop),None,Basic Tee (Yellow)
8220,32.5,4318,0,https://magiceden.io/item-details/7E2JSgM45Vv3v126iwcb2PzeJPV5pU7XaW8nGCwSEhKF,None,None,Pink,Red - Open-minded,Freckles,,Eyeballs,Ancient Reverie,Heart,None,80s Jogging Jacket
8242,25,8986,0,https://magiceden.io/item-details/AmP7WNg6m23p2Euzqmq6UDV9Df5jfrzSHP1KX5McmWC1,None,None,Red,Purple - Gold Tooth,None,,Googles,Cycling Cap,Default,None,Basic Tee (Purple)
8249,30,6234,0,https://magiceden.io/item-details/4y8CoPuf5T84g7Tp5t5CjwyAiVKWdSsvaWnuZfSVWYcD,None,None,Red,Green - Open-minded,None,,Googles,Star,Mustache,None,Explorer's Outfit
8261,16,8573,60.64,https://magiceden.io/item-details/DXd7Rrn1s7zMaEME6ycVU61sdxEcvMvbWiqXC7GT33Me,None,None,Blue,White - Toothy,None,,Glasses (Round),Horns (Small),Double-Barrel,None,Collared Shirt (Green)
8290,42,2880,0,https://magiceden.io/item-details/DdXK4HpiSfiT81pZYo1cRPhWcNY3ZAaSRc7evVJi3N2a,None,None,Blue,Black - Open,Piercing (Right),,3D Glasses,Trucker Hat (Purple),Mustache,None,Star Priest
8304,19.99,2675,44.38,https://magiceden.io/item-details/3AQmadcp4dWA1sfGYZMFT4izMTXs2kNLvpykjThP2dWU,None,None,Bone,Purple - Side Open,Freckles,,Sunglasses,Horns (Large),Piercing (Barbell),None,Collared Shirt (White)
8310,27,3746,0,https://magiceden.io/item-details/5dbkVGHgvCqpStD5wq6eQqpD4Y8UVyA5HA8FkrfXvUvJ,None,None,Bone,Blue - Sewn,Hanging Charms,,Coins,Beanie 2,Narrow,None,Hoodie (Purple)
8343,49,1571,0,https://magiceden.io/item-details/7M4vR863QhdyMeWKeTEWe4Nw3oHdZ85YDsEER5HpGH3e,None,None,Fuschia,Red - Side Open,Freckles,,Red Visor,None,Heart,Reaper Hood 2 (White),Basic Tee (Yellow)
8379,30,2245,0,https://magiceden.io/item-details/FVCGpnxRjuBDKhUDUBrM1VrsQycdcfD2221n2b8Zaey6,None,None,Bone,Blue - Sewn,None,,Bored,Backwards Hat,Piercing (Studded Hoop),Bandana,Turtleneck (Green)
8383,29.69,867,0,https://magiceden.io/item-details/6oYYRUFQNENvQfAaybMnpHWL5bkq5T3cT5MZ6ivXMHCb,Herald's Halo,None,Green,Blue - Sewn,Hanging Charms,,3D Glasses,Unicorn Horn,Double-Barrel,None,Turtleneck (Blue)
8438,39.3,1417,0,https://magiceden.io/item-details/6rGzK9aUPTvWhRACLWGeKWzpASPBfMDhhZVgbqPg88uf,None,None,Slate Gray,Stone - Default,Piercing (Right),,Dead,None,Heart,Reaper Hood,Bowtie
8452,49,1409,0,https://magiceden.io/item-details/DvQTq7nPewcxEVbMM8vbXtqxy47pRVkMRzRN2ahn8YXS,Crucifix of the Maligned,None,Sky Blue,Gray - Lockjaw,None,,Occular Tech II,Ball Cap (Skull),Narrow,None,Astronaut
8522,49.5,1972,0,https://magiceden.io/item-details/7w2rSmDyigbw8t39zfBD51R7dNPRYnMPvHDmCb4pMirc,None,None,Bone,Gray - Oooh,Piercing (Right),,Eyeballs,Lil Skully,Narrow,Gas Mask,None
8536,19.99,837,51.74,https://magiceden.io/item-details/8FVqu2syXpLuzQ7U3jNJ3JWrSNrrnKfLfRLvM6jp4zST,Draelic Nimbus,None,Fuschia,Red - Cigarette,Piercing (Double),,Default,Conductor's Hat,Triangular,None,Hoodie (Blue)
8565,25,2648,0,https://magiceden.io/item-details/AqYqNrpkTWWwQ5ujRGgtwbuBRXtguWyc2wDiZP7hvqm2,None,None,Bone,Red - Toothy,None,,Bored,Athletic Visor,Heart,Gas Mask,Astronaut
8599,19.99,6258,30.02,https://magiceden.io/item-details/BE7gQVQU5XMuSPNK2PXiVzXVTEYEZ1baNwdSqhgGPKVz,None,None,Yellow,Black - Toothy,None,,Sunken,Cowboy Hat,Mustache,None,Hoodie (Gray)
8643,17,8987,48.98,https://magiceden.io/item-details/AVjrjLqzKai2RpdVpvNEHyX2apiukbxUB3nZghAa1sD,None,None,Blue,White - Side Open,None,,Glasses (Half-frame),Viking's Helmet,Mustache,None,Tanktop
8645,20,5989,30.99,https://solanart.io/nft/Aj6wjmPsJNoVcSgjk7UZQ3zGX6mZr3naom1ok6K21hao,None,None,Slate Gray,Green - Gold Tooth,None,,Third Eye Open,Sailor's Cap,Piercing (Barbell),None,Collared Shirt (Green)
8658,20,7563,24.68,https://magiceden.io/item-details/5rWPp2SUWPEAmFjg9cR5pvq9DYgnuBXohA6FxxPnzsCW,None,None,Purple,White - Open-minded,None,,Eyeballs,Crescent Headpiece,Triangular,None,Leather Jacket
8700,22,7111,6.5,https://magiceden.io/item-details/ER8qNM5Trkvj3ZejRqng44SkxmUqNRGWsUD3H8XaDpcp,None,None,Blue,Gray - Cigarette,None,,Sunglasses,Fedora,Piercing (Barbell),None,High-Collar Robes
8734,22,9286,0,https://magiceden.io/item-details/6SB6sQodvu5614jTc8eKYBnfXsGFkBuyZ7s16TiK6HrH,None,None,Slate Gray,Red - Oooh,None,,Adorable,Cycling Cap,Triangular,None,Basic Tee (Black)
8754,23,3016,12.91,https://magiceden.io/item-details/9itzYLweUChzVxt1rGAsBajyMnt89zDoaNVSBtii6Z5C,None,Soul,Fuschia,Black - Gold Tooth,None,,Blindfold,Headband,Piercing (Studded Hoop),None,Basic Tee (Purple)
8763,40,6615,0,https://solanart.io/nft/3vwtKjPuYiVK8osK6Pr6u8CwHAm2TyUCr8Ai5Af6S3Ey,None,None,Deep Gray,Blue - Sewn,None,,Default,Tilted Halo,Narrow,None,Royal
8775,20,8968,19.05,https://magiceden.io/item-details/45nPuPHmNdimc7871vUNJkSeBJVuadmsaQ2g1ZBXhRMD,None,None,Red,White - Fangs,None,,Sunglasses,Conductor's Hat,Default,None,Turtleneck (Green)
8787,23,2043,16.81,https://magiceden.io/item-details/8V6wkeb79HBaRSFVhxzpvECZ9HtqXrnqEUKUzJpC7Cho,None,None,Aqua,Green - Open,Face Tattoo,,Monocle,Spring Break Visor,Piercing (Studded Hoop),None,Robe (Blue)
8830,27,8300,0,https://magiceden.io/item-details/AWtRLo9DX8zXrKXbLkQTiUiW1MJzUUTXnzA27oDAS7ix,None,None,Aqua,Black - Gold Tooth,None,,Possessed,Bow,Default,None,Basic Tee (Purple)
8831,29.99,2457,0,https://magiceden.io/item-details/66ZHQx9atvY4ek1Ad9cJunHir55oyZG3LJt2NQSurVw3,None,None,Pink,Green - Lockjaw,Hanging Charms,,Eyebrow Raise,Hannya Horns (Golden),Narrow,None,Robe (Pink)
8883,37,1203,0,https://magiceden.io/item-details/FRF22riF7cEfnQw3D8pNG1aebrMfdepD1hmS4VLRd3N4,None,Nephul Tablet,Purple,Blue - Oooh,None,,3D Glasses,Unicorn Horn,Triangular,None,Hoodie (Red)
8895,19.5,7546,29.75,https://magiceden.io/item-details/E7mefmonaD22poBH9H7s1pBPT9rztCyQ9dPF9DLUDWvw,None,None,Slate Gray,Gray - Side Open,None,,Glasses (Half-moon),Spring Break Visor,Triangular,None,Hoodie (Pink)
8914,24,2966,3.11,https://magiceden.io/item-details/zRKxjnwpGx1pRrZ4MrHaAT7Kas7pXfwvC8CXhgw2Hr5,None,None,Yellow,Black - Fangs,None,,Eyeballs,Trucker Hat (Green),Mustache,Gas Mask,Leather Jacket
8927,18.5,7557,39.71,https://magiceden.io/item-details/9s63dNSEiSwEEu2MUrzLZVysWwkh3qCevsg8JXH8vnTV,None,None,Blue,Purple - Default,None,,Glasses (Half-frame),Star,Narrow,None,Combat Armor
9015,20,3621,40.49,https://magiceden.io/item-details/432sXJeYttvAAYbgThVSndZopePxUCFhhN4eeH7u3vZ8,None,None,Blue,Yellow - Fangs,None,,Sunken,Iron Dome,Triangular,Gas Mask,Collared Shirt (Gray)
9026,39.99,763,0,https://alpha.art/t/2HnfTSAoEeJLfnZnE13ki5AwUBUBD7QWA6xkfNJNj12f,Herald's Halo,None,Bone,Gray - Cracked,None,,Adorable,Tesla Coils,Double-Barrel,Gas Mask,Leather Jacket
9047,19,3221,52.09,https://magiceden.io/item-details/92enGauZ7B3YVEwHGuZ2L6wR99WyFMdp7bTvUkUua2cw,Oerberus Halo,None,Yellow,Red - Cigarette,None,,Eyepatch,Beanie 2,Double-Barrel,None,Collared Shirt (Green)
9078,199,313,0,https://solanart.io/nft/75EptMqB87GfxrZ8jDQ44nnA9GCv9nEvdbpbFtWCBPZA,Draelic Nimbus,Harrow Staff,Sky Blue,Ancient Open,Runic Marking 4,,Sinister,None,Default,None,None
9082,24,4068,0,https://magiceden.io/item-details/FcZjK3HHSsN5JDHfzTYwa3z1FKtMtRfASXjfph53PhRQ,None,None,Purple,Gray - Default,Freckles,,Angry,Flat Bill Cap (Coffin),Piercing (Studded Hoop),None,High-Collar Robes
9116,21,8343,11.56,https://magiceden.io/item-details/7VAXR12n94beStPDtuYTVd4ZoYxzxQa3th2e1T76uaQt,None,None,Bone,Black - Cracked,None,,Monocle,Ballcap (Night),Default,None,Hoodie (Pink)
9148,30,1975,0,https://magiceden.io/item-details/BN5jDDuhAsX3PyFVzYPgUTqxW2Z24rYkFhguaRuUsL4N,None,Nephul Tablet,Fuschia,Yellow - Cracked,None,,Googles,Officer's Cap,Narrow,None,Robe (White)
9193,20,4070,38.69,https://magiceden.io/item-details/HTvXDdCRtYk49aFdt6NJmuTpneCdADFQxnvv2ntBw2TS,None,None,Sky Blue,Blue - Oooh,Piercing (Right),,3D Glasses,Fedora,Mustache,None,Basic Tee (Yellow)
9209,35,974,0,https://magiceden.io/item-details/4fJosEr34hjvS42v6SdHrWP5U627dZyTrqZCjiiH6QXZ,Crucifix of the Maligned,None,Blue,Black - Toothy,Piercing (Right),,Possessed,Turban,Double-Barrel,None,Basic Tee (White)
9263,23,9736,0,https://magiceden.io/item-details/9GPwp8X4F7C2qBeQKYeq1J54eC42qkgZsNtG2t82ye2s,None,None,Blue,Gray - Open-minded,None,,Eyebrow Raise,Jewel,Narrow,None,Turtleneck (Blue)
9285,43,6117,0,https://magiceden.io/item-details/GsWA2K2AFYhVK8ymvh36dtfpbfo6BBatEszFmKUMgeNc,None,None,Bone,Gray - Side Open,Piercing (Right),,Angry,Stapled Dome,Triangular,None,Basic Tee (Yellow)
9319,29.5,5661,0,https://magiceden.io/item-details/BM73Yry7t4BqRuMU6Bzn8wvavYQgR7rYsGi2JNFS2EYa,None,None,Red,Purple - Side Open,None,,Parasite,Horns (Large),Heart,None,Basic Tee (Yellow)
9374,25,1492,0,https://magiceden.io/item-details/59MVTWqGfb8ai1uQUXCqYx97dbwipKvohW8jF7SZJMVk,Crucifix of the Maligned,None,Slate Gray,Blue - Toothy,Piercing (Right),,Glasses (Half-frame),Halo 2,Default,None,Silver Armor
9427,30,4488,0,https://magiceden.io/item-details/VVeeQwgefNQao4QJ8si3meybHJy3ezQnVo5fqJJv85R,None,None,Blue,White - Default,Sigils,,Eyeballs,Bowler,Triangular,None,Turtleneck (Blue)
9429,19,3649,50.37,https://magiceden.io/item-details/8FEtF6G16W2LbjF8KyrGmkYz6zykH5L3744N8P8k6aFp,None,None,Green,Blue - Default,None,,Monocle,Ball Cap (Skull),Piercing (Barbell),Gas Mask,Collared Shirt (Gray)
9491,200,767,0,https://solanart.io/nft/DPvz3A28WBL3YVtXbD8qzmMFfXh3JrGSmayojEiyoZag,None,None,Fuschia,Black - Default,None,,Infernal,Serow,Narrow,Surgical Mask,Hoodie (Red)
9524,70,492,0,https://solanart.io/nft/29dGVUNtXTaz6FqanfTB9MDhB8niRywHoq6jTmjdQy95,Librus Crescent,None,Aqua,Ancient Default,Runic Marking 1,,Ancient Bored,None,Default,None,None
9554,18,9948,35.12,https://magiceden.io/item-details/8FsFeoY9rHFaB8fYX3iL5vLiAR1KHx7ApLTvCrPTiCqN,None,None,Pink,Green - Open,None,,Monocle,None,Heart,None,Turtleneck (Blue)
9588,30,8516,0,https://magiceden.io/item-details/3Xw7NJvLgjD28gyycoa4hGqqp7ePphUhc4EotJAZtohY,None,None,Bone,Gray - Default,None,,Glasses (Half-frame),Ball Cap (Skull),Mustache,None,Collared Shirt (Gray)
9592,25,6140,0,https://magiceden.io/item-details/AUkV3KjJ4nKYEnbGn7HdDucMMTMm5wsLYCg9B1ZmdePh,None,None,Fuschia,Yellow - Side Open,None,,Reptilian,Stapled Dome,Mustache,None,Turtleneck (Blue)
9614,50,482,0,https://magiceden.io/item-details/CDaThxswDVVEjj6dtQoZ1Wf8DCDmkZgdeESGviujTkCC,Herald's Halo,None,Aqua,Yellow - Default,Piercing (Left),,Eyeballs,Dad Hat,Default,Gas Mask,Cyberpunk Jacket
9619,35,1554,0,https://magiceden.io/item-details/ACuLaBy9qzHZN2QZ33QF2mffrwS25TJbi3XFdf1bMmCa,None,None,Slate Gray,White - Fangs,None,,Angry,Hannya Horns,Heart,Surgical Mask,Leather Jacket
9626,26,1095,0,https://magiceden.io/item-details/2Kn2usMTc8yoLZiuTqXTF2m9Rbz88oDW7VTNAfutguQX,None,None,Blue,Purple - Default,Sigils,,Feminine,None,Default,Spartan Helmet,Hoodie (Blue)
9689,22,7383,5.41,https://magiceden.io/item-details/4xuGmzURcfA2A5p8p3Gwb5RSxjY9JzrVryVGkpHZLCp5,None,None,Slate Gray,Green - Default,None,,Occular Tech,Fedora,Narrow,None,Collared Shirt (Gray)
9712,23,8081,0,https://magiceden.io/item-details/3r7ofQRmRZExn1pfEJqygpsnGrF1vbmHG2BUryuGuf6i,None,None,Blue,Purple - Toothy,None,,3D Glasses,Halo 2,Piercing (Hoop),None,Collared Shirt (Gray)
9746,23,3326,11.67,https://magiceden.io/item-details/5TNtAnoWd2PxkrxMBp2LH6NDis2MdYbyEGP1wACSrjiG,None,None,Yellow,Emerald - Default,Freckles,,Dead,Backwards Hat,Double-Barrel,None,Hoodie (Red)
9763,24.9,9474,0,https://magiceden.io/item-details/3j8ocwrGwxvAWr8DeXAfAztbQ8uGPPXGUHtw3uRRrBQa,None,None,Red,Green - Open-minded,None,,Sunglasses,Jewel,Heart,None,Basic Tee (Yellow)
9769,25,8207,0,https://solanart.io/nft/85Sbg1SgZgyuZkGo1dvhPeuW13ah7gF1ofChP8NzQVVU,None,None,Bone,Purple - Open,None,,Adorable,Trucker Hat (Purple),Mustache,None,Basic Tee (Blue)
9778,32,5320,0,https://magiceden.io/item-details/AYsHzEwacPhPKwYnzA4S5evjkExSxzeMmvqGg9ipFkeL,None,None,Slate Gray,Liquid - Default,Piercing (Left),,Glasses (Half-frame),Ballcap (Night),Heart,None,None
9797,24.9,9577,0,https://magiceden.io/item-details/2a5sCej49zCJDRM8nxzWekYqGfibfjxYacLg6P6VGHvi,None,None,Purple,Gray - Toothy,None,,Eyeballs,Dad Hat,Double-Barrel,None,Collared Shirt (White)
9804,25,6939,0,https://magiceden.io/item-details/Cr2FaazKvqnFcQtavQiLU8avqoLzyhoG9x3hvr3SpUTV,None,None,Red,Yellow - Default,None,,Default,Athletic Visor,Piercing (Barbell),None,Leather Jacket
9819,20.89,9571,7.74,https://magiceden.io/item-details/Dvx4m2XqHsapQEFgQRmCLfhx93W9HTdkpDJcTLnH35bt,None,None,Aqua,Yellow - Open,None,,Sunglasses,Trucker Hat (Purple),Default,None,Collared Shirt (Green)
9820,18.85,4327,49.16,https://magiceden.io/item-details/GF6FhvMpXJKk7wvZ9XaCsCsAXa3yzCDhQ1u5izyWa81L,None,Soul,Aqua,Red - Cigarette,None,,Closed,Ballcap (Night),Default,None,Explorer's Outfit
9822,48.84,6631,0,https://magiceden.io/item-details/HwrnDn9DT2JVuSSBVDbUC58Zpk4oudLzjp95ubS9HQP4,None,None,Purple,Yellow - Default,None,,Default,Ornamental Circlet,Piercing (Hoop),None,Explorer's Outfit
9833,30,7990,0,https://magiceden.io/item-details/BeyEtaNmuGsx4ZUo8xYbws7s8iskivok92Uq9LHeeZF3,None,None,Slate Gray,Blue - Open,None,,Blindfold,Tiny Crown,Heart,None,Basic Tee (White)
9906,30,4149,0,https://magiceden.io/item-details/4jGg4XkyCfjiuHRjKxr2k7MBBWbUwnYuPzm2mHr65SPB,None,None,Aqua,Gray - Default,Piercing (Double),,Sunken,Viking's Helmet,Narrow,None,Hoodie (Gray)
9935,30,3309,0,https://magiceden.io/item-details/9KVyTGXhTUexLdALeHZBHUWyQu6ssYjL4G9zSBTinua9,Crucifix of the Maligned,None,Purple,White - Cigarette,None,,Sunken,None,Piercing (Hoop),None,Power Armor
9964,20,4839,35.6,https://magiceden.io/item-details/6BqZqfMh5bF5h5pPiPhTSDVXc5NkhmEqSsF4Mhm6MfqE,None,None,Green,Gray - Oooh,Freckles,,Occular Tech,Jewel,Default,None,Turtleneck (Blue)
9966,25,5816,0,https://magiceden.io/item-details/GwD8YoGNHAjxv6aY1oE8BsnukSNDAcFRMjEhuKyMBNVL,None,None,Fuschia,Green - Side Open,Hanging Charms,,Bored,Cyberpunk Hat,Heart,None,None
9970,20,4449,37.17,https://magiceden.io/item-details/F62vSx6jkVJUtBnDStFkvn98fBSah9Mus5Vkij15zLNa,Crucifix of the Maligned,None,Pink,Gray - Cigarette,None,,Angry,Flat Bill Cap (Adventure),Triangular,None,Tanktop
9972,25,1329,0,https://magiceden.io/item-details/A1DYP1a5N4UXHXb2CWwc8gYECbxd8SzTDut7CDZCDC51,None,None,Red,Emerald - Default,None,,Cyclops,Backwards Hat,Default,Gas Mask,80s Jogging Jacket
9993,48.88,4960,0,https://magiceden.io/item-details/4Hx2YMgxm1cfgQSDPFeKHydy2oUKaQgvxAx8oUapV9RU,None,None,Pink,White - Side Open,None,,Feminine,Gachapon,Narrow,None,Cyberpunk Jacket
