id,price,moonRank,ðŸ’Ž score (%),storeURL,Arm,Background,Eyewear,Fur,Headwear,Mouth,Neck,Outfit
41,0.2,3803,73.36,https://magiceden.io/item-details/Bxz3nHhkpyjw5CuHkM6H5XEcVh5kiLyNHqEy9sWCPLKv,,Gradient Aurora,Eyes Clown Normal,Solana,Backwards Cap,Smiling,,
65,1.5,3077,65.3,https://alpha.art/t/H1YoyLGMimUx2ss96eqDkukcGsXfa7Nyj3SRUYGdT35e,Bong,Halo Blue,Eyes Closed,White,,Surprised,,Hawaiian Shirt
66,0.88,5693,53.72,https://magiceden.io/item-details/Ck4bxC9UT5xL1RfjC1mFGZ26kCNsitKTYBZRAAFA5pPb,,Halo Blue,Eyes Happy,Black,,Tongue Out,,Sailor
85,1.5,398,83.5,https://alpha.art/t/7yAjCEquL5VcbE4oeKqdSzmGKW5gu8LhPLp8yDfzAdCe,Blue Balloon,Gradient Sunset,Round Glasses,Gray,Clown Wig,Golden Mustache,,Leather Jacket
91,0.8,1932,80.08,https://magiceden.io/item-details/C19b2R9SYrmqVxCkXxNTs6LvdFB6vqfMBn65Dy6PjsCa,Basketball,Halo Zombie,Eyepatch,Red,Sailor Hat,Tongue Out,,
117,0.7,3244,72.16,https://magiceden.io/item-details/4K9iR4YrBCkK6qMjPkUQt42r95hZXsndWEe6nsLjMtnp,Black Wrist Band,Halo Green,Round Glasses,Rainbow,,Bubblegum,,Hawaiian Shirt
157,28,1165,0,https://alpha.art/t/2oQkdArvzDA6C7W5f8bYPy6NM11oTicFP7XEbFw6d6cT,Basketball,Halo Green,Eyes Normal,Black,Purple Gold Headband,Brown Mustache,,Tuxedo
223,3.75,5180,28.51,https://alpha.art/t/8do8cJeHBzmEVTGW6UKZPPvkStYqU2vSF2JKjWVyQZan,Red Yarn Ball,Halo Green,Wink,White,,Smiling,,Tuxedo
227,0.2,4238,70.41,https://magiceden.io/item-details/CF8ukbZrFTTkidMXSUDWR9ySuwd7a6niUfrRJLHcSQpt,,Halo Pink,Eyes Happy,Ginger,Bunny Ears,Surprised,,Clown
236,0.8,3987,66.11,https://magiceden.io/item-details/Ei7J8yUxCFKpTGVFPbo1rcUwhmxZC6e8Rcs5FCByG7Jj,,Halo Emerald,Eyes Laser,Black,Cap,Blushing,,
238,0.33,4163,69.62,https://magiceden.io/item-details/Cm6M7YUwQ6JYaG65FXTY58ddqvhz5BvnQkbgsfEu6Rjn,,Halo Pink,Rasta Sunglasses,Black,Rainbow Hat,Smiling,,Box
272,0.8,1497,83.03,https://magiceden.io/item-details/Ems65jjtejG4BgBPW5TfxiAa9MxP1okev3Wxug1nhHKV,Blue Yarn Ball,Gradient Solana,Wink,Ginger,Monopoly Hat,Blushing,Big Bow Tie,
291,3,4282,42.11,https://alpha.art/t/J9krVF6NPyi9KKu2i9VQTapntQKSmKdRZcLniXaJ9EzS,Martini,Halo Purple,Eyes Closed,Gray,,Blushing,,Tuxedo
296,0.69,1027,87.32,https://magiceden.io/item-details/8Hgodmci1btfcEUoeL4s9NaU6B4EyzsmNtTw6gt3fnZP,Red Yarn Ball,Night Sky,Wink,Gold,Army Hat,Blushing,,Tuxedo
311,0.13,4101,72.04,https://magiceden.io/item-details/41Wmg1iFhvmnuVfbxEfBLrkv4LhVfh3tEH6CSFjjbuc5,,Halo Blue,Golden Sunglasses,Ice,,Bubblegum,,Box
356,1.3999,3794,61.43,https://alpha.art/t/FWfE8YYsrvkph9dKkhDv3K3XZ5bzQE2p7N7xGKRxYhDE,,Halo Black,Eyes Closed,Gray,Turban,Tongue Out,,Box
359,0.29999999,5773,58.98,https://magiceden.io/item-details/7qSu8ZVFUM5NzTsa2YAm7BrAZQzmEYE8s9bbAGUdC97s,,Halo Yellow,Eyes Clown Happy,Gray,,Blushing,,
390,0.55,2218,80.63,https://magiceden.io/item-details/2kYW41MvWsjDvGGPtvCFE722SMNyrKKYQBpaxUBr3XH3,,Gradient Sunset,Eyes Normal,Rainbow,Pirate Hat,Blushing,Red Collar,
401,0.6,146,94.21,https://magiceden.io/item-details/AhoD7LhHUDvNeQzbynAfn9X3JQTZZfst26JCf581RDVk,Noodle Bowl,Halo Green,Ski Goggles,Gray,Fishing Hat,Golden Mustache,Blue Bow Tie,
415,3,4414,41.21,https://alpha.art/t/BpVVDBw9VcD85NtzSSSooL9hyqn5n9y7V2jKDNveuxF8,,Halo Emerald,Black Sunglasses,Rainbow,Box Hat,Blushing,,Tuxedo
434,4,5441,24.24,https://alpha.art/t/3YjYJWPcLjxNc7a3GApkfjvKFvdQjEvJrJaZh5ExxcSE,Red Balloon,Halo Blue,Eyes Normal,Ginger,,Tongue Out,,Hawaiian Shirt
460,1.5,4072,58.54,https://alpha.art/t/B8ofAA1uqeffcETJFXRgVFyGddqqVx7yLh6czqx8JGdc,,Halo Blue,Wink,Kittachu,,Blushing,Big Bow Tie,
468,2.3,3573,53.93,https://alpha.art/t/DFxKoCUTBv4eis7GFtSwam3UPeZJFqhoE1QFRK7kz3H7,Flask,Gradient Sunrise,Eyes Clown Normal,Ginger,,Tongue Out,,Box
485,0.5,3784,70.49,https://magiceden.io/item-details/8qDBneMuaBXWJBxyLJVdbuJAyL5EFEKjTERxg1gq1ASa,Blue Balloon,Halo Purple,Eyes Happy,Ginger,Clown Wig,Smiling,,Box
499,0.4,2831,77.97,https://magiceden.io/item-details/ByHSMpCs7AbpEx3vQwJG39N8MBSB1iZe3ArbPcxh1UK3,Sake Jug,Halo Emerald,Wink,Ice,,Tongue Out,,Sailor
510,0.315,3166,76.54,https://magiceden.io/item-details/9T95dksf6mjrYqR1Gc7YC7fZSnWPDad9EJw7nwFJY1WD,Ice Cream,Halo Yellow,Eyes Normal,Black,Wizard Hat,Blushing,,
520,0.88,1869,79.7,https://magiceden.io/item-details/6PVQZAR4BDYeFeHkUHTfJWc97aCRAnZw3Vd3bFizV2sA,,Halo Yellow,Eyepatch,Ginger,Cop Hat,Surprised,,Astronaut
531,12,2717,0,https://alpha.art/t/FGr1P1P2o2M2Z2pJpzPXPK8nPSorLUpUsgs72VTNHsF3,,Gradient Solana,Eyepatch,Rainbow,Monopoly Hat,Smiling,,Purple Gold Jersey
533,0.19,4169,70.98,https://magiceden.io/item-details/FepmYiggRo36yhm5pFq4cviibkXaePR3Q6wHcaG1P4Aq,,Halo Ice,Round Glasses,Rainbow,Cowboy Hat,White Mustache,,
548,0.5,769,90.98,https://magiceden.io/item-details/Ej6AMqf5moYEKV2MRQGnFoy66QPxaCPvrr3zq82AfwiL,Red Balloon,Halo Zombie,Eyes Happy,Ice,Cap,Surprised,Red Bow Tie,
574,0.97,2716,73.05,https://alpha.art/t/5ky6L5BvJ3SBmLSoyBLXRqcWf1y5jjBkXTDmj8GC6622,Magic Wand,Halo Yellow,Wink,Ginger,Box Hat,Smiling,,Tuxedo
604,0.98,5363,54.97,https://alpha.art/t/DzBRW2Ux4CfUKjEuxHDSXycZVianvkHxqFJmsaSYAEgY,,Halo Purple,Wink,Zombie,,Blushing,,Hoodie
611,0.2,2863,79.75,https://magiceden.io/item-details/5zptrfeXZLj62wsCfnBHg5gGiQLqHsWTADMa6CeRG36y,,Gradient Chartreuse,Round Glasses,Rainbow,Black Headband,Smiling,,SuperHero
629,0.38,4713,65.38,https://magiceden.io/item-details/B4QDmAL6DjPhS9mwFvYAcQd4yquhSrU74F6gpvvhV8ki,,Halo Black,Eyes Normal,Ice,Astronaut Helmet,Blushing,,
647,0.34,576,93.89,https://magiceden.io/item-details/8S2GS6ssmXznoEjwtSameLGovzTSpNtLriYWesmgChG,Flower,Halo Orange,Troll Sunglasses,Ginger,,Party Blower,Egyptian Neckwear,
685,0.5,3944,69.41,https://magiceden.io/item-details/GpAmHfSNLHcoxtWNzhQ4hDS8e6ihp51KvKWTe9y6vqdV,,Halo Green,Rasta Sunglasses,Gray,Monopoly Hat,Surprised,,Tuxedo
733,0.8,3684,68.17,https://magiceden.io/item-details/4jXPbDyHJeFWmz4dTV5WZsiytWGkRZyzAzPm1ym4FTpQ,,Halo Zombie,Eyes Happy,Zombie,,Surprised,Red Collar,
750,33,253,0,https://alpha.art/t/7JqDEwYMyEQpSkcbx32nLZD7uARZU4UctFEdkzk9boPF,Asian Coin Purse,Halo Red,Eyes Closed,Gray,Rasta Hat,Blushing,Red Bow Tie,
783,0.3,1885,85.39,https://magiceden.io/item-details/2ddCdTnSLZuL8YxhVseR7nbHd414fbK4hknnvK49Jj5J,Cocktail,Gradient Solana,Eyes Happy,Gray,Monopoly Hat,Smiling,,Clown
786,0.7,5654,55.79,https://alpha.art/t/F1fPQPdzbPKGLLLQoc1GHjPv4aguHb7ykZBqANDUephn,Blue Balloon,Halo Orange,Wink,Rainbow,,Smiling,,
789,0.18,4778,66.94,https://magiceden.io/item-details/drSxbJKUqF4g1u5DM9pgWz82LNS3aa3wnitGLkJKEe6,,Halo Ice,Eyes Normal,Gray,Bunny Ears,Tongue Out,,The Mask
827,0.35,1733,85.93,https://magiceden.io/item-details/5nzukvHtGzTqTW1VEux4Wr7swoBstb9QCiEqfWgrCYyk,Red Yarn Ball,Halo Pink,Eyes Normal,Silver,Pirate Hat,Smiling,,Sailor
829,0.2,1628,88.14,https://magiceden.io/item-details/2FPgNed2xofzDzfGZksXMgdrbmS8ZBuJEtEgU7sCz4CT,Martini,Gradient Peach,Eyes Normal,Ginger,Rainbow Hat,Brown Mustache,,Sailor
838,0.8,671,88.64,https://magiceden.io/item-details/9ZXFxtiWrUqBhQWPA734ATrfSZ838uwkTTqrJh1Tsntc,Flower,Halo Black,Wink,Gold,Toque,Smiling,,Cheongsam
885,0.5,3000,75.82,https://alpha.art/t/H7HkWwEhREvUme165BADBpsXCRfoYpxuLKkfzwmUvCRZ,Black Wrist Band,Acid Bright,Ski Goggles,Zombie,,Smiling,,
917,0.7,181,92.97,https://magiceden.io/item-details/G3rDx4WMYB15Atunv6cu2pHb5LyWr6pxii1zydLVyKTs,Bong,Halo Black,Black Sunglasses,Silver,Box Hat,Brown Mustache,,Skitt Game Player
999,0.18,5227,63.89,https://magiceden.io/item-details/HzpmLQ3W2LMFf9ghHM3yCVH9VQ5PLvFTHQctGqkdUfLa,,Gradient Peach,Eyes Happy,Ginger,,Brown Mustache,,Box
1032,0.3,915,91.98,https://magiceden.io/item-details/5Bdv2KK9RWScpJkm3pRHvZtfh4iTd12bHA5i1ggfr2Ro,Blue Yarn Ball,Halo Emerald,Rasta Sunglasses,Red,Astronaut Helmet,Big Smile,,
1043,0.5,4271,67.19,https://magiceden.io/item-details/3fDxqGX5zRQ94XUHWZNXGfhBmsTm7KR2gBoNmBrtRhvi,Noodle Bowl,Halo Purple,Eyes Normal,White,,Tongue Out,,Astronaut
1044,0.6,241,93.56,https://magiceden.io/item-details/APEuuAq6ZQTFKxXx65595zrTDMDFJMoUzyUaika8PBbz,Flower,Halo Orange,Eyes Happy,Gray,Birthday Hat,Surprised,Golden Bow Tie,Tuxedo
1058,0.35,686,93.04,https://magiceden.io/item-details/2Bh2FUeJwkW8weFc5V975snATZJ8TnTSTGkiqxQrSPx4,Flower,Halo Ice,Black Sunglasses,Ginger,Wizard Hat,Blushing,Big Bow Tie,
1087,0.5,2550,78.88,https://magiceden.io/item-details/D3pazCzdeowzckFpYtnWK92FfTPCSkJLxvWqfDkEB7zk,Fishing Rod,Halo Zombie,Troll Sunglasses,White,Cowboy Hat,Smiling,,
1139,0.3,1006,91.37,https://magiceden.io/item-details/9oxiL9sVsiq86YB7pxgE6EbdFw7nVx8auXhR9sbqp5Gy,Red Balloon,Gradient Chartreuse,Eyes Clown Normal,Silver,Bread Head,Smiling,,Cheongsam
1148,0.27,3775,72.85,https://magiceden.io/item-details/CdUq1qhbviqdErvWwEBpyT5vVPoNeaB2ZsXZaCbijFYG,,Gradient Peach,Eyes Clown Normal,Rainbow,,Blushing,Gold Necklace,
1160,1.9,5172,47.06,https://alpha.art/t/CZEdFnA9CJqb1KfT44C5CWW3YhBHW57xQvX2nZZRqweJ,,Halo Black,Troll Sunglasses,Solana,,Tongue Out,,Tuxedo
1215,0.8,5517,55.72,https://alpha.art/t/5E6YAPj3e46GvfdELtNxhp5BLQ4zLnSCMpxHoFsfdnsp,,Halo Zombie,Eyes Normal,Gray,Cap McKitten,Smiling,,
1232,0.7,1791,82.03,https://magiceden.io/item-details/FUaJY4LUGXzghSnGYYtc7GcJtPTQNxrUTRsUzVMaFwM4,Blue Balloon,Gradient Solana,Wink,Rainbow,,White Mustache,Egyptian Necklace,
1247,0.2,3659,74.34,https://magiceden.io/item-details/AA14zyWHkL2AZdk35kfCgfu4cds1DDytuvENFZ9oypwa,,Halo Pink,Eyes Normal,Red,Monopoly Hat,Bubblegum,,The Mask
1248,5.61,17,44.98,https://alpha.art/t/8sKKRVZ6vgAofqPxMUvWJeEjMKQhboUf8RjLoW7Nsy8F,Flask,Halo Purple,Eyepatch,Zombie,Rainbow Hat,Brown Mustache,Egyptian Neckwear,Tuxedo
1262,0.5,2969,76.03,https://magiceden.io/item-details/4drY2HtpgrFWVNesGXChX6A9TzHFM3CQNRuwo5rCQ46Y,,Halo Black,Eyes Clown Happy,Ginger,Army Hat,Tongue Out,,SuperHero
1265,0.6,3101,74.13,https://magiceden.io/item-details/8TjLCSmAMh2f4sza3fKFqSD2BWPWraC7882yVJFviXUQ,,Halo Orange,Golden Sunglasses,White,Bunny Ears,Tongue Out,,Clown
1354,0.88,4112,64.47,https://magiceden.io/item-details/8QktmrH8CBVTYjEBkJo8oHeVeNVUMEBHPmwcxYWN4W3H,,Halo Black,Eyes Normal,Red,Bunny Ears,Smiling,Blue Bow Tie,
1395,0.7,1905,81.26,https://magiceden.io/item-details/3E63bJvPX6vSyLPPGerV5vSyMRN96tsfQhBC3wc1f677,Four-Leaf Clover,Halo Yellow,Golden Sunglasses,Rainbow,,White Mustache,,Purple Gold Jersey
1417,0.5,198,94.85,https://magiceden.io/item-details/6ijEnDnZT3QQA6GbRmHw5zZPVYJL4rpZPDdA3QwPQgPx,Red Balloon,Gradient Chartreuse,Rasta Sunglasses,Rainbow,Rainbow Hat,Smiling,Golden Bow Tie,Tuxedo
1422,0.99,2292,75.73,https://alpha.art/t/4L6H6kbDV9L4e5TeGbF9jGo5dx6n2MUmHAyQTWEAEpgK,Red Balloon,Halo Green,Eyes Happy,Gray,Wizard Hat,Bubblegum,,Hawaiian Shirt
1424,0.35,4632,66.23,https://magiceden.io/item-details/GM9T9P3bUmngaWZ4Z9z3FD8jx7igiFzsFZXqUWCDPSPv,,Halo Red,Eyes Closed,Gray,Cowboy Hat,Blushing,,
1435,0.55,2512,78.63,https://magiceden.io/item-details/EesxZKp8ToqSZKHpWyaEeqaYQdHVyw9VuExSuNEoC9Xe,,Halo Blue,Black Sunglasses,Rainbow,Mohawk Solana,Bubblegum,,Tuxedo
1465,88,4847,0,https://alpha.art/t/GS3VdpGcgj2gDFzGESD6HmEZak3TKELxi4KuNf5oJKUg,,Gradient Solana,Eyes Normal,White,,Smiling,,Skitt Game Guard
1470,0.2,249,97.51,https://magiceden.io/item-details/AMAsyqYz9hqa83izCPUgUvri4qbPj5R6HjeFW4ZPcqsJ,Blue Yarn Ball,Gradient Chartreuse,Eyes Normal,Gray,Santa Hat,Golden Mustache,Red Collar,
1478,0.5,3170,74.66,https://magiceden.io/item-details/FG4JpWJHt5TTA2crdd6vvtMQwevMmP5mKsUgj3F86Hui,,Halo Ice,Eyes Normal,Silver,Bunny Ears,Bubblegum,,The Mask
1485,0.2,4262,70.25,https://magiceden.io/item-details/EiTGwMPBpz7qYvwgezLTximfNJS7kVgtgHA77te63ZGz,Black Wrist Band,Halo Blue,Troll Sunglasses,Red,,Smiling,,Hoodie
1487,0.6,2252,79.9,https://magiceden.io/item-details/983msq9117o2g7ePKnj43ny7d1vesVwXV94T9GgpEkJn,,Night Sky,Eyes Clown Normal,Rainbow,Bunny Ears,Tongue Out,Red Bow Tie,
1492,1,3233,69.24,https://alpha.art/t/EnLz3y8kJPxGAJuGVhpnAr12Rijo5EiTYJCzdyvknmnZ,,Halo Pink,Eyes Happy,Black,The Mask Hat,Blushing,,Leather Jacket
1531,0.5,4295,67.02,https://magiceden.io/item-details/4FvsBs6xi5eqWnYZzLgvYgiKpwVr3oUfWzu8Ni6LDtYb,Red Yarn Ball,Gradient Solana,Eyes Laser,Rainbow,,Smiling,,
1571,0.6,3131,73.93,https://magiceden.io/item-details/AngnHpooAzn9H14Lr7qEryvDRfmtaHQnrWFMtarYMWzY,Blue Yarn Ball,Halo Blue,Eyes Happy,Black,Turban,Tongue Out,,Hawaiian Shirt
1604,0.7,771,88.96,https://magiceden.io/item-details/AxYjfSRsXXeBVmhBvDar2ygPEGif5j6VDSjnTUmfrpk,Pirate Hook,Halo Red,Eyes Normal,Rainbow,,Brown Mustache,Red Bow Tie,Tuxedo
1629,0.45,2018,82.99,https://magiceden.io/item-details/5dYAATLvGVhLtBgQQFPfX43sPHv7xAqxiZAGoLDKzAfU,Spatula,Halo Zombie,Eyes Clown Happy,Ginger,,Tongue Out,,Cheongsam
1630,0.44,5161,61.74,https://magiceden.io/item-details/AYUmcLM5JrLEp2Y7prWHcKWSZcQiLdTxpVbRj11JBwi8,,Halo Green,Round Glasses,Ginger,Birthday Hat,Smiling,,
1653,0.45,1331,87.66,https://magiceden.io/item-details/Ec4KXouZY7s7ymBBkh5oVWGxkkd9MidngzdAWrvKpDaq,,Halo Emerald,Golden Sunglasses,Silver,Army Hat,White Mustache,,SuperHero
1654,0.3,2724,79.69,https://magiceden.io/item-details/9ZVccYX7cVPLZXbiGWcM4g9Y6vt9optMHy2z14iuH7Cq,Umbrella,Halo Green,Black Sunglasses,Black,,Big Smile,,Tuxedo
1656,0.8,339,90.9,https://magiceden.io/item-details/DLEyYXxdggjYBb57UiiPugALyhramqN3ZFiSgGkvFXnN,Spatula,Halo Yellow,Eyes Closed,Ice,Monopoly Hat,Tongue Out,Big Bow Tie,
1670,1888,50,0,https://alpha.art/t/FdHSPrYeTGzJHn98NUZ9AkuoTBPmxY5iofrZpza3m1U9,Cane,Gradient Sunrise,Troll Sunglasses,Gold,Monopoly Hat,White Mustache,Red Bow Tie,Tuxedo
1704,0.369,3470,73.94,https://magiceden.io/item-details/FhnpMSvJrpbfaJfgDLkAMqvKCgktgMuFVbVSJfRPJtrx,Bong,Halo Blue,Wink,Ginger,,Bubblegum,,Box
1709,0.88,4464,62.07,https://magiceden.io/item-details/GctjQPdgwLUY5xc4zernTqUZbBLuq5EWy719pku5PuQc,,Halo Red,Eyes Clown Normal,Gray,Bunny Ears,Blushing,,Hawaiian Shirt
1719,0.49,2497,79.34,https://magiceden.io/item-details/3EFUgdP5QcFKSRsenZkjGpvgKw3UxqU3otK2xEKKXz3R,Umbrella,Halo Emerald,Eyes Clown Happy,Solana,,Smiling,,Hawaiian Shirt
1730,0.27,4916,65.1,https://magiceden.io/item-details/5adD9w3aJ8qWDFNeCrLj1QKhjPezjCiwmifCgW1Z98t9,,Halo Gum,Round Glasses,Gray,,Smiling,,Cheongsam
1741,0.5,4113,68.26,https://magiceden.io/item-details/9BGex2BmWHsvpT6gMDhE6XamdG9q75wVduLkvL499vNH,,Halo Green,Eyes Closed,Rainbow,Hearts,Tongue Out,,
1761,0.3,4735,66.03,https://magiceden.io/item-details/9BGyS3kzkidPJuNtbL4MaaGVWzhCCYZZiCj9n7kLnPeJ,,Halo Gum,Rasta Sunglasses,Solana,,Smiling,,Hoodie
1785,0.39,550,93.56,https://magiceden.io/item-details/BThynWC6Uyw7Umrj26V7kutYqjcCVFg6DMMjC4sD4Z6y,Blue Balloon,Halo Gum,Troll Sunglasses,Solana,Clown Wig,Bubblegum,,Clown
1828,4,2182,46.38,https://alpha.art/t/4v39FaGRSrcqU4aojxkBFj8EmtYvFQNEjN97yAit2yBx,Bong,Halo Green,Wink,Silver,Bunny Ears,Bubblegum,,
1830,0.55,4085,67.95,https://magiceden.io/item-details/BndMvuprdLSoCdZSurvXoDETXgisDdfdQk6gr25HxKwL,,Halo Zombie,Eyes Blue,Rainbow,Cap McKitten,Surprised,,
1831,0.29,4718,66.25,https://magiceden.io/item-details/Gf9fu6aTXF8gRwPbmZt34vDsaaKkvz4gs28zjEKRDNvn,Blue Balloon,Halo Green,Wink,White,,Tongue Out,,Purple Gold Jersey
1843,3,4431,41.1,https://alpha.art/t/DPLYfjgZk4UzikmHheEYBkFMCwXqLudjU7w45ApCpkRm,,Halo Pink,Eyes Closed,Rainbow,Wizard Hat,Blushing,,
1846,1.5,1481,76.14,https://alpha.art/t/2HSnoLcet2RkjXdx9mkq1eR4iX9gxKk9F3jStUdAxwik,Blue Yarn Ball,Gradient Chartreuse,Black Sunglasses,Red,Cowboy Hat,Surprised,,Hawaiian Shirt
1863,0.3,2612,80.46,https://magiceden.io/item-details/BqNPiVvD3eDQQnEaR2bMrxjemfEhdYYK9ZxejMCnp8NQ,Asian Coin Purse,Halo Black,Eyes Happy,Black,,Party Blower,,Hawaiian Shirt
1939,0.2,2202,84.24,https://magiceden.io/item-details/3Bv7XR3ZX4dDc6rVXUZg62TpLCHk1QiCLwLMpJBx5Gjx,Red Balloon,Gradient Peach,Eyes Closed,Zombie,,Tongue Out,,Clown
1942,0.5,4653,64.59,https://magiceden.io/item-details/AZpLXAbhr6dJCueVYmPmnozGJmceiUeoh9oqcYx3kV5o,Four-Leaf Clover,Halo Black,Troll Sunglasses,Ice,,Surprised,,
1946,0.5,1301,87.36,https://magiceden.io/item-details/rLTqdSd7Jf4fCNH619gBpQcXR2vLFhaAv2E1kAdAjW5,Spatula,Gradient Sunset,Wink,Rainbow,Mohawk Solana,Tongue Out,,Tuxedo
2023,66,1470,0,https://alpha.art/t/7W6vQ7vP734GprxEDLYVqrhsk8bJohv3GeWiwRut9Lv6,Trophy,Gradient Aurora,Ski Goggles,Red,,Surprised,,Purple Gold Jersey
2026,1,2951,71.15,https://alpha.art/t/AjxdT8LYUosc7ZN41KpH412QK4wVkFM1sdrXbvXzdECn,,Gradient Sunrise,Wink,Red,Rasta Hat,Smiling,,King
2044,0.29,455,95.21,https://magiceden.io/item-details/k6tB7MBRWQngSNgLew4QYvZtLvfa9ChKzzL4NcdpuxM,Flask,Halo Orange,Eyes Happy,White,Rainbow Hat,Brown Mustache,Big Bow Tie,
2102,0.5,301,94.16,https://magiceden.io/item-details/2Z5E5k8L5osJetwczE7tJ425wVz4EXGi5STo3oKuAfmv,,Halo Red,Troll Sunglasses,Silver,Purple Gold Headband,Surprised,Blue Bow Tie,The Mask
2112,0.88,3938,65.65,https://magiceden.io/item-details/HUU2LezP6aKJQBcrJ2MrQkpLSfxLRZAmS3TQPDcxs1BD,Spatula,Halo Red,Eyes Clown Normal,White,,Tongue Out,,Hawaiian Shirt
2122,0.3,2199,83.26,https://magiceden.io/item-details/GusfHuSbnQPxfbSgktgbZXV15cpvFUHHv7RieoGFEfx9,Black Wrist Band,Halo Zombie,Eyes Clown Happy,Gray,Bread Head,Smiling,,Tuxedo
2126,1,2113,76.85,https://alpha.art/t/3HkbtLP2BoHNB38AsH1sDJPAKxQ37LtAzDH12Fq3CwrS,Blue Balloon,Halo Purple,Golden Sunglasses,Ice,Cap McKitten,Tongue Out,,
2164,0.8,1441,83.41,https://magiceden.io/item-details/HQj9VC7xSMtbhqccRSftWQJysAcFycNUnpDxcxZAHKRf,Cocktail,Halo Red,Eyes Normal,Silver,Cowboy Hat,Blushing,,Hawaiian Shirt
2174,0.34,1172,89.84,https://magiceden.io/item-details/B1MeMLtmHB9pt1LywZcJPucREocTH53SfDoUzWMAwu21,Basketball,Halo Blue,Eyes Happy,Ginger,Pirate Hat,Bubblegum,,SuperHero
2184,0.75,5601,55.65,https://magiceden.io/item-details/3baoxuEezEutyUsiSN4YZ5gRZB71Q2FU8ipe3MffxTTw,,Halo Gum,Round Glasses,White,,Smiling,,Hoodie
2218,0.3499,1384,88.3,https://magiceden.io/item-details/BJ1emWEYZio3Spq42ECTSarEbZG39XBPjeRNPyVNx8hL,Flower,Halo Red,Eyes Closed,Black,Bread Head,Surprised,,The Mask
2231,0.3,4700,66.27,https://magiceden.io/item-details/DGGhDG2EXA89V4hHxfyxVujpcA3Xs3jwXXo8J4PuYBh5,,Halo Zombie,Eyes Clown Normal,Red,,Brown Mustache,,Hawaiian Shirt
2277,4,2988,40.9,https://alpha.art/t/4zroZm8gtHTgPzxmrSJD2BzXo3nss2ucKu1g1jgzW3cE,Flower,Halo Blue,Eyes Normal,Black,The Mask Hat,Tongue Out,,Tuxedo
2299,5,60,50.79,https://alpha.art/t/6SiPAvADQ5Zaot6zWYENV3XARVnGVCu5FZffFEDhb9QH,Trophy,Halo Ice,Eyes Blue,Zombie,Army Hat,Tongue Out,Bandana,
2328,0.35,2034,83.88,https://magiceden.io/item-details/FPojQtccE4hVSPYpBqpPjEMhc7RmLavYgGY35n778PFm,,Halo Yellow,Troll Sunglasses,Ice,Clown Hair,White Mustache,,Box
2357,99,5039,0,https://alpha.art/t/3nrFS8vggGmqVTfHBxdv8z7WBZh1vVnbY6zseyEoozn9,,Halo Ice,Eyes Blue,White,,Golden Mustache,,
2380,0.35,4400,67.81,https://magiceden.io/item-details/Hbchz5sMMoWyM4ySogCNKShAS7H1LVtz7iBsAirG9JXC,,Halo Orange,Ski Goggles,Red,,White Mustache,,SuperHero
2384,0.2,1738,87.39,https://magiceden.io/item-details/FNQxFaLVXht7CWF1mFmiQtVGx5Qn8LTUighZ8cYMnfJZ,Basketball,Halo Yellow,Eyes Normal,Black,Rasta Hat,Bubblegum,,Box
2386,0.7969,809,87.74,https://magiceden.io/item-details/126S8xiAeEoYkhJSLPCoXzNWanrCpScbb9m7z5YzgEeE,Cocktail,Gradient Solana,Eyes Closed,Red,Box Hat,Smiling,,Clown
2402,0.9,5005,58.2,https://alpha.art/t/9LhLQgrzPHh7bxKmpi5tRpQp13wkzahJtJBwUgNR8z8M,,Halo Zombie,Eyes Normal,Red,,Party Blower,,Box
2410,0.7,3361,71.37,https://magiceden.io/item-details/AuEzXtyBABcX4NHHMPzbsxcbVLujLe88bQs3XUdCQC75,Spatula,Halo Ice,Round Glasses,Ginger,Box Hat,Smiling,,
2450,0.55,3145,74.33,https://magiceden.io/item-details/AphV2ohCqnFnN2j53cMEhqytNis5nqNadCdt5nGB98kQ,Basketball,Halo Yellow,Eyes Blue,Red,,Party Blower,,
2464,0.38,2082,83.26,https://magiceden.io/item-details/GQY7yQSDwLMfotK1u6VRztBZZw9AEYGfZeiAGGFZBLvD,,Gradient Solana,Golden Sunglasses,Ginger,Wizard Hat,Bubblegum,,Box
2468,0.85,3533,68.7,https://magiceden.io/item-details/BKoyyHaSbo3XKQZ8g2Zqj46SEFh2p5qy7mRvvE7wVLYh,Blue Yarn Ball,Gradient Sunrise,Wink,Ice,Monopoly Hat,Surprised,,
2472,0.18,5369,62.93,https://magiceden.io/item-details/GiyuuNc1fQPn75aytWbAc2447MyKBvyvX3iP4mNSPY3v,,Halo Purple,Wink,Red,,Surprised,,SuperHero
2476,30,1894,0,https://alpha.art/t/B43hXUUMqo5MVBP5B4gYxxNEFruCChAvRL2kK6VVmtiP,Four-Leaf Clover,Halo Ice,Eyes Normal,Zombie,,Smiling,,Skitt Game Guard
2503,0.25,2060,84.71,https://magiceden.io/item-details/Hryh7VVKvedBnw5DzfVDSdV6XQx1vYiN8yMUDbrs7c45,Four-Leaf Clover,Halo Blue,Eyes Clown Normal,White,Black Headband,Tongue Out,,Box
2520,0.88,4449,62.18,https://magiceden.io/item-details/4o1eWy6RfrMq2tGZFeoP1zDUsiQseaAsYGJDMqYKaq3L,,Halo Purple,Eyes Clown Normal,Black,Backwards Cap,White Mustache,,
2524,4.8,5888,13.2,https://alpha.art/t/wGFb3pGRs7X8CjKkHxpp4yqSab9J79yi6bA2iS7WkGb,,Halo Blue,Eyes Normal,Black,,Smiling,,
2525,0.33,2137,83.38,https://magiceden.io/item-details/6sPqs4w7QgRukXYYa5tZTBjqVyiRRuEkBCtWi9HuBCdF,Four-Leaf Clover,Halo Pink,Eyes Normal,Black,Rasta Hat,Tongue Out,,SuperHero
2530,0.25,2835,79.44,https://magiceden.io/item-details/3vUMu9K1P24C7LiU7vrHEdQ1b7PnaRQi7M1WHqoa8bKS,Blue Yarn Ball,Halo Green,Eyes Happy,Black,,Brown Mustache,,Leather Jacket
2541,0.38,3456,73.92,https://magiceden.io/item-details/HwhieuyqT24haVXuEZjAaP6MMiskr2CudfwisRP5LvCu,Red Yarn Ball,Gradient Solana,Wink,Gold,,Surprised,,Hoodie
2548,10,2267,0,https://alpha.art/t/ZGLhuLXBDvJkpottaQ8mVx7pwTJZsvfBPFBPitVGQwU,Four-Leaf Clover,Halo Green,Golden Sunglasses,Rainbow,,Smiling,Blue Bow Tie,
2600,0.3,1052,91.05,https://magiceden.io/item-details/DwpoWqPp3BdVaKfd5FjVnCGKTMdTFdw3ry47wgAzq8L5,Bong,Halo Black,Eyes Blue,Black,Turban,Tongue Out,,Box
2604,0.5,1632,85.11,https://magiceden.io/item-details/4buxNBbhJoA2mLnZSDZXw37r2WCRaftbghaxDtCuHBNH,Four-Leaf Clover,Halo Blue,Eyes Clown Happy,Solana,,White Mustache,,Clown
2612,1.5,2013,72.52,https://alpha.art/t/GnyQpyaLVYT9LYpboGkEfVNZPs4U4zJrJ9ymUJCiRwcy,Spatula,Halo Red,Eyes Happy,Gray,,Party Blower,,Astronaut
2617,0.29,586,94.32,https://magiceden.io/item-details/EEiygmFJC7mHSZ2uqDSpjqr36jRWMiEE5Cehze43rtxF,Red Balloon,Halo Yellow,Eyes Happy,Ginger,Santa Hat,Smiling,Blue Bow Tie,The Mask
2634,0.5,207,94.79,https://magiceden.io/item-details/8rWK57u8XJb478BbEzPbwDTmkbQy9p6ZuyX6WoJKwNtP,Ice Cream,Halo Black,Eyes Happy,Gray,Clown Wig,Big Smile,Blue Bow Tie,Hawaiian Shirt
2656,0.4,2157,82.55,https://magiceden.io/item-details/5sFAXNRtxQmJZL6bc1M3kP6Su4XHHJvUz8vCjH5g9eG6,Blue Yarn Ball,Halo Red,Wink,Gray,Black Headband,Tongue Out,,Clown
2716,2,267,79.39,https://alpha.art/t/41nKxgvHdjneawGKiaHLbd61znQHPQkWpD4TMBLkzzdW,Sake Jug,Gradient Solana,Black Sunglasses,Black,Black Headband,Brown Mustache,,Clown
2721,10,1028,0,https://alpha.art/t/FyzLW7qzMXiAZWBpm5DfzFRsgDcvUGkEETmL5zHTsizs,Ice Cream,Halo Purple,Wink,Skeleton,Cop Hat,Surprised,,
2726,0.15,2562,82.3,https://magiceden.io/item-details/GSZUaVXYUnUcdUxsAE6L7efnUr5jn4ABge8zDPijbB4r,Giant Rice Bowl,Halo Emerald,Ski Goggles,Black,Bunny Ears,Tongue Out,,
2740,0.35,3910,71.14,https://magiceden.io/item-details/HgxoKUoZYhAEZ64ZfMc65EuyiJ5r32Dy294A2VWxLRA7,Martini,Halo Red,Wink,Rainbow,,White Mustache,,Clown
2776,0.78,118,92.6,https://magiceden.io/item-details/GxUpCyavgBp9fmmZTJdSbeq6dbPD7xsGWUfbCeqBi8tk,Flask,Halo Orange,Black Sunglasses,Gray,Bunny Ears,White Mustache,Golden Bow Tie,Tuxedo
2793,4.88,1647,41.21,https://alpha.art/t/EVdx7SyrUvA4m2kqY3UFvkE13oZzpaDphjY7ZxbdEuke,,Gradient Aurora,Troll Sunglasses,Gold,Cap,Smiling,,Purple Gold Jersey
2801,0.8,151,92.17,https://magiceden.io/item-details/HGpoh7KeRD39GEgH78y3CdUdqFk4zoWNuwAT6vbsT2Dt,Coconut Drink,Gradient Solana,Black Sunglasses,Gray,Cap,Smiling,Big Bow Tie,Hawaiian Shirt
2834,1,1480,81.15,https://alpha.art/t/7gcfsbRvR5ibG1ozE5NTqGsNpxF57Zjid3RCsmnQwqQK,Four-Leaf Clover,Halo Purple,Round Sunglasses,Red,,Blushing,Tie,
2845,0.8,2471,76.41,https://magiceden.io/item-details/DhzTGcVGr1RsVbFQEDUwen4HteRJkdCi6xZP4LT2NEdw,,Halo Zombie,Wink,Ginger,Box Hat,Blushing,Red Bow,
2882,0.5,467,93.03,https://magiceden.io/item-details/7k5Avoo1d2ekqMyC2Xr9EznhyQmFbbwinTbgHnoGziWV,Gift,Halo Purple,Wink,Solana,Mohawk Pink,Surprised,,Box
2955,0.5,1072,88.92,https://magiceden.io/item-details/5Mgt9WLLRjUwTkhQbma3uyMevETXjTKp31wKgZMSaxwi,Golden Balloon,Halo Gum,Eyes Normal,White,Monopoly Hat,Smiling,Tie,
3052,0.5,3254,74.09,https://magiceden.io/item-details/9C4uxhyxS9gmWFkAzBYL8QRPQnhZeEgCRr6nBiJmTybH,,Halo Black,Wink,Ginger,Backwards Cap,Tongue Out,Red Bow Tie,
3083,0.77,1353,84.31,https://magiceden.io/item-details/E7HFzzmF4JxFgSZgMHNJX4h69avVymg4VGGfnVUr8PYZ,Basketball,Halo Orange,Eyes Clown Happy,Ginger,Monopoly Hat,Tongue Out,,Purple Gold Jersey
3111,0.14,2102,85.52,https://magiceden.io/item-details/7AGsYYxgLg7giZnhCggbrtTQvxqRPAe7kmj9euhW4ZCx,Gift,Gradient Aurora,Eyes Normal,Silver,Turban,Blushing,,
3142,2,4044,53.73,https://magiceden.io/item-details/9ogHrapdMy4r7x3Upya7psVK2Ru3CF1YU4wTMz2FTDfz,,Gradient Sunset,Ski Goggles,Kittachu,Clown Wig,Smiling,,
3148,0.3,840,92.49,https://magiceden.io/item-details/AAPE5ZAGj13k5qBBUv6hXuL5Yq1wh4QvGGbirfoyzMRP,Red Yarn Ball,Halo Ice,Eyes Normal,Ice,Clown Wig,Surprised,Gold Necklace,
3180,0.7,1673,82.83,https://magiceden.io/item-details/DyzFEiGPpGxfbMEL7Truu6rqrjohkKTXmSXyZpai8BoG,Red Balloon,Gradient Solana,Rasta Sunglasses,Ginger,,White Mustache,Gold Necklace,
3209,9,4550,0,https://alpha.art/t/86ffPs46DH7MMCwRQkom16Pqj1W7ocqeGqMZGVPvNHfY,Cane,Halo Orange,Eyes Happy,White,,Smiling,,Hoodie
3213,0.35,1872,84.98,https://magiceden.io/item-details/9wSNHPwop6LXDFRW1JmXpwLkg8kMH652agsNZyvMuKs4,Bag Of Cash,Halo Gum,Rasta Sunglasses,Ice,Clown Wig,Tongue Out,,
3214,0.499,4779,63.74,https://magiceden.io/item-details/8K4wMKfvc4vLw9a8pRZ3gT3NztzT692oyxVQSF3aBBhH,,Halo Green,Wink,Ginger,Clown Wig,Smiling,,Sailor
3238,0.6,2759,76.46,https://magiceden.io/item-details/4WidAPWiMD64HkAw6XidKuT4aQSQjUMKF3QuSeJVV4kk,,Halo Red,Black Sunglasses,Rainbow,Clown Wig,Blushing,,Skitt Game Player
3252,5.2,3691,24.13,https://alpha.art/t/GGk9JrmUMt7FSAyQUnS9BQm4F36QvAmTF11WKFTocZh,,Halo Ice,Eyes Laser,White,Turban,Surprised,,
3286,0.45,1330,87.66,https://magiceden.io/item-details/2ZXzPjW65kGXuh6JBjnyJ5NT5hpg5Du9SEaHk4PSjvuZ,Basketball,Halo Blue,Eyes Happy,Black,Sailor Hat,Big Smile,,Tuxedo
3287,0.2,408,96.43,https://magiceden.io/item-details/Ghst7v84HWZMtNb2JwyzWR8qsW9pqFp4snBjF4pK6VCm,Blue Yarn Ball,Night Sky,Eyes Closed,Zombie,,Smiling,Blue Bow Tie,The Mask
3292,0.489,4217,67.66,https://magiceden.io/item-details/HGMdfAreFCRpypf9rTPJhKAPxjooFC2ftUFsxU9aVKjw,,Halo Green,Troll Sunglasses,Black,Bread Head,Smiling,,Sailor
3334,1.2,1813,76.88,https://alpha.art/t/5E2JCoY5WEHJSGxN66LUmmwqN4fhtrrWaHss7nR6iX6C,Black Wrist Band,Halo Green,Wink,Rainbow,Rasta Hat,Golden Mustache,,
3349,0.55,3878,69.35,https://magiceden.io/item-details/571X4NjoiE3xLxg7hk2dA2XRmZwvUFK6vHhke8Rteiii,,Halo Purple,Black Sunglasses,Rainbow,Monopoly Hat,White Mustache,,Hoodie
3356,0.29,1966,84.94,https://magiceden.io/item-details/67vRN4cyBVGq8J9RnJAcqyvXH5cTaCum8T4Fg5GiNiqB,Umbrella,Gradient Solana,Eyes Normal,White,Sailor Hat,Tongue Out,,Box
3358,0.45,411,93.91,https://magiceden.io/item-details/BDFSEVw4hHvVK8sy2fGKgsJSUMxqGFTyapFQ4PYW3uaT,Martini,Halo Blue,Rasta Sunglasses,Gray,Santa Hat,Bubblegum,Red Bow Tie,
3404,3.93,5455,24.84,https://alpha.art/t/9NtdPj1mG2ou1QMpFDYv1QshVkyz3Sfe4Pj1NVTbbbBm,,Halo Zombie,Eyes Normal,Red,,Surprised,,Sailor
3410,2.3,5339,41.93,https://alpha.art/t/BbPD4rD3xFnf8yTZSzmHFk4Cve4HMcdf8VbLL4Dnmv2J,Cane,Halo Green,Eyes Normal,White,,Surprised,,
3422,0.15,5658,61.26,https://magiceden.io/item-details/6hWeitzuRQ2X3kpkRhwoB4QMqy6yTd1px11ant3QKDq1,,Gradient Sunset,Eyes Happy,White,,Surprised,,Hoodie
3437,1,4838,58.33,https://alpha.art/t/5fdTANdsTgfz5k7eZ4DmkK89uJVQh9fDLwhRH3rhScBX,,Acid Bright,Eyes Happy,Rainbow,,Tongue Out,,Clown
3438,0.5,1777,84.13,https://magiceden.io/item-details/Mf9TA7Lk2QLYzWVb3e32raTG5bvAzbNKhjaBaE1Mu65,Red Balloon,Halo Zombie,Wink,Gray,,Big Smile,Bandana,
3467,0.64,1229,86.45,https://magiceden.io/item-details/EiWCVy6Y9F78HGUVHUbxFzPXhC3CKbgS1PSG6cUxg61i,Noodle Bowl,Halo Purple,Eyes Normal,Black,Santa Hat,Smiling,Tie,
3503,0.8,625,88.95,https://magiceden.io/item-details/7SDPWa6zWWKAw65U7tYUJ4YroBdAzGoXfKrzLFtYHJCG,Pirate Hook,Gradient Sunset,Eyes Normal,Rainbow,Mohawk Pink,Surprised,,SuperHero
3514,0.29,462,95.16,https://magiceden.io/item-details/55o5RzFy8bHqZCKK5TsrVPb1Gq7YL8DKmdq318AQjrXd,Black Wrist Band,Halo Orange,Troll Sunglasses,White,,Golden Mustache,Egyptian Necklace,
3518,0.75,726,88.77,https://magiceden.io/item-details/tFrpzBPLBhtXhPLLwFAxmcnzbm2krxXQJf2g1iSMEuw,Martini,Night Sky,Round Sunglasses,Ice,Turban,Big Smile,,
3534,0.2,4876,66.07,https://magiceden.io/item-details/3wdzo86uYXWwGm6iFarRW9H8fhHZmTtNbSb3zF73NK1B,,Halo Emerald,Eyes Closed,Solana,,Tongue Out,,Box
3542,0.55,4641,64.17,https://magiceden.io/item-details/4QHuaskak3PvDw3RDYmFHW3xqrUvQ2yebCWB6fEytZNc,,Halo Orange,Eyes Happy,Ginger,Fishing Hat,Smiling,,Box
3560,0.8,724,88.28,https://magiceden.io/item-details/AmPVDN76ptvMWE6R8k1j6Sf5WJk71mqNTGbocQntUVoQ,Ice Cream,Halo Blue,Wink,Rainbow,Mohawk Green,Tongue Out,,Astronaut
3576,30,3678,0,https://alpha.art/t/Bjzy5NCcEEo1oMd6tNGFZA5g4JHG1DgEn3vWRVMCg21r,Sake Jug,Halo Ice,Ski Goggles,Red,,Surprised,,
3580,66,3229,0,https://alpha.art/t/Ev84roMjtVFYgQMRFvTaVPJ9WAyPW954xgVgQSe2Qe9K,,Halo Pink,Round Sunglasses,Ginger,Bunny Ears,Smiling,,Purple Gold Jersey
3622,0.7,5254,58.51,https://magiceden.io/item-details/BgbiXXc1MAVXLDh4haXNo6cKf2hQB5XgUyUkDHEB2ws7,,Gradient Solana,Eyes Normal,Rainbow,,Brown Mustache,,Hoodie
3634,0.8,2288,77.66,https://magiceden.io/item-details/HzzS7nLAMSpgXbmEfgPe2UkbYbHeTmQEJtkLHUwtrfjz,Red Balloon,Halo Red,Eyes Normal,Red,,Surprised,Red Bow Tie,Tuxedo
3653,0.2,5027,65.05,https://magiceden.io/item-details/6D3bxDkhQEAvtq7pWHa2p7dJnc6KBYQt1Afhgd8rZsyP,,Gradient Solana,Eyes Happy,Ginger,Monopoly Hat,Tongue Out,,Box
3656,0.4,3646,72.43,https://magiceden.io/item-details/DJVekfbyzAtnRVwg7unKhe7MMmd1u8GwnyqzgUneL5i,,Gradient Aurora,Eyes Happy,White,,White Mustache,Egyptian Neckwear,
3660,0.3,3683,73.18,https://magiceden.io/item-details/CKmPyNXHV4LSpaJsxraPc2QQi9DhcjJNCUK4xLU8UeLS,,Gradient Aurora,Black Sunglasses,Rainbow,Cap McKitten,Smiling,,Box
3683,33,1377,0,https://alpha.art/t/2KLhmatdoGfXxeacC1Q23aWDD2sexXSi3F7mdj6AZHSU,Flask,Halo Black,Eyes Normal,White,The Mask Hat,Blushing,,Clown
3705,0.68,1471,84.41,https://magiceden.io/item-details/7feqCSSfum2Z6Uey2g1qqQUUWJu5Yfit5CaMEQLDgg2f,Basketball,Halo Blue,Wink,Ginger,Black Headband,Big Smile,,Hawaiian Shirt
3717,0.25,3313,76.19,https://magiceden.io/item-details/7te8vmVD1BD1pXs7u9QWJvKs12BB3Fdnj7cddjwGYSCG,Blue Yarn Ball,Gradient Chartreuse,Wink,Ginger,,Blushing,,Skitt Game Player
3730,0.15,4442,69.52,https://magiceden.io/item-details/4Nd5LzY4mBmyMd4ozKYHAyjtKNtzUpniyrrpJdPugFgR,,Gradient Peach,Eyes Normal,White,Cap,Brown Mustache,,
3733,0.67,1795,82.31,https://magiceden.io/item-details/DsRCTYyscfgrC9Br3udSfK3E2RALZUwEaDwK5uW4rUVj,Asian Coin Purse,Halo Zombie,Eyes Normal,White,Box Hat,Tongue Out,,The Mask
3739,0.3,1857,85.58,https://magiceden.io/item-details/HAiB9bTy6bxM4jZsSTHMPLmcTXoxcLPsGY5yQqzZnt3L,,Halo Orange,Round Sunglasses,White,Bread Head,Big Smile,,Sailor
3751,0.8,3156,71.76,https://magiceden.io/item-details/EWVF4ZiH2QxzHvVwDnvAKuBb6QcQf9hsGEAuc5MEjmTD,Pirate Hook,Halo Orange,Round Glasses,White,,White Mustache,,Tuxedo
3752,0.478,5784,57.13,https://magiceden.io/item-details/3SVstHW7t5wSyP4PNiuv31wGKFg5rGxuMcKbNVMA7NYB,Martini,Halo Green,Eyes Normal,Black,,Tongue Out,,
3767,0.45,212,95.26,https://magiceden.io/item-details/4nZ6QQ8rsjPSbLWgbfq9U5pAGnzY7Ef5j7YkAKt96Kzd,,Halo Pink,Eyes Clown Happy,Silver,Rasta Hat,Brown Mustache,Big Bow Tie,Hawaiian Shirt
3811,0.38,854,91.6,https://magiceden.io/item-details/DfdPjkWNZCoLkZ86UBz6nZ2cFp4pj29BW3sYUFsqe6aS,Blue Yarn Ball,Halo Ice,Troll Sunglasses,Zombie,Pirate Hat,Surprised,,Tuxedo
3836,0.4798,4915,63.01,https://magiceden.io/item-details/BVWik4LAeKdAzzLA3bk6Xd8GpNyj5GCoVkxSz65fZLZ6,,Halo Purple,Round Glasses,Zombie,,Blushing,,Box
3846,0.5,5190,60.94,https://alpha.art/t/FM8M5Qtwb7k2YPtAVUWRJkXhtzxkDqmDDt6GyPEzJ5tr,,Halo Gum,Eyes Clown Normal,Rainbow,,Tongue Out,,The Mask
3860,0.35,5726,58.8,https://magiceden.io/item-details/HEAwWdyX1Bn2LLXNfB5RUGQiDzKKngmsjycDPy2DzQYP,,Halo Green,Eyes Normal,Silver,,Smiling,,Hoodie
3902,9.99,4342,0,https://alpha.art/t/E7ECsVDY1gD3xAp1qfK3qMxR51Lm6cTFGKdjKZKg1REk,,Halo Orange,Eyes Normal,White,Mohawk Solana,Smiling,,Box
3910,0.14,5486,62.53,https://magiceden.io/item-details/7uAB7zSrr3ySvSD5vbqzYgWVWxsG2UPn6AWF8uohe9RG,,Gradient Aurora,Eyes Happy,Rainbow,,Smiling,,Sailor
3995,0.88,5059,58.03,https://magiceden.io/item-details/GcLu8Y1g3zHwJJEeTB6DL1FBoJXwLAVSRDnw5jBqBH4t,,Halo Red,Eyepatch,Rainbow,,Blushing,,Hoodie
4014,3,2617,53.42,https://alpha.art/t/CPrsQJXU2PsX9kurymanr64VfCL1ZcZijMi5cAFtD3Vg,Flask,Halo Zombie,Wink,Black,Rainbow Hat,Tongue Out,,Hawaiian Shirt
4032,0.38,2212,82.37,https://magiceden.io/item-details/3GdHGGNHGg1VFFB1FZQqjGiCty7ZyN9wMpXkFpCBfgj8,Flower,Halo Ice,Troll Sunglasses,Gold,,Tongue Out,,Clown
4062,1.2,2370,73.1,https://alpha.art/t/E6d6vH3KhaLzQffBxkSbfbBeg95W5fq39qNNi4ZN6BYT,,Halo Ice,Eyes Laser,Gray,Box Hat,Surprised,,Sailor
4105,0.5,1788,84.05,https://magiceden.io/item-details/ATMdQuv6hUmiPy8R9VYWXEgHuB6PA1XaYTfmUJyhf7Le,,Halo Zombie,Eyes Closed,Gray,Box Hat,Bubblegum,Blue Bow Tie,
4112,0.88,3837,66.33,https://magiceden.io/item-details/CeD6CNK9LkXTCTQPKiQrSJaDCHRLLW7ht4hM4BTTzBNf,,Halo Emerald,Round Glasses,Ginger,Turban,Blushing,,Box
4135,0.15,3666,74.8,https://magiceden.io/item-details/8awB3E7hMGdAYNAfoJW5RxoDJHH63jfnopLYAuBmtYPk,,Halo Pink,Troll Sunglasses,Gray,Box Hat,Bubblegum,,Hawaiian Shirt
4139,0.5,2364,80.14,https://magiceden.io/item-details/CZpDmAVdQg8rbZCYXBeUMmnTbcF6qKwSWSDtZDfqyiUq,Spatula,Halo Blue,Ski Goggles,Rainbow,,Surprised,,SuperHero
4157,0.489,4731,64.17,https://magiceden.io/item-details/6xNEuwKUHNjD7324UVAuBec8sfrvsRkyG7dkJnr9hA1n,Noodle Bowl,Halo Green,Rasta Sunglasses,Rainbow,,Blushing,,
4161,0.18,5097,64.77,https://magiceden.io/item-details/58Da6CGLBdUYWZ78zUtnGoiU4PAttEjVSmktiwbXNxWh,Coconut Drink,Halo Yellow,Eyes Happy,Rainbow,,Smiling,,
4164,0.38,1101,89.92,https://magiceden.io/item-details/CamEFKorDewca4DM7CVtk6b8RjbUaWvuUakUSsqsLfh9,Magic Wand,Halo Zombie,Eyes Clown Normal,White,,Tongue Out,Egyptian Necklace,
4176,0.3,2808,79.12,https://magiceden.io/item-details/EqmaANwvDbqwpmQQ68YeVnVvDjQ6jcrX1KrwzzJMvxas,Noodle Bowl,Gradient Peach,Eyes Happy,Red,Box Hat,Smiling,,Hawaiian Shirt
4219,0.3,5623,60,https://magiceden.io/item-details/sAAma7qS99pbdNefCq8zyHxHHtt8e49CWmHsrCe2KH4,,Halo Blue,Wink,Gray,Bread Head,Surprised,,
4350,0.15,4936,66.17,https://magiceden.io/item-details/2nr294X6TjmieGpEy4gehJCjsHuEFu2WD2cuU6muCTff,Black Wrist Band,Halo Gum,Rasta Sunglasses,Black,,Tongue Out,,
4380,0.66,2788,75.66,https://magiceden.io/item-details/38kSdhgb3SyKVuqsHR32gztY46KQN8ysQzfQTqReo1VU,Ice Cream,Halo Zombie,Eyes Normal,Rainbow,Cap,Blushing,,
4385,2,459,78.08,https://alpha.art/t/BPxb8qBpGfZxjEmWExWkJQg7TS3A625Sy9SbuN5kEtE2,Red Yarn Ball,Halo Pink,Wink,Silver,Pirate Hat,Smiling,Red Bow,
4386,0.5,2588,78.62,https://magiceden.io/item-details/uGQc3GX6uo3D5yiBLhtushx5DiLA8Fnn7M5wTZJZn6Y,,Gradient Solana,Eyes Laser,White,Fishing Hat,Tongue Out,,Tuxedo
4416,0.38,2193,82.5,https://magiceden.io/item-details/8x2NsP3oFrYz9QRP3yjFx1JSYK92eP95jeGtUvEoSh6o,,Halo Purple,Eyes Normal,Gold,Birthday Hat,White Mustache,,SuperHero
4435,0.15,5357,63.31,https://magiceden.io/item-details/HmKrwpfGcHLcxZoZN53Gq6cVr4hidLzsKaj7qnHJAfaL,Red Balloon,Halo Red,Wink,White,,Bubblegum,,
4446,4.46,1452,46.74,https://alpha.art/t/3YWbHKTTTj5MHkVDJd8u3PHmPsVcSrU34n9bQrJbPLf5,Cocktail,Halo Emerald,Eyes Closed,Ice,,White Mustache,,SuperHero
4467,0.487,1118,88.73,https://magiceden.io/item-details/4VxNDY1Mj5uyfPg6niPM4NvReAjcFSnvfLc72ftqNR7G,Noodle Bowl,Halo Yellow,Eyes Normal,Zombie,Cap McKitten,Smiling,,SuperHero
4499,0.499,3970,69.24,https://magiceden.io/item-details/4RLA4ypwE4Gg8fmFHjKDZK4JW4yGsp4MZdPwYgJADxWt,Four-Leaf Clover,Gradient Aurora,Troll Sunglasses,White,,Brown Mustache,,
4573,0.2,5142,64.27,https://magiceden.io/item-details/H4fHNgNnuboVUQw4U2RE6Aru7j9BXTsdMiQJ39fQmbLq,,Gradient Sunset,Eyes Closed,Red,,Blushing,,Hoodie
4601,0.75,3111,72.57,https://magiceden.io/item-details/3hSg2bPKHW6mzJQHZwZW49xMcKqC6J3TnfLhEw2mw3JU,,Halo Pink,Round Glasses,Silver,Cap,Big Smile,,
4645,0.81,3750,67.62,https://magiceden.io/item-details/B2sjnn5q3GviPrYTgycgpC7AoQKvR7SB24K1n3ksoTuT,,Halo Yellow,Troll Sunglasses,Gray,,Smiling,Red Bow Tie,Hawaiian Shirt
4648,0.2999,3316,75.67,https://magiceden.io/item-details/DGheEGun9AU8TnkNf6LstnfHMH1XTPaY6uojnAfDHDji,Red Balloon,Halo Yellow,Black Sunglasses,White,Monopoly Hat,Smiling,,Hawaiian Shirt
4649,0.6,522,91.65,https://magiceden.io/item-details/LiPJaqzJV18qZHoFFpw6tKdJKt437uk4JQYFkxAUJzT,Golden Balloon,Halo Orange,Eyes Happy,Black,Box Hat,Smiling,Red Bow Tie,Hawaiian Shirt
4654,0.6,5158,60.16,https://magiceden.io/item-details/Fc3kjYDwoJqRmhGXHKz3HARH58Xf2Gzwv8qqoGkf53Ds,,Halo Emerald,Black Sunglasses,Black,,Surprised,,Astronaut
4732,0.35,5335,61.46,https://magiceden.io/item-details/8wY5fj6XJdNVSeBQzwMJg7i51rDViXJKV5pHT27RRCUL,,Gradient Solana,Round Sunglasses,Gray,,Smiling,,Tuxedo
4736,6,1637,30.08,https://alpha.art/t/GpdwSjTyp9YLwFZU3HKUkcrET8hrYPRiQN6LWzCJBg5Z,Giant Rice Bowl,Halo Purple,Eyes Clown Normal,Solana,Rainbow Hat,Tongue Out,,
4783,0.5,5251,60.53,https://magiceden.io/item-details/CKAxia84Qc8etnXSREaK3oEoZNbH6h7cNn441FeYd83t,,Halo Blue,Ski Goggles,White,,Tongue Out,,Sailor
4839,0.5,2221,81.11,https://magiceden.io/item-details/4717NH6aSjaxZm4ieXwTqYumEKmbD1rCteaAjJzVgjFx,Four-Leaf Clover,Halo Zombie,Eyes Happy,Zombie,Box Hat,Smiling,,Hawaiian Shirt
4856,0.6,705,90.41,https://magiceden.io/item-details/13Qxss7PJA9budqj57jRDjxCwAuqpas3vRxUaN2DMM3g,Basketball,Gradient Sunset,Eyepatch,Black,,White Mustache,Blue Bow Tie,Hawaiian Shirt
4868,3.99,2080,47.17,https://alpha.art/t/9F4tzcxSwgnHW5p2hPhTgko6weBnkg7nK9NVaJAZ4UJw,,Halo Red,Eyes Normal,Black,Mohawk Green,Tongue Out,Bandana,
4875,0.5,4246,67.35,https://magiceden.io/item-details/EfPm9fusGQHEMwB6mAcEaDwkysLtVXYzkiUMqqR5ifKY,Noodle Bowl,Halo Green,Wink,Red,,White Mustache,,Hoodie
4931,0.8,1711,81.58,https://magiceden.io/item-details/Ci6cfv9BUsHApFPxcscVZhgqqBt8cvXsYzPvVHgWoqUj,Blue Balloon,Halo Black,Wink,Silver,Army Hat,Blushing,,The Mask
4933,0.55,618,91.5,https://magiceden.io/item-details/J5rC81ENoNLPgiMkBWG5hSLuzNze41GZbFesTEVuQhzV,Flower,Halo Emerald,Eyes Normal,Black,Halo,Brown Mustache,,Sailor
4940,5,2906,31.46,https://alpha.art/t/9HBUdS17wzA9XuES42NJbKXmVXu6kMvrRPHbp6PKYZQU,Trophy,Halo Red,Troll Sunglasses,Ginger,,White Mustache,,Box
4985,0.88,4458,62.11,https://magiceden.io/item-details/HWGVzCEJbQ4ezFxmmLEkKCHRQPc4twe9FVHfdpW4W2wb,,Halo Red,Eyes Normal,Gray,Monopoly Hat,Bubblegum,,Hoodie
5009,0.5,3096,75.17,https://magiceden.io/item-details/C1JRpBfTAuVG1BxdqZFRyNhYUZQuaPMCbh6AGUm5wdy4,,Halo Yellow,Eyes Clown Normal,Ice,Army Hat,Brown Mustache,,
5025,0.5,1856,83.59,https://magiceden.io/item-details/8xTSffaf3eHpmP9hW3JSyXUCVfrdPcMgx6rhRTfFi4pz,Bong,Halo Orange,Eyes Happy,Ginger,Clown Wig,Tongue Out,,Sailor
5041,2,2797,62.2,https://alpha.art/t/BBZfYydfWP38wm3d1hEdfEN2gMMMM1bg36EoSa2kBhWc,,Halo Purple,Eyes Normal,Gray,Turban,Surprised,Big Bow Tie,
5073,0.35,5438,60.76,https://magiceden.io/item-details/7m7d44FJVJzZP47PsopWgrZsUSScHGvJEFTmeNsKuSzk,,Halo Black,Eyes Normal,White,Santa Hat,Surprised,,
5074,0.38,1596,86.56,https://magiceden.io/item-details/GVCcnBPJtKy7zQ1DxfNXYynttYmMatLwY5pBZ76g2RqS,,Halo Black,Eyes Laser,Black,Bread Head,Big Smile,,Sailor
5098,0.82,2674,74.83,https://alpha.art/t/DCVYPPirwMSVeZvu9JDfE5CiUTysY622rt6KUzW3TWUT,,Halo Ice,Eyes Clown Normal,Black,Rainbow Hat,Tongue Out,Tie,
5181,0.99,4166,63,https://alpha.art/t/GyD2qH1eaLBTrYX93hux1ZcdnijX17dhNchjzbpZzbYE,Red Balloon,Halo Ice,Eyes Clown Normal,Gray,Bunny Ears,Tongue Out,,
5212,0.8,5770,54,https://magiceden.io/item-details/9EySAFLuAztm8wyZXHbaa1GUvfBZRMaqoGipPinf7set,,Halo Yellow,Eyes Clown Happy,Ginger,,Blushing,,
5223,0.5,3817,70.27,https://magiceden.io/item-details/F1K7zK4ioPVP8WKho1fTBVZUK7yr1GhvRujyvTVvr8rw,,Gradient Sunrise,Eyes Normal,Silver,Fishing Hat,Blushing,,Hawaiian Shirt
5245,0.5,2997,75.84,https://magiceden.io/item-details/CJPBBGHhjDtfmzR2YjTGVBhqv9kVPJRFXCZ8VhAhniam,Basketball,Halo Purple,Troll Sunglasses,Kittachu,,Tongue Out,,Tuxedo
5248,0.5,1908,83.24,https://magiceden.io/item-details/F9HrTn9k5K8KZ5j1wGj4aYExpQTxLj5sdLGZrnaXhMHs,Red Yarn Ball,Gradient Peach,Eyes Clown Happy,Black,,Smiling,Red Collar,
5264,0.38,4320,68.05,https://magiceden.io/item-details/9RCBmQ7x7T2GApNrUQ572xb35vxNgKQWL6Z7PidxB7fQ,,Halo Red,Eyes Normal,Gold,Monopoly Hat,Tongue Out,,Hawaiian Shirt
5300,0.5,1571,85.53,https://magiceden.io/item-details/AKz5ATvqxPbGQvDPSLAgLhe7VLmpmVKoj731JBmTDrTo,Spatula,Halo Blue,Troll Sunglasses,White,Sombrero,Tongue Out,,Hoodie
5326,0.19,1672,87.94,https://magiceden.io/item-details/BsZMBLTKWsZi4JXqDHzEzb5nJiY6sXaPt3K3mMJvw7oV,Cocktail,Halo Ice,Eyes Normal,Red,Bunny Ears,Blushing,,SuperHero
5333,0.25,1346,89.56,https://magiceden.io/item-details/FYicVyx5CJzp9dbuYivw7qxza8sPkd9Fpqv8RH5CyAoB,Blue Yarn Ball,Halo Ice,Eyes Happy,Ginger,Pirate Hat,Blushing,,Leather Jacket
5350,0.2,4241,70.39,https://magiceden.io/item-details/8x7DHRU7Aevpzh7A3BTXR7eGyypFCAtcAkSuxdM7L2X1,,Halo Green,Eyes Clown Happy,Skeleton,,Tongue Out,,Hoodie
5371,0.88,2027,78.63,https://magiceden.io/item-details/EbVY2n6ekg2b3696FM486yxdbLJWpBBmwqCnBZsFZZ8M,Pirate Hook,Halo Green,Black Sunglasses,Gray,Mohawk Green,Surprised,,
5379,8,3680,0,https://alpha.art/t/EumkNgAHrY7zvDhze9cBj5s5yUPaeUMm3nzhAxPCrc77,Basketball,Halo Purple,Eyes Clown Normal,Ice,,Smiling,,Hoodie
5401,0.888,2594,74.7,https://magiceden.io/item-details/8yKXV2Xv86ktvR6pFWRqxuJZfZdXEk5Zk7K8XY9jYCuU,Bag Of Cash,Halo Pink,Wink,Black,Cap,White Mustache,,
5404,0.38,2276,81.94,https://magiceden.io/item-details/2gEU3Vohf6s5qJCt7b2s8TRZYPsWhidnsH9zg4LmVvLW,,Halo Blue,Eyes Closed,Gold,Sombrero,Blushing,,Box
5416,0.19,5118,64.53,https://magiceden.io/item-details/GrdH5Azj9aydonmG1VH8e1udtTQ7Qrw8J3nc5wMVoL9G,Red Balloon,Gradient Sunset,Wink,Ginger,,Tongue Out,,Box
5438,0.2,5590,61.22,https://magiceden.io/item-details/7488yDX91esgGkRxozDHWfcRY1Wrq8jN86Rk787JzRo6,,Halo Blue,Eyes Laser,Black,,Surprised,,
5445,0.33,4518,67.21,https://magiceden.io/item-details/7U3hE3evzE3itdSszbV7u8aj9scWktyEscABXGQnYxwf,,Halo Black,Wink,Rainbow,Box Hat,Tongue Out,,Sailor
5449,2.79,2531,56.11,https://alpha.art/t/B7aicjYCRayfaHc2EN1mMsDY1Jq5MSG3z5ACBZnUNRfz,Chinese Lantern,Halo Blue,Ski Goggles,Ginger,,White Mustache,,Hawaiian Shirt
5451,0.8,863,87.34,https://magiceden.io/item-details/B7Pf1L7K6bbzLfcRZs6ceo5W8KR8APP393MfTYjFYsKZ,Red Balloon,Halo Orange,Rasta Sunglasses,Black,Toque,Smiling,Blue Bow Tie,
5510,3,4078,43.5,https://alpha.art/t/9kQKcAbT7qjn1268EWSQc3jNbFDvGWqvDAeb8p7ZigW8,,Gradient Solana,Eyes Happy,White,,Bubblegum,Gold Necklace,
5524,0.35,5592,59.71,https://magiceden.io/item-details/8M5N5GdxV2wcx9gk7BETkRoR4Pg2gRc1fguiafquvng5,Red Balloon,Halo Purple,Eyes Happy,Red,,Blushing,,
5558,0.28,4367,68.73,https://magiceden.io/item-details/G1aH7xgEqXGV1ALroMohFRUex5ypuJRp2paBLgE2kx6d,Pirate Hook,Gradient Sunset,Eyes Happy,Ginger,,Tongue Out,,Hoodie
5575,0.6,2402,78.88,https://magiceden.io/item-details/XTmCZkGeCgWspVLzaFoWAqphsSAmLrbeQK1qBaBqsDL,Bong,Halo Orange,Wink,Ice,Cowboy Hat,Smiling,,
5576,0.5,3213,74.37,https://magiceden.io/item-details/3ewHqCQ13Zm9DPbxxy4Z8HFAL6JqTGkEqCxxyDGxCWUu,,Gradient Sunset,Ski Goggles,Ice,Bunny Ears,Big Smile,,
5621,0.59,1874,82.57,https://magiceden.io/item-details/2DEZ5ttCT3Tivec42SH1GiUFwPxp7FZ8UEqBxw59pbeZ,,Halo Zombie,Round Glasses,Ice,Purple Gold Headband,White Mustache,,Box
5630,0.69,1092,86.88,https://magiceden.io/item-details/Bkt749SqWvPYbKegMcnRVAp4BVnmFbRdEZSR1U3fEecy,Red Yarn Ball,Halo Black,Eyes Happy,Zombie,,Golden Mustache,,Cheongsam
5640,1.12,4034,62.6,https://alpha.art/t/AwGxQ76Fvs29tRxnxbTpbTjVjNABfihTBe4Rrx2w46ME,Four-Leaf Clover,Halo Orange,Wink,Ginger,,Bubblegum,,Box
5644,0.12,4705,68.04,https://magiceden.io/item-details/9idzmsEvEvhiNG1R16xZmj9EJT8D3Q9AYf9eTKJmGTRy,,Halo Green,Eyes Happy,Ginger,Clown Wig,Smiling,,Clown
5645,0.5,1086,88.82,https://magiceden.io/item-details/DGetkdUb8Fur9qyAFwE8ox4HDCqWPq6oGTELQo76CQbX,Bag Of Cash,Halo Black,Round Glasses,Rainbow,Sailor Hat,Brown Mustache,,
5647,0.17,2766,80.71,https://magiceden.io/item-details/3zoLo6gWxrA3mBmQpuBYXHrKneE8ZhfTAcSZgFitynot,Flower,Halo Green,Round Glasses,Solana,,Smiling,,Sailor
5660,0.77,1218,85.23,https://magiceden.io/item-details/FTLWkPTwvQo9nXWsoFDU3Q35zgHEMrddzo6LpshQfBDi,Magic Wand,Halo Yellow,Eyes Normal,Ginger,Rainbow Hat,Surprised,,Leather Jacket
5677,0.77,110,92.75,https://magiceden.io/item-details/DpztH2Zk9b9jKvtxaNbu1ZLEUKGApUtkfnyTYR5Dbxmn,Four-Leaf Clover,Halo Black,Eyes Clown Happy,Rainbow,Turban,Blushing,Red Collar,Tuxedo
5685,0.5,2069,82.14,https://alpha.art/t/9BxQ9fgXC7UCJueFoxJVX4VLgmRoGjJwDNZh6J6PDT8o,Golden Balloon,Halo Pink,Eyes Clown Normal,Rainbow,Backwards Cap,Tongue Out,,
5689,0.55,4640,64.18,https://magiceden.io/item-details/BTmTvMyRyqkxcZhVuHakiyWkCwryK8pHMQC25sL6fu1b,,Halo Black,Wink,Zombie,,White Mustache,,Purple Gold Jersey
5720,0.49,2346,80.36,https://magiceden.io/item-details/Djts2wGCEV8SFWfz57iDLmdU7JaRJm25arRwypLDUpcH,,Halo Purple,Round Glasses,Rainbow,Sombrero,Brown Mustache,,Box
5749,0.58,4590,64.22,https://magiceden.io/item-details/AyT9iLXuuzXGNG8xhmdX8ZfrQ97CaArECrg6otLhP5o6,Martini,Gradient Aurora,Eyes Happy,Black,,Smiling,,SuperHero
5756,0.32,1439,88.22,https://magiceden.io/item-details/6AQNUTzuzuVfJEA1B65ot6dXaJM3iS2GUvCkbYoMTjP9,Umbrella,Halo Red,Eyes Happy,Ice,Toque,Brown Mustache,,
5765,0.2,5429,62.32,https://magiceden.io/item-details/Ahzct7kYZzw1TRkdncK6uAysYEsEoBvJNark2T8AZxtJ,,Halo Ice,Eyes Clown Happy,White,,Brown Mustache,,
5776,0.5,1261,87.63,https://magiceden.io/item-details/6HkyWRzK6BpB24LYzn2t5RypyfhiBavMjtojoWiRRrmW,Magic Wand,Halo Ice,Eyes Normal,White,Rainbow Hat,White Mustache,,Astronaut
5781,0.477,3989,69.33,https://magiceden.io/item-details/6GkdriwLrBCwxYfVBvH2ei7f2pTmdaz8ohDD4He8bj2V,Four-Leaf Clover,Halo Black,Round Glasses,Zombie,,White Mustache,,
5798,0.477,3712,71.21,https://magiceden.io/item-details/2sxgvXzdKMXve2p5U2Br6h5hB6CpwNm6rzyJezbY8Z2T,Red Yarn Ball,Gradient Aurora,Eyes Clown Normal,Gray,Box Hat,Smiling,,
5858,0.8888,3148,70.93,https://magiceden.io/item-details/6Mo9urtNGJ94SmZEfv2JuKjFV142kF19fwAT1gPpYA4t,,Halo Yellow,Wink,Gold,Black Headband,Surprised,,Hawaiian Shirt
