id,price,moonRank,ðŸ’Ž score (%),storeURL,Back,Background,Body,Clothing,Eyes,Hat,Mouth,Neck
18,1.2,1206,88.69,https://magiceden.io/item-details/8JFsQXdBqvuiNTM6UvfspMNRwFGmuAtgtsBq8xBvQeWR,None,Blue Banana,Brown,White Turtleneck,Red,Brain,Tongue,None
122,1.8,2601,73.66,https://magiceden.io/item-details/6CGRDVHBP1XWLNHaqngCDncwnX8eNgQHQ1thqKDF6QMX,None,Sand,Pink,Bomber Jacket,Cross Eyed,Solana Mohawk,Grills,None
123,1.9,4226,62.15,https://magiceden.io/item-details/EakY6q7kcr8GYuYXjZbBDwLy2nGojvNnSaiLxudyfGAq,None,Aviation Red,Red,Bomber Jacket,Black Eye,Trippy Headband,Smile,None
124,1.75,5338,56.45,https://magiceden.io/item-details/CHrsB35FWVHpH4XtMTfu3VXKN5QFYECyLBnVwVKECupF,None,Deep Water Blue,Red,Denim Jacket,Angry,Solana Unicorn Horn,Serious,None
129,2.2,1996,73.58,https://magiceden.io/item-details/82vrQ4ZvFP2wSsKXa9mgwhqXV2TbNy6ZoVucvJqKC9F4,None,Sky Blue,Platinum,Captain Black,Sleepy,MHAC Visor,Rose,None
160,3,2377,63.11,https://magiceden.io/item-details/CCTnqXmYCucXMpxeXdhFJK84wpDsVWLK2h7LQxgfZwQQ,None,Aviation Red,Platinum,Solana Hoodie,Cross Eyed,Yankee Fitted,Sad,None
162,1.75,5008,58.59,https://magiceden.io/item-details/8SoojmHhQgcvMDh8iUYnTk4osggSyLDZj6kRCwfS5Bde,None,Sand,Albino,Bomber Jacket,Surprised,Banana Headband,Serious,None
173,1.75,4094,64.5,https://magiceden.io/item-details/H427gkaYwKL1TrPVY8FbFgsS2ShcNmV77cvmdCMMAco5,None,Blue Banana,Blue,Captain Black,Cross Eyed,Silk Durag,Big Smile,None
185,2,4548,59.06,https://magiceden.io/item-details/RXNcN6k3YHc2ZzFPQbow7A5XA3qfrRuE79xZZiG3imQ,None,Orange,Red,Green Jumpsuit,Blank,Oxygen Mask,Smile,None
202,1,3312,77.06,https://magiceden.io/item-details/2CtoFQtrxjp7yvn8KaCznN1W4Vb8B9tyjy7BVjDPdeTc,None,Pink Banana,Brown,Mafia Suit,Angry,MHAC Visor,Grim,None
214,2,2018,75.43,https://magiceden.io/item-details/5tTCDtrDHPvUssZdrEJNZ9YQZ3vonFk5qjX1rzfZFAwF,None,Lavender,Cheetah,Austin Powers Suit,Blank,Japanese Bandana,Money,None
216,1,1327,89.9,https://magiceden.io/item-details/GYtXfDHTypb5WAaPhLhkFSwfJgEibNTLjWJQfxdTJwsZ,None,Lavender,Brown,Black Logo Tee,Cross Eyed,Pirate Hat,Big Smile,Dapper Scarf
219,3,6100,39.02,https://magiceden.io/item-details/6onUBGGfNVAL9giSPxahYMsrxNvBDA53JBAjBi2EJdbj,None,Mint,Red,MHAC Hoodie,Sleepy,None,Smile,None
228,2,3584,65.3,https://magiceden.io/item-details/DB54rwUAouWykHWP7Y3dJhKKV6EncYbvaJLscZXJfRMA,None,Lavender,Blue,Drug Rug,Red,Trippy Headband,Big Smile,None
230,1.8,5233,56.63,https://magiceden.io/item-details/HLExArFbi2SehdNRUuxQvsw3So815v7tFn27g5zbTa2T,None,Yellow Banana,Brown,Drug Rug,Sleepy,MHAC Visor,Big Smile,None
231,1,6031,59.47,https://magiceden.io/item-details/3ecCcpCWR6hTZzyU9BWmchthE8zMPMzV4azvbVGCFZ7G,None,Sand,Red,MHAC Hoodie,Sleepy,None,Big Smile,None
232,2.1,981,81.14,https://magiceden.io/item-details/GARhqhPw4UvuYytzwmRHhGNTqzfhyFBo2djLivdbEP3b,None,Radar,Albino,Tie Dye Tee,Black Eye,WW2 Helmet,Rainbow,None
234,1.82,4433,61.61,https://magiceden.io/item-details/2gKaZpzNScjYkqTBJRLNJRctbY9LaZJyBg4W3kQvCXFz,None,Mint,Blue,Bomber Jacket,Stoned,Banana Headband,Fangs,None
246,1.79,4937,58.65,https://magiceden.io/item-details/BgtWqPxU7okebzFCtgsUXn91gyb2y195Z1wEJSRBdnyQ,None,Remove Before Flight Black,Red,Brown Mink,Cross Eyed,Backwards MHAC Cap,Smile,None
261,1.89,4862,58.13,https://magiceden.io/item-details/9B8HTZ1RCrT1Q6gBxGndBCC3GnAisjHMXLs9kGXHBi3y,None,Aviation Red,Brown,White Turtleneck,Sleepy,Pirate Hat,Bubble Gum,None
271,2.5,5174,50.01,https://magiceden.io/item-details/jgSSz9w22DcRgzkrLsXHPgSQCJx5yGU5KikLEduKaqy,None,Lavender,Blue,Wife Beater,Blank,Oxygen Mask,Serious,None
284,1.2,4416,67.92,https://magiceden.io/item-details/7nbQYKN2rdneFMwxqMCtmMBGvVYoEko9B88mvB437VbC,None,Sky Blue,Blue,Flotation Device,Black Eye,Banana Headband,Smile,None
292,1.74,5750,53.89,https://magiceden.io/item-details/4jnMnXHQVkCEzrbYTG66qcqgYPUBxCKmDtefHbktT6qm,None,Mint,Red,North Face Puffer,Angry,Silk Durag,Serious,None
323,1.751,5321,56.55,https://magiceden.io/item-details/7MXS3PJgJYDJohG4ncfvk8pGRjbaMentzpuT5AGcHFkK,None,Sky Blue,Zebra,None,Cross Eyed,Pirate Hat,Big Smile,None
346,1.6,2700,75.02,https://magiceden.io/item-details/3NKB45jA6Fy8SGY2LgDVRWPQbikTwLCKu7RWLSQ4XYWs,None,Mint,Zebra,Tiffany Biker,Surprised,Black MHAC Headband,Grim,None
368,1.5,3936,68.02,https://magiceden.io/item-details/AARdTNkyxak5Wc6bEkdYG9SHVCWQiogbivHqFmyyHZsL,None,Sand,Blue,Black Logo Tee,Stoned,Oxygen Mask,Fangs,None
396,1.89,5740,52.45,https://magiceden.io/item-details/4yiVKT6DGkLya3vGxt6MixwipG6qfUpg6NGesFAeiFRU,None,Deep Water Blue,Red,White Turtleneck,Sleepy,Banana Headband,Tongue,None
398,1.49,3266,72.46,https://magiceden.io/item-details/BMmKvdKZ8aP4AifTErULXiD815dPh84JieeUVPT9nCXT,None,Sand,Cheetah,Coogi Sweater,Blank,Green Mohawk,Smile,None
408,1.89,3544,66.66,https://magiceden.io/item-details/DPZiT6ruvogFPhmnwYwDbD3QpRjXSB3yntJbnWANpVrY,None,Mint,Red,Captain Black,Cross Eyed,MHAC Visor,Rose,None
427,2.5,4030,57.41,https://magiceden.io/item-details/9iqnRHPSdawverFyhkMxt6N9HhoUh4uBKLniEMDDSXD8,None,Pink Banana,Blue,Captain Black,Angry,Solana Unicorn Horn,Big Smile,None
447,1.75,5566,54.98,https://magiceden.io/item-details/G6PJrdVibSJcLWCJQF6gwPZ9WKYx3LeUs2tSJWWXiB77,None,Yellow Banana,Pink,Tie Dye Tee,Sleepy,Pirate Hat,Sad,None
453,1.75,4019,64.99,https://magiceden.io/item-details/7ZgyxGK68mhVBRLG4T9HjmF4cbgRo98tQFRYoEUZwnoE,None,Mint,Pink,Baby Blue Vest,Angry,Captain Hat,Big Smile,None
455,2.2,3719,62.43,https://magiceden.io/item-details/4FGUUn3k7qHqUp7mS6bwC9dKcTWdw9inEVTJHtbvU2kc,None,Aviation Red,Brown,MHAC Hoodie,Angry,Yankee Fitted,Rose,None
532,1,5825,60.8,https://magiceden.io/item-details/9zGY7TBBzMgRAPbJtPCmX31TCsGrnX6JDBHyPptk1fjb,None,Sky Blue,Pink,Brown Mink,Cross Eyed,Banana Headband,Big Smile,None
545,1.19,2154,82.65,https://magiceden.io/item-details/FQjttZn2k7QtTPBgZ9YjKaPKnyrNEfLT5ntbpBJim3gx,None,Pink Banana,Platinum,Black Biker,Angry,Yankee Fitted,Bubble Gum,None
546,2,3618,65.08,https://magiceden.io/item-details/8knGcXmyGytjFD2YhqgmHzqK2UsGHQuyT5TZZLX2grye,None,Remove Before Flight Red,Cheetah,North Face Puffer,Sleepy,Trippy Headband,Fangs,None
556,1.75,5973,52.34,https://magiceden.io/item-details/HyCQvGc46uYeoLW48MLVLxhYbAWbykdjyMrffmbB5Bz5,None,Sky Blue,Blue,North Face Puffer,Blank,Cowboy Hat,Sad,None
597,2,1564,78.37,https://magiceden.io/item-details/6U1DgwRb4tUWnFJap9UCExYaG9Vu1hPHh7YCyXSpedCm,None,Jet Engine,Blue,White Turtleneck,Stoned,White MHAC Headband,Grills,None
621,1.6,1015,85.92,https://magiceden.io/item-details/EqkKF37zrZzrq69wG1SfuYGgnU6CYH8XGEMyn7WDZkR5,None,Remove Before Flight Black,Brown,White Turtleneck,Cross Eyed,Trippy Headband,Grim,Dapper Scarf
624,1.75,3381,69.11,https://magiceden.io/item-details/afahrDtFqyfAaMVAK9MdKkEGEpXM2wQKn8cN178x8hY,None,Moon,Blue,Black Biker,Cross Eyed,Solana Unicorn Horn,Smile,None
648,1.8,3382,68.61,https://magiceden.io/item-details/Boz76rvBCRGRSAJM7HXKKUTGMXzTFqxoufJU3krVpsiv,None,Blue Banana,Brown,Ramp Vest,Angry,Cowboy Hat,Rose,None
650,1.11,4063,71.1,https://magiceden.io/item-details/2B2UYUshZqC4SwDJBzCE6M45NAkeLYw62h2htpNNeP7Y,None,Aviation Red,Albino,Blue Angels Jumpsuit,Sleepy,Pirate Hat,Smile,None
663,1.39,481,91.48,https://magiceden.io/item-details/6pKopfyNLp3W1idkJdra57h3BH3B4LKaj73N3AaM1T6E,None,Lavender,Cheetah,Solana Hoodie,Surprised,Brain,Cigar,None
664,1.79,1294,82.22,https://magiceden.io/item-details/5oKJBAQ7gz8w4e2capa1hLL8CCg1m7gU4JkdpJCTfLqA,None,Pink Banana,Red,Wife Beater,Angry,TopHat,Bubble Gum,None
674,1.66,5966,53.29,https://magiceden.io/item-details/CvPiKXZ6nPoV3ntvWtmm6GQqhdohKDwvv1PvQT7avW4F,None,Pink Banana,Red,Captain Black,Angry,None,Grim,None
679,1.3,912,89.59,https://magiceden.io/item-details/28kn4xJ4HxqXBQRd6UArfsP11jit6EZu5KxLGoAZv7ot,None,Lavender,Red,Mafia Suit,Red,Oxygen Mask,Grills,None
698,0.87,5778,62.4,https://magiceden.io/item-details/9n5udffNBTonVsvgpQpgCogzscxvvDikRnEtTT4RcPnv,None,Sand,Pink,None,Cross Eyed,MHAC Visor,Tongue,None
703,1.7499,2251,76.43,https://magiceden.io/item-details/5R4aRYysfaojB8KB1zZWtKePm21heAPojjCP5GVkgDqm,None,Pink Banana,Platinum,Hawaiian,Cross Eyed,Black Devil Horns,Grim,None
719,2.5,2499,67.32,https://magiceden.io/item-details/2fHdAfFkF1k78Q1JcrUSKMNix8NUJ6mkM62KNrXmiAfA,None,Yellow Banana,Rainbow,Black Logo Tee,Sleepy,MHAC Visor,Serious,None
741,2,2597,71.69,https://magiceden.io/item-details/BKH4ddcYnb2LetkqXBghe64RHuzoMkBkVrcWtosoyghN,None,Lavender,Red,Tuxedo,Angry,Fez,Fangs,None
751,2.5,3754,59.2,https://magiceden.io/item-details/85Gw935DmNHm8xcSeTZhPBi9exvrGXuPMAYdjseV38cq,None,Moon,Blue,North Face Puffer,Cross Eyed,Solana Unicorn Horn,Serious,None
758,1.88,1366,80.85,https://magiceden.io/item-details/7HjtFvhbqoojsdhZQFFpaPdkWsfmZT6A3bKa3bqMNeBB,None,Mint,Brown,Ramp Vest,Popping,Backwards MHAC Cap,Grills,None
769,1.9,3829,64.71,https://magiceden.io/item-details/7BZR3iHQbrMXkCKu4u3JDmAx4T1aaHceonVEPRh9hRGS,None,Orange,Red,Drug Rug,Surprised,Japanese Bandana,Cigar,None
795,1.75,1386,82.02,https://magiceden.io/item-details/2wQMedPJRW2xLTgupRHf6KfyHYucSABczrBbfEMUqYP9,None,Steel Gray,Brown,Wife Beater,Cross Eyed,NVGs,Smile,Dapper Scarf
823,3,1977,65.7,https://magiceden.io/item-details/HxvFJzExa6G6Xdp3grL57mCcpJuPKgcXKnP1aHGX4jLH,None,Orange,Pink,Baby Blue Vest,Red,Chef Hat,Bubble Gum,None
824,1.6,3342,70.87,https://magiceden.io/item-details/C1azfu3sbeZvHRCVMRvoMpQjbte42AWvVyTsubi446H,None,Orange,Cheetah,Wife Beater,Solana,None,Serious,None
827,2.69,2087,68.09,https://magiceden.io/item-details/3hXDojTJJp2NDEHqHxfc25QYsSD47tDXao6cmmGMaik1,None,Aviation Red,Cheetah,Tie Dye Tee,Solana,Chef Hat,Sad,None
858,1.8,2113,76.82,https://magiceden.io/item-details/7nDrL7o612DUXqy1kdhwEHeidfaNofXe8eCGMfviKrh5,None,Remove Before Flight Black,Gold,Green Jumpsuit,Surprised,None,Rose,None
868,2,3717,64.44,https://magiceden.io/item-details/WX2nQYfrXTKEi8FN5mCmi2b6oKSEKajD2HnXXvkDSVq,None,Deep Water Blue,Albino,Tie Dye Tee,Stoned,Pirate Hat,Bubble Gum,None
883,1,502,95.24,https://magiceden.io/item-details/Cj1DejzUDyzvzpS7B1YDihSfhEnVw2exDTEzC9imo6eA,None,Yellow Banana,Rainbow,Red Track Suit,Black Eye,None,Smile,Dapper Scarf
955,1.99,1781,77.07,https://magiceden.io/item-details/ASW4mgWS7oHxKuQpX1B9ej2s63Mfh7N6ceEcspopmrS7,None,Jet Engine,Pink,Captain Blue,Angry,Orange Beanie,Cigar,None
962,2.1,684,83.06,https://magiceden.io/item-details/6pBQH7L2KUzq3hwAV8bjxS8FMtyCmTFx7NTdX4HxNaRH,None,Radar,Pink,Green Jumpsuit,Angry,MHAC Visor,Platinum,None
996,1,4021,72.47,https://magiceden.io/item-details/AAnKHCP1pKVEYUGXNDYL5b1GBLXHBN2CmDzhjrsV7hqm,None,Remove Before Flight Red,Cheetah,Wife Beater,Angry,Backwards MHAC Cap,Serious,None
1021,2.6,3910,57.19,https://magiceden.io/item-details/4yg9W5CwAqmeSifdQzmTrWvS88NRDUMDYM9eGXLVDS4e,None,Pink Banana,Red,Tiffany Biker,Angry,Backwards MHAC Cap,Tongue,None
1080,1.05,2869,79.43,https://magiceden.io/item-details/FSgbVJK2s2JSEjSin8xVxyqQ8guokyzNVFWBaDmjftPg,None,Remove Before Flight Red,Cheetah,Green Jumpsuit,Blank,Solana Unicorn Horn,Serious,None
1125,1.85,650,85.78,https://magiceden.io/item-details/DAqr4mUEv3ViCCucp8ZENafHybr4Dxk5ZadDaEodmjkx,None,Lavender,Albino,Ramp Vest,Popping,TopHat,Smile,None
1162,1.75,4928,59.1,https://magiceden.io/item-details/GsdE4fb1zH8H5vbDRnKW3bA7oAQotWYS5fs8LQpQ7nf7,None,Sky Blue,Cheetah,Coogi Sweater,Cross Eyed,Chef Hat,Serious,None
1163,2,309,86.49,https://magiceden.io/item-details/As1PR1RgSYWJYddGBh8ShhTznzpHe2kwe87A3BNYc8NB,None,Steel Gray,Gold,Austin Powers Suit,Cross Eyed,Bose A20s,Fangs,Dapper Scarf
1166,2,4582,58.84,https://magiceden.io/item-details/BtY942w4QaWWygKeVmxu72t3zTQZkW4Y3BA9jSrWM3n3,None,Blue Banana,Blue,Ramp Vest,Angry,Military Boonie Hat,Sad,None
1266,2.25,5717,49,https://magiceden.io/item-details/13KBrqTtfY72Uaa4b9rjhvf8MkcQTBrZcvUVj8rQhtxv,None,Orange,Brown,Drug Rug,Angry,None,Money,None
1345,1.75,4484,61.98,https://magiceden.io/item-details/HE1xhd7yaGr5fTr3N29QsiKaNtJ4uFfr3J3JWsayJMTD,None,Pink Banana,Blue,Drug Rug,Surprised,Mafia Hat,Grim,None
1353,2,2808,70.32,https://magiceden.io/item-details/5jezTwJC65Xvi4YqN61Y2wo59FQEZN4qYfapjx3rCvEQ,None,Aviation Red,Zebra,Ramp Vest,Surprised,Captain Hat,Smile,None
1359,2,2602,71.65,https://magiceden.io/item-details/6R9JJyDgP6JqSS98PQsKdZNSedWtx1KUX3htizexCLST,None,Remove Before Flight Black,Pink,Hawaiian,Surprised,Black Devil Horns,Bubble Gum,None
1376,0.9,6054,60.32,https://magiceden.io/item-details/DwrRvB6tGspDEeGvvQm1r2682o9m5irvCD3pbNuYCBgX,None,Steel Gray,Albino,Flotation Device,Surprised,None,Grim,None
1378,2,4769,57.63,https://magiceden.io/item-details/94MGyE7xBY2gfkWpGuqLj1SKEofhwNAqkryAYp7TBUvL,None,Mint,Blue,Denim Jacket,Angry,White MHAC Headband,Bubble Gum,None
1379,2,693,84.01,https://magiceden.io/item-details/3xj6rDBQABZDcnXWjFYkWggzYuaUGeZfpwdAoBApPwWH,None,Moon,Albino,Mafia Suit,Sleepy,Pirate Hat,Cigar,None
1382,2.5,766,78.53,https://magiceden.io/item-details/4fcUgeUMwpGP2k1DRjhH8sHyUDpVdWfRn6NPxUKzMcFm,None,Blue Banana,Red,Black Biker,Blank,Folded Hat,Smile,Dapper Scarf
1393,1.49,4735,62.95,https://magiceden.io/item-details/Fye28FrBBt1d21ZDK4SrpKKRbu15TfYisN8EYJR2oRFf,None,Deep Water Blue,Zebra,White Turtleneck,Cross Eyed,Fez,Smile,None
1411,1.9,4311,61.6,https://magiceden.io/item-details/Bf6TjhWtJGsujFdfUABg47cPHFTYrMeTaXvZPU8ZJnNx,None,Steel Gray,Red,Black Biker,Stoned,Green Mohawk,Big Smile,None
1412,1.75,3686,67.14,https://magiceden.io/item-details/KdmpRoDyjrN87QcskhrnBH31KQS8kHm8R5gFBVUQL7b,None,Yellow Banana,Blue,Red Track Suit,Red,None,Rose,None
1427,0.9,4777,68.58,https://magiceden.io/item-details/BSa2Nf1rCWTqJm9ZoPDEKLrMaMweF15yP53LSfniZKta,None,Sand,Red,Baby Blue Vest,Cross Eyed,White MHAC Headband,Serious,None
1431,1.7,4594,61.76,https://magiceden.io/item-details/5MJaLcRwefvpwib1Fz99j3H4QyuaqQDo2uhmHhshsS1v,None,Sky Blue,Blue,None,Blank,Unicorn Horn,Grills,None
1433,1.85,3937,64.52,https://magiceden.io/item-details/E5tD9uvpGwL2tQ2DVu7US2gqzgzYk8LnG7p1GzqTRCFx,None,Yellow Banana,Pink,Bomber Jacket,Popping,None,Bubble Gum,None
1444,1.75,4349,62.85,https://magiceden.io/item-details/2C8e8hY6CVJyoAfT3vRbgVGcaazinkuZ8gycgYDM5qs5,None,Aviation Red,Pink,Black Logo Tee,Angry,Dunce Hat,Rose,None
1447,1.42069,877,88.61,https://magiceden.io/item-details/2VvDG1LNgeqyRbDBktcNZ2Mm1TkRbus45fnWP6MtuKcp,None,Blue Banana,Red,Drug Rug,Surprised,Folded Hat,Sad,Dapper Scarf
1448,3,861,72.92,https://magiceden.io/item-details/8oLFpgWmKGBL8FkwQEeNCoVjGaw9Fcir23e1hTfC1L17,None,Radar,Blue,North Face Puffer,Sleepy,Psychedelic Captain Hat,Smile,None
1465,1.75,4384,62.62,https://magiceden.io/item-details/EyjHXr9FheEi1Ef3gMWK5rH7J3BN8ZrJjkdi7iSQwQ2o,None,Aviation Red,Brown,Brown Mink,Sleepy,Pirate Hat,Rose,None
1480,1.2,4436,67.79,https://magiceden.io/item-details/58cLW6aS5Enk8HzE4fTYZvX5D865B8S28xiaYdRhGHaw,None,Sky Blue,Brown,White Turtleneck,Red,Fez,Sad,None
1492,1.75,982,84.64,https://magiceden.io/item-details/Cn11QPm3vBH1JasYjj1xSKJs1RxvGF5ZtX3kDoAipuJN,None,Steel Gray,Blue,Coogi Sweater,Cross Eyed,Cowboy Hat,Rose,Dapper Scarf
1565,1.25,5885,57.91,https://magiceden.io/item-details/Da1nfYvZnznCM38w2jxpRxJ8zCdxVSbu2qosQBLcBpa4,None,Sky Blue,Rainbow,Tie Dye Tee,Angry,None,Grim,None
1587,2.5,1385,74.53,https://magiceden.io/item-details/E7pj5cdop5v5XeE4z6hux46j2mY4x8WwX3ygFb4Eb6B5,None,Sand,Cheetah,Tie Dye Tee,Blank,Red Devil Horns,Rainbow,None
1605,2.2,3878,61.4,https://magiceden.io/item-details/pjHi6QZRBiZ982QAaCL4EeZr3jyjqtU6nJfD11BPBrY,None,Orange,Rainbow,Tie Dye Tee,Angry,Orange Beanie,Serious,None
1616,2.4,5003,52.12,https://magiceden.io/item-details/BZURRMdJHn9sRDxEQrLdd3qqA3iJbjcx4VCy8uwkScUm,None,Yellow Banana,Brown,Black Logo Tee,Angry,Japanese Bandana,Bubble Gum,None
1645,2.5,338,81.3,https://magiceden.io/item-details/8nD92KqjWZVTCfN6eRgdtx9ZrdxoiKvE8cMuNiHtYP1N,None,Lavender,Blue,White Turtleneck,Black Eye,Bose A20s,Cigar,Dapper Scarf
1648,1.41,2615,77.47,https://magiceden.io/item-details/Ed81amupR6wzHQv2guRkFnk4BwZk6f9cgaQ1KioEDebE,None,Yellow Banana,Brown,Drug Rug,Blank,Black Devil Horns,Grills,None
1666,2.6,6036,43.43,https://magiceden.io/item-details/49wmQFMHBCsKSdMXX2xJN94YVkDfrezh36SrmryPpaek,None,Sky Blue,Blue,Drug Rug,Sleepy,Chef Hat,Sad,None
1669,1.73,5201,57.54,https://magiceden.io/item-details/8bpuGTtZGu4mQyfnTmRMreK1Ehhn3fjCnoE4DQadfh5V,None,Yellow Banana,Blue,None,Cross Eyed,Mafia Hat,Tongue,None
1673,1,6167,58.59,https://magiceden.io/item-details/DeLr4DNMzZKTxBHG2Wz1APxuBDpHgZeuqfcytrEL6r6h,None,Steel Gray,Albino,White Turtleneck,Surprised,None,Sad,None
1677,1.75,2751,73.19,https://magiceden.io/item-details/3EuNX8hcShbeR7zbx2EM5PbvewADwr3kBfWRafZ7XVuE,None,Lavender,Gold,Wife Beater,Surprised,WW2 Helmet,Sad,None
1731,2.9,389,76.97,https://magiceden.io/item-details/7SBRzwBDPRbBNKZyCiQsRWmBB9nHvWP2aXoZo1jmEzM5,None,Fine Gold,Cheetah,Austin Powers Suit,Angry,Fez,Tongue,Dapper Scarf
1743,1.65,4216,64.71,https://magiceden.io/item-details/9BriJMwzrSVbBM5PMP1njmpex1Z1vo1zQXcjrRsmLKzG,None,Remove Before Flight Black,Red,Tie Dye Tee,Stoned,Yankee Fitted,Tongue,None
1749,1.85,4197,62.83,https://magiceden.io/item-details/9v4pXqgRYXQ141FESThfrbkMboR6GGGQDHPrp1cVX5Jr,None,Yellow Banana,Red,Brown Mink,Sleepy,Tinfoil,Serious,None
1788,1.5,2142,79.63,https://magiceden.io/item-details/FsPgLkr1SgPRNWU8jVGvuvGzMQoE4ooZdCtxdNqEzoQZ,None,Remove Before Flight Red,Pink,North Face Puffer,Popping,Black Devil Horns,Serious,None
1824,2.2,4356,58.3,https://magiceden.io/item-details/7hw4bGCyzWrq1X3F8KYMHvk3Ts722Nen3ubeXvwhhfJy,None,Mint,Zebra,Black Logo Tee,Angry,Black MHAC Headband,Serious,None
1854,1.1,2942,78.45,https://magiceden.io/item-details/6wzxK7c32ry4Qb3pobGHuw19x8wEQkNiTTouRM9ZpxEi,None,Sand,Albino,Austin Powers Suit,Blank,Tinfoil,Sad,None
1855,2.1,2542,71.04,https://magiceden.io/item-details/8JMxXFEF9eozKU2csGLEu4XkV1RqC8CQWgsT5cTocbQ7,None,Deep Water Blue,Blue,MHAC Hoodie,Black Eye,Tinfoil,Tongue,None
1857,2.5,3742,59.28,https://magiceden.io/item-details/CEpZmcZY2cSLLSYY44o83xjBjiyySPYNfnPhzmcm5vMw,None,Remove Before Flight Red,Pink,Bomber Jacket,Blank,Solana Mohawk,Grim,None
1873,2.5,117,82.73,https://magiceden.io/item-details/44mctXyUKarvaWwNpa9DsaK9vB6aGQVfe81foZgxh8NU,None,Moon,Cheetah,Denim Jacket,Surprised,Yankee Fitted,Cigar,Airplane Gold Chain
1882,2.23,2363,70.9,https://magiceden.io/item-details/2uENsV9YcLjpcT5cMxgx6HveMaDgQg2R1wL1J2qBdDVa,None,Sky Blue,Brown,MHAC Hoodie,Cross Eyed,Mafia Hat,Money,None
1896,1.76,3865,65.88,https://magiceden.io/item-details/8xDNoRvrbf5S5aAPjYy1tLYwZsVvSMVXkewkRWzD3oSo,None,Jet Engine,Albino,None,Surprised,Solana Unicorn Horn,Serious,None
1906,1.8,2435,74.73,https://magiceden.io/item-details/FzQsQZSPEnMgMSF9h2tttkm7fh6QauX5XoVUgznZR9uz,None,Steel Gray,Gold,Bomber Jacket,Surprised,Tinfoil,Grim,None
1907,1.369,4227,67.45,https://magiceden.io/item-details/EnDvzykb1Kf7LoZemaeCjAPvMWJXK3fs3phhp6eJTr2N,None,Yellow Banana,Blue,Ramp Vest,Cross Eyed,Captain Hat,Smile,None
1920,1.749,3549,68.04,https://magiceden.io/item-details/3kmH5s5GvgJ39W6CZYVxe592NyGkKdecoKGwdSG5EkNp,None,Sky Blue,Blue,Black Biker,Stoned,Tinfoil,Fangs,None
1924,2,3099,68.44,https://magiceden.io/item-details/rE422xzGjRd7Hd99GPehuj5TtE4KV3JFgrkGJxfsGpc,None,Sand,Albino,Black Logo Tee,Surprised,Black Devil Horns,Rose,None
1928,3,2769,60.57,https://magiceden.io/item-details/54u4XrX39MLiihscdnDStczMd3sXySnvK4NMphq8EWWJ,None,Remove Before Flight Red,Platinum,MHAC Hoodie,Black Eye,None,Smile,None
1934,1.85,5873,51.99,https://magiceden.io/item-details/7BPcVEnqPZ5R3CJ667QpmnDkztmL79ZUf3EMWK3Ku72G,None,Sand,Brown,Denim Jacket,Blank,None,Rose,None
1940,0.87,2657,82.6,https://magiceden.io/item-details/GX5F7DFumkY3hw7HkTKGgdvxTdDE3P6bhM9C4FncyRC3,None,Steel Gray,Gold,Coogi Sweater,Sleepy,Yankee Fitted,Fangs,None
1969,0.88,6073,60.4,https://magiceden.io/item-details/8pV4ana1QjRcQXsnGJqg3UNHCjmEaSUZ6vceQBxxHmFh,None,Steel Gray,Red,North Face Puffer,Surprised,Japanese Bandana,Sad,None
2027,1,883,92.78,https://magiceden.io/item-details/2M2xJ3yoeg19VLBKavk2Xk14oN3Hjdid4HxyXMMtSMg4,None,Moon,Blue,Jedi,Sleepy,Unicorn Horn,Fangs,None
2058,2.7,3327,59.96,https://magiceden.io/item-details/26DXEXC37UeTnXoWt2Kn3gwttKideBapfZ3rwnMbi8Ms,None,Remove Before Flight Black,Blue,Green Jumpsuit,Sleepy,Captain Hat,Sad,None
2070,2.1,4861,56.04,https://magiceden.io/item-details/7abdg7BY7acaHZ9XDotemiEXRefsWvFULnVMFHuQMnwC,None,Steel Gray,Rainbow,Flotation Device,Angry,None,Big Smile,None
2084,1.75,5574,54.92,https://magiceden.io/item-details/3Ppg8UZoBYeifDnLhDFwyeh37WkiNizQzxyQfsPJypLP,None,Aviation Red,Blue,White Turtleneck,Angry,Military Boonie Hat,Sad,None
2111,2.5,901,77.66,https://magiceden.io/item-details/AaMTCnn6wCS2RZDcLDpyAMsRCfNgauQtxgjRS23Kpa9J,None,Yellow Banana,Blue,Hawaiian,Angry,None,Grills,Airplane Gold Chain
2112,1.8,1139,83.12,https://magiceden.io/item-details/EzxYXMcRSJFC9UMmKQqGnhccAcPdSJHyNZ3FtsYFTSK5,None,Mint,Pink,Tie Dye Tee,Blank,Oxygen Mask,Fangs,Dapper Scarf
2169,1.75,2996,71.6,https://magiceden.io/item-details/5t4A3Jwc84S8wsCeg3u1uyXNnTDmAdXWNtHMHkL6UFFg,None,Jet Engine,Brown,Bomber Jacket,Surprised,Mafia Hat,Sad,None
2204,1.6,2075,79.06,https://magiceden.io/item-details/2iQoYHtTHUceSyXHnu9sgurWRRiwE6Cftq7YMzXr2ZjF,None,Radar,Pink,Drug Rug,Sleepy,Bose A20s,Cigar,None
2219,1.4,1560,84.4,https://magiceden.io/item-details/CrDoS424TvoHeuAhKN9YAwruTf1xVvVGqkZKYiCsUH7d,None,Steel Gray,Blue,Drug Rug,Blank,Bose A20s,Big Smile,Dapper Scarf
2231,1.9,6122,49.88,https://magiceden.io/item-details/EyRAmqWaFeJ8B3eaSHFXfUNxTfD9NfYUcuVBPqcQpVCj,None,Steel Gray,Cheetah,Hawaiian,Blank,None,Sad,None
2234,1.5,2074,80.07,https://magiceden.io/item-details/HbDGBLw96TqDxYsHx2s415HeEKBDnza4Z8zduPMF7CNr,None,Steel Gray,Red,Denim Jacket,Blank,Green Mohawk,Rainbow,None
2246,2,3848,63.59,https://magiceden.io/item-details/7HTeNvhMYRq7v9JYTW824ktfcMUnBjTW6KqMGcjYeeYr,None,Steel Gray,Cheetah,Black Logo Tee,Angry,Mafia Hat,Bubble Gum,None
2258,1.19,716,91.96,https://magiceden.io/item-details/F2fqFT9W1MrgbYt4EsUBWoT49Qh6VP4vJ7JvGznTxUBC,None,Deep Water Blue,Red,Solana Hoodie,Surprised,Oxygen Mask,Smile,Dapper Scarf
2263,1.8,1128,83.19,https://magiceden.io/item-details/QqD6GNgw2yPdrMgqD4QgTB7xQ8Hitw6UyhLkrk7Dg7F,None,Mint,Zebra,Austin Powers Suit,Angry,Cowboy Hat,Rainbow,None
2280,1.8,5221,56.71,https://magiceden.io/item-details/7ueUPaNh7XSmwifDZU4Rku4qArVEKnGKVwQHwzzCPXUp,None,Sand,Pink,Brown Mink,Surprised,WW2 Helmet,Grim,None
2282,1.41580407,289,92.46,https://magiceden.io/item-details/ngbxnxHWaMPy5wGyePYM7NNXrniQZUkHDMGJGYZe3s2,None,Pink Banana,Gold,Black Biker,Angry,White MHAC Headband,Big Smile,Airplane Gold Chain
2295,1.9,3023,69.93,https://magiceden.io/item-details/2RgULXketHFuqZ3guXTWEY446YoN7Feaha9fDkHQxecV,None,Aviation Red,Red,Wife Beater,Stoned,Green Mohawk,Fangs,None
2314,2,4062,62.21,https://magiceden.io/item-details/HaV8KLaRjvCu5vgVJrefa42S3bNcqcVot3Uq1LTRr2re,None,Sky Blue,Blue,Austin Powers Suit,Stoned,Solana Unicorn Horn,Tongue,None
2330,1.25,2837,77.63,https://magiceden.io/item-details/3YrrQiCUnZ4CH2QScuUHahRWtzeprbuWYhEC3csJq72A,None,Sand,Albino,Dashiiki,Cross Eyed,Tinfoil,Tongue,None
2365,1.1,2825,79.21,https://magiceden.io/item-details/9ihntHAyFa7jpRwodbzDJNAwdgdUSx6r87vc2sqec3Mp,None,Sand,Cheetah,White Turtleneck,Cross Eyed,None,Platinum,None
2372,3,3372,56.67,https://magiceden.io/item-details/GcxBKQBTuUhXUxzWwFV3og5frkJjFBjW5rfacJZgcbFP,None,Blue Banana,Zebra,North Face Puffer,Blank,Fez,Fangs,None
2388,2,4599,58.73,https://magiceden.io/item-details/8hLAiNNS89Hia2BnGxEZaCTxJTfkk7BzSgUFz3qoQEWn,None,Yellow Banana,Pink,None,Black Eye,Unicorn Horn,Smile,None
2402,1.88,2049,76.43,https://magiceden.io/item-details/HiVwSnpvcXNjgwANxsinZoUS453CihTC7YDzuKz7jPdQ,None,Blue Banana,Red,Blue Angels Jumpsuit,Black Eye,Green Mohawk,Grim,None
2407,2.15,2094,73.44,https://magiceden.io/item-details/GKT9hMiakzUAU1V8iU4CwdB1K5qybfewSQDKT9LMCzKF,None,Sky Blue,Rainbow,Tiffany Biker,Sleepy,Unicorn Horn,Big Smile,None
2415,2.5,3182,62.9,https://magiceden.io/item-details/7iWwN79BGRCDkPjXBsm4EU8JkWm28jbyan4a5rXz8V3B,None,Pink Banana,Blue,Austin Powers Suit,Angry,Tinfoil,Sad,None
2425,1.97,1673,77.97,https://magiceden.io/item-details/2UtqkEaedduuYcj7yPMWKRQc6txXLmFEmZVi1fRbLrqf,None,Moon,Albino,MHAC Hoodie,Blank,Banana,Smile,None
2428,1.76,5323,56.45,https://magiceden.io/item-details/4283e7XP6vJrddsFMo5eUtigJWvhPLst2dMTvt8597Hp,None,Remove Before Flight Red,Brown,Drug Rug,Red,None,Grim,None
2478,2.1,4334,59.45,https://magiceden.io/item-details/SnAy2wMd5Q9392gYDd5RQTXuHuXYkdGivzcV2YWx66P,None,Mint,Blue,Ramp Vest,Cross Eyed,Mafia Hat,Big Smile,None
2488,0.88,2028,86.57,https://magiceden.io/item-details/8MtccRN8ZZqTE3qUs5Q76xcmg5NxqW8ZbWD1i3HNhNte,None,Sky Blue,Red,Tie Dye Tee,Pink Glow,Captain Hat,Rose,None
2489,1.3,1490,85.85,https://magiceden.io/item-details/BMcx9oj7Y6mTi1ZT3HXfYtbfjfqKRfABK2g1QSxEYrjX,None,Moon,Zebra,Austin Powers Suit,Cross Eyed,Trippy Headband,Sad,None
2494,1.75,5163,57.58,https://magiceden.io/item-details/AMw2B75wSs2ttzWXPsKqej1HfTisTQXDzzsvx1AMPzmV,None,Deep Water Blue,Brown,Hawaiian,Angry,Black MHAC Headband,Big Smile,None
2508,2.99,854,73.06,https://magiceden.io/item-details/AHYXL3KW1XSqe1xBabcdJcfMMyiHSzjTiRDV8RUPfSzZ,None,Lavender,Red,MHAC Hoodie,Angry,Black Devil Horns,Grim,Dapper Scarf
2536,1.5,3309,72.08,https://magiceden.io/item-details/DPfHohutcAChJJ55w9LYeBmeGZ4RMMKDG8Ne4ovrYMkT,None,Pink Banana,Blue,MHAC Hoodie,Sleepy,Solana Unicorn Horn,Bubble Gum,None
2555,1.25,1964,83.28,https://magiceden.io/item-details/5oKf7EBdNuYWpP1izKqvVmXRHhdWAef5APcjM6eaZWw2,None,Pink Banana,Pink,Tiffany Biker,Sleepy,Red Devil Horns,Bubble Gum,None
2556,2,3009,69.02,https://magiceden.io/item-details/6Nx8Nfg77DxxB712B5u1BKTfuGWqGvGznza5zZwWHNAm,None,Steel Gray,Gold,Wife Beater,Surprised,MHAC Visor,Serious,None
2616,1.4,1883,82.31,https://magiceden.io/item-details/6QKJPVaAKmirbJ1yjVEUB1dX1fMvPuAuTMoGWrfcQ3Ax,None,Yellow Banana,Brown,Solana Mink,Popping,Backwards MHAC Cap,Smile,None
2636,0.849,2561,83.43,https://magiceden.io/item-details/GLtr1fuiMvHDFBnmCHi7ddWEv26tkanRAf23ftzWZH8Y,None,Sky Blue,Gold,North Face Puffer,Cross Eyed,Folded Hat,Fangs,None
2670,1.5,4172,66.5,https://magiceden.io/item-details/EZAcNAQJxsXJSpMfbh3z1YiHMd6SPpqjdyxQuwQ1tXqS,None,Yellow Banana,Cheetah,None,Angry,Red Devil Horns,Smile,None
2715,2.23,3720,62.12,https://magiceden.io/item-details/9iowbvU9Xtqxevt3jbXUC1Q7PyH6bjaHRyQExfVvZGJd,None,Radar,Pink,Black Logo Tee,Surprised,Trippy Headband,Serious,None
2736,1,4219,71.19,https://magiceden.io/item-details/6TAtkxHSqC9bkFQrcSaUmZ1gwgMMV3mfDEQzV7MWUKqY,None,Aviation Red,Blue,Ramp Vest,Sleepy,Red Devil Horns,Smile,None
2756,2.22,2587,69.55,https://magiceden.io/item-details/BJh87TdqEXAXpfe3NJs89g9B2QdosULJqwLeJSFExVN5,None,Lavender,Albino,Hawaiian,Fire,Backwards MHAC Cap,Smile,None
2768,2.1,2945,68.43,https://magiceden.io/item-details/DFWG27Z55mzGGG8cTk52rKQZQmisDQsvFLp6v3dzsDAT,None,Cockpit,Red,Wife Beater,Cross Eyed,Backwards MHAC Cap,Fangs,None
2842,1.76,2659,73.69,https://magiceden.io/item-details/4zRMBd9vJEezBAmHWPvoi9nuYav8q2f3fo7jFLtu5WvN,None,Remove Before Flight Red,Albino,Wife Beater,Blank,Banana,Fangs,None
2849,2.5,6057,44.3,https://magiceden.io/item-details/KW6Mge1y5EoqFxQN35n9EjkQ96s8JtEhKLFvWLQHUgY,None,Steel Gray,Blue,Black Biker,Angry,Orange Beanie,Sad,None
2851,2,3981,62.73,https://magiceden.io/item-details/8PSz4VzpWs6SLBvCKjoFRPJw33RHvutumWpkfmwe7s7N,None,Orange,Albino,Flotation Device,Blank,MHAC Visor,Grim,None
2868,2.5,4650,53.4,https://magiceden.io/item-details/CHgHczmLqsBnCxfREg6c8oKoQdghdvpkHMNSiKES9CzX,None,Fine Gold,Brown,None,Surprised,White MHAC Headband,Sad,None
2883,1.75,5066,58.21,https://magiceden.io/item-details/HG2wMrtH1aKKNhtJ7BsKMyoBiRe3htFmpxG5HmQ8SvvA,None,Deep Water Blue,Albino,Drug Rug,Cross Eyed,Banana,Sad,None
2922,1.76,3391,68.95,https://magiceden.io/item-details/Fcuke2Xh9nrvHL6CYGsPKqGXYi4QFqVYETzmtpDJgjZ6,None,Fine Gold,Red,Tie Dye Tee,Angry,Military Boonie Hat,Bubble Gum,None
2938,2,4372,60.2,https://magiceden.io/item-details/BQKy25p4cpo2ZVtyxRzzrYnojKDrboRSuqxSmKLauE9W,None,Blue Banana,Blue,Bomber Jacket,Sleepy,Mafia Hat,Tongue,None
2942,1.8,6061,51.27,https://magiceden.io/item-details/3wP7g9oZNMVt61vxtiQyDg5komwjRbjsS8DJ1BmGT7mV,None,Steel Gray,Red,None,Cross Eyed,Black MHAC Headband,Grim,None
2980,2.1,5968,48.87,https://magiceden.io/item-details/2FZpQaSUoQ3hDu96abzDeJMPDutsjcMwcACbFfURUJwT,None,Sky Blue,Cheetah,MHAC Hoodie,Surprised,None,Sad,None
3002,2.5,4728,52.9,https://magiceden.io/item-details/J9NnZ6tChsM9wPQojVRyVL7QuZk82SNRTDTP6DV6vZot,None,Fine Gold,Blue,Bomber Jacket,Sleepy,Orange Beanie,Tongue,None
3031,1.79,2524,74.26,https://magiceden.io/item-details/38Fx2DPoLRbEEfWMbfdKRfLoBjSdmcUPPqcvxyfgqaNS,None,Fine Gold,Pink,Drug Rug,Blank,Black Devil Horns,Rose,None
3039,1.75,3352,69.3,https://magiceden.io/item-details/DCLhvEpaxDiDo9dfhtdhvMMASZUau3dfFWm5eXSFZean,None,Sky Blue,Rainbow,Captain Black,Black Eye,None,Big Smile,None
3058,1.9,2250,74.93,https://magiceden.io/item-details/Cy8tELigfrxFeu4W81KhnqzrCyGzbpDTQgncA31pYZ4g,None,Sand,Red,Blue Angels Jumpsuit,Popping,Backwards MHAC Cap,Sad,None
3084,1.2,3432,74.28,https://magiceden.io/item-details/CESMqwmQtLUo7vVAfj5PpqC9Gq536JUAgMiBTM6HuYZW,None,Pink Banana,Pink,Blue Angels Jumpsuit,Surprised,Dunce Hat,Sad,None
3091,1,4195,71.35,https://magiceden.io/item-details/6QjrFNeVWfnpEEgqYR6x1DfFWy7xSqBL9Vh9BfbTarpf,None,Lavender,Brown,Solana Hoodie,Angry,WW2 Helmet,Big Smile,None
3106,3,3964,52.84,https://magiceden.io/item-details/EQrnGwRLpiMALG9TAtaXoFN3TVMv15P2wQdnujmthuNF,None,Steel Gray,Blue,North Face Puffer,Angry,Brain,Tongue,None
3145,0.85,3655,76.34,https://magiceden.io/item-details/Bwczz2pfWziU3w52nrz25VxyYP2jvzBLTN4auPi7VbD2,None,Lavender,Brown,Dashiiki,Sleepy,Captain Hat,Serious,None
3148,1.9,3111,69.36,https://magiceden.io/item-details/EKhFDXZCr1dRX4gpB5q8pnffFueomLrxE1m4rRr9FD13,None,Sand,Red,Tuxedo,Blank,Banana Headband,Smile,None
3158,1,4323,70.52,https://magiceden.io/item-details/FqjnrpW3PdfA8oYyS8us1pYRWHmhwCwWQUyZs65SqnYQ,None,Radar,Brown,Drug Rug,Blank,Dunce Hat,Smile,None
3165,1.8,1612,80.06,https://magiceden.io/item-details/3wTDYhazgu3cYpxiBq3YpMm3Tdz3ZDix3XUAkZZEmLdS,None,Steel Gray,Platinum,Solana Hoodie,Stoned,Captain Hat,Sad,None
3169,1.85,2325,74.95,https://magiceden.io/item-details/uv5YBxByAppxuYj5JJoX2TVXWeAsNB6ZJM7tXL9NQ26,None,Aviation Red,Pink,Austin Powers Suit,Fire,Orange Beanie,Smile,None
3171,1.74,3265,69.96,https://magiceden.io/item-details/AMiVFKadaKcVLPg6T9J4H4GAq7s5vAKY19yoetogu7an,None,Fine Gold,Brown,Tie Dye Tee,Stoned,Dunce Hat,Big Smile,None
3186,1.75,4627,61.05,https://magiceden.io/item-details/Civ7uVSWSEet1g8ToBq5p7dVoo9pBdMUD2QN8Gjk8AWQ,None,Yellow Banana,Pink,Captain Blue,Cross Eyed,Fez,Serious,None
3200,1.75,557,87.39,https://magiceden.io/item-details/2BcbxaTmrBevQR6GeWAWeXZPsLLKWoRGTWChTc52MyxN,None,Fine Gold,Pink,Wife Beater,Fire,Brain,Serious,None
3232,1.76,3035,71.25,https://magiceden.io/item-details/6PtkvrXVwhLbr7ekEeN5ikP92vRUd6RjdLMd5t7SrKC4,None,Arrivals Departures,Red,Austin Powers Suit,Sleepy,Oxygen Mask,Serious,None
3247,2,2614,71.58,https://magiceden.io/item-details/BimxJUpj3iSMBBzgp2oMFMQtH7fGMw2ivAVuX54X59bj,None,Pink Banana,Rainbow,White Turtleneck,Angry,Chef Hat,Tongue,None
3270,1,2821,80.24,https://magiceden.io/item-details/AGyNEfSLfpUwJs4qUWHWpf4nmpHZ1ZX3gfPwizrGqXYp,None,Sand,Brown,Drug Rug,Pink Glow,Oxygen Mask,Serious,None
3294,0.99,2395,83.09,https://magiceden.io/item-details/8FrESsSNHdrD4FeujBBZBF1juk4TsNpfgvLAJvfemeQY,None,Radar,Cheetah,Drug Rug,Sleepy,Solana Mohawk,Fangs,None
3311,1.76,1461,81.44,https://magiceden.io/item-details/F3brKMchC6CpqA4paqSAXzEaxBMNKyxjAKhmhkujcRmB,None,Blue Banana,Blue,Captain Blue,Solana,Black MHAC Headband,Tongue,None
3345,2.1,2842,69.1,https://magiceden.io/item-details/AYyr4MbmrHwV3AdRYq696sMMWwttvknRp8CK6Y5AD4mb,None,Yellow Banana,Platinum,Black Biker,Angry,Fez,Big Smile,None
3354,1.39,814,89.32,https://magiceden.io/item-details/A6AC729CKpQMPuG5TSVMGUCPWiCwFqWCzu3wwTLnsAjf,None,Lavender,Red,Ramp Vest,Angry,Orange Beanie,Fangs,Airplane Gold Chain
3355,1.76,2670,73.61,https://magiceden.io/item-details/2i1gUxFagXAeXUrc7Uu4S8RLR88md251UEQN7FBCSKNR,None,Radar,Brown,Denim Jacket,Black Eye,Oxygen Mask,Smile,None
3358,1.75,2752,73.18,https://magiceden.io/item-details/CkyiJ8HbUUaRTeQzAcxxJ8NMzXvrT5hTAWc8djy4op7b,None,Aviation Red,Brown,Coogi Sweater,Red,Trippy Headband,Serious,None
3385,2,2011,75.48,https://magiceden.io/item-details/HjpGYXtsdY9ZtCaXr6EL5Xf62mVt2Es63gtBwXocQ1ib,None,Arrivals Departures,Pink,North Face Puffer,Angry,Ram Horns,Sad,None
3413,3,961,72.27,https://magiceden.io/item-details/BVsexfz7Y4zS9Qk154QUrdwHVLTqmGu6bj2RSvEanJKo,None,Sand,Red,Drug Rug,Fire,None,Serious,Airplane Gold Chain
3416,1.7499,2627,73.99,https://magiceden.io/item-details/ECyrjcueAGGMboMAUNcAyAG5Z3KrU3SGSGb5KGvKVHFx,None,Sky Blue,Cheetah,Wife Beater,Surprised,Silk Durag,Grills,None
3432,1.751,5612,54.67,https://magiceden.io/item-details/8vYQjjYGFUTEr886nFQbziD6ZJADru8ZZ3XGPT5g5uXa,None,Deep Water Blue,Blue,White Turtleneck,Angry,Pirate Hat,Tongue,None
3449,2.49,1832,71.74,https://magiceden.io/item-details/Ekgm1bugPpxg53h91ySVExwJ2b67xJPusYLGZ35Uw54F,None,Steel Gray,Albino,Bomber Jacket,Solana,Solana Unicorn Horn,Fangs,None
3476,2.5,1035,76.79,https://magiceden.io/item-details/8tTCNeZvqySfVi8PcTFTV9MT5FT3ytUirwDxbER1oHVP,None,Yellow Banana,Pink,Tie Dye Tee,Angry,Solana Mohawk,Serious,Dapper Scarf
3478,2,5110,55.43,https://magiceden.io/item-details/8hM22AKExrDjSucvFqmv3D3sZ1jEshtUSGxszNMe9LyQ,None,Sand,Pink,Coogi Sweater,Sleepy,Cowboy Hat,Sad,None
3480,1.7,1152,84.04,https://magiceden.io/item-details/AfaMnsZEjc7danfXtkswFrw3sEm5VfdjnovYm25FDj8d,None,Mint,Rainbow,Ramp Vest,Popping,Backwards MHAC Cap,Serious,None
3497,1.55,4487,63.96,https://magiceden.io/item-details/5UXzbP6NZYCwFiZnSpmRoApfBGCdwMmGudua5vSw9A3L,None,Pink Banana,Blue,Red Track Suit,Blank,Black MHAC Headband,Sad,None
3550,2,5984,49.77,https://magiceden.io/item-details/eUGjwid3zcAeLhURWFuENY8VZeRCoBrYnKeWBourVxQ,None,Sky Blue,Pink,Tie Dye Tee,Angry,Pirate Hat,Sad,None
3577,2.9,945,73.38,https://magiceden.io/item-details/7TyeozEsXycszcLqtmQRDnokPW46d3RSj4kVC32By2jz,None,Mint,Gold,None,Solana,NVGs,Big Smile,None
3591,1,4371,70.21,https://magiceden.io/item-details/B4VjVFzUuQhBcyZ4H5dvEHEA8caKJCKxMU3fDsHB8y8R,None,Sand,Pink,Hawaiian,Angry,Silk Durag,Bubble Gum,None
3615,0.87,2867,81.24,https://magiceden.io/item-details/91W21NYAAKE4vW5FGgYjggqCMMHXccxwrShjSGYeEEsL,None,Yellow Banana,Pink,Brown Mink,Red,Oxygen Mask,Grim,None
3673,2,2326,73.44,https://magiceden.io/item-details/DrLBLayQHLt1dZtoKvo9L8ufpi3L8eu4FNdbsJEVjwS8,None,Lavender,Brown,Flotation Device,Sleepy,Military Boonie Hat,Money,None
3691,1.969,1742,77.53,https://magiceden.io/item-details/6SFf729CdzaqnM8hEspjtzuyWCJgmVKKDHD4tEN8QtTT,None,Mint,Gold,Red Track Suit,Surprised,None,Rainbow,None
3714,2,447,85.6,https://magiceden.io/item-details/FMfBGorob71sENy4mQPd3CjvpbFytKtzaCA1iKcPjbEC,None,Orange,Red,Drug Rug,Popping,Backwards MHAC Cap,Tongue,Airplane Gold Chain
3752,1.75,3082,71.05,https://magiceden.io/item-details/3tZ8ugxYmHZBd9xhHTSJ1SsoQrDeuMLkPDhZd8XVoBvT,None,Jet Engine,Blue,Captain Black,Popping,None,Smile,None
3753,2.8,3366,58.71,https://magiceden.io/item-details/5ob8JGQNYQ2TKpwwNnrYECDRiXE2Za8EEtZcy9pTSL36,None,Pink Banana,Red,Dashiiki,Blank,Silk Durag,Serious,None
3755,0.87,2337,84.67,https://magiceden.io/item-details/DXWYNoirWpCXUtdUEAXV8of8VaTc2bQaixmigeUsqWCv,None,Arrivals Departures,Albino,Solana Mink,Cross Eyed,Oxygen Mask,Big Smile,None
3765,2.15,5583,50.87,https://magiceden.io/item-details/C6u5dFqC2TGfN5719bKqRorpw5FVL45CFri4ptK2fSLB,None,Deep Water Blue,Red,Drug Rug,Sleepy,Bose A20s,Tongue,None
3782,1.97,3191,68.14,https://magiceden.io/item-details/5gN4hBB2h5gTjhcSrMCaPLjHJyq9jAbQqpNkjV7FGAZ3,None,Blue Banana,Albino,Coogi Sweater,Sleepy,Folded Hat,Tongue,None
3793,1.8,1953,77.85,https://magiceden.io/item-details/3G2r7eqc8AuU1haF4Nu17ooEcnLwB3xx8LzUJokHqzka,None,Sand,Platinum,Brown Mink,Blank,Dunce Hat,Rose,None
3813,3,5050,45.81,https://magiceden.io/item-details/CHxUFPJGND7EaJYYYcSHQBrSYKn7hmWtcV8q5iHCubKT,None,Moon,Red,Coogi Sweater,Angry,None,Tongue,None
3822,3,2412,62.88,https://magiceden.io/item-details/AbWPnYVoZfZmroMvuzUyKb7vb89LTwoXyyrxXt8q86HT,None,Sand,Zebra,Red Track Suit,Surprised,Tinfoil,Serious,None
3828,2.1,3237,66.55,https://magiceden.io/item-details/5Aq2RGf1WHaf2MXeNwg112YvXFELMMbZsRNqhUUKQLPv,None,Radar,Red,Denim Jacket,Sleepy,Folded Hat,Grim,None
3836,2.49,140,82.68,https://magiceden.io/item-details/4twU6bDJpGEmPBF6PdZczk2BigJEbEJjgz54nwbnnv14,None,Moon,Gold,Black Biker,Solana,NVGs,Grills,None
3844,0.87,4920,67.96,https://magiceden.io/item-details/EpxMLqjm3PqT7H2wKQFvQDHYHoBFLtvvdYWTqg77u9qt,None,Blue Banana,Zebra,Brown Mink,Cross Eyed,None,Rose,None
3877,1.19,2235,82.13,https://magiceden.io/item-details/8NUnqFKv6oPn7BLVEEKZwJRN8oY5hSSBzD7wXuAFMWHe,None,Pink Banana,Blue,Dashiiki,Stoned,Folded Hat,Sad,None
3886,1.751,6059,51.78,https://magiceden.io/item-details/C1BW1fQCARR7PPEeuee8rYqkZ2AgLcvqvcb4cGs7waC7,None,Sky Blue,Red,None,Angry,Pirate Hat,Smile,None
3895,1.7,2726,73.85,https://magiceden.io/item-details/BnkdU7YNvzQA6hZpipZpkYLRFJs57S7Wys1GNrUJBqBJ,None,Lavender,Blue,Wife Beater,Pink Glow,White MHAC Headband,Smile,None
3918,0.9,4763,68.67,https://magiceden.io/item-details/HmfNh5a98wnYbEbn4ZBMbWrsQPTE8rzBHe3hytGiymwq,None,Lavender,Red,Brown Mink,Surprised,Captain Hat,Smile,None
3971,2,5395,53.58,https://magiceden.io/item-details/2pr78xXUoUVmpg2GfVkEVTU3axsJJyXxBZscsPYSQJP7,None,Remove Before Flight Red,Pink,Drug Rug,Angry,Orange Beanie,Big Smile,None
4019,1.5,1452,84.09,https://magiceden.io/item-details/BfyVevWisdaB2z3odAqvUkbNKN8cF8ua5fguW8W59TFL,None,Sand,Zebra,MHAC Hoodie,Popping,Solana Unicorn Horn,Sad,None
4023,2.2,6014,47.58,https://magiceden.io/item-details/EHLsiVBKL6peZkZWsuf3EtdAidQEaHYmoWcq3htjqP6P,None,Orange,Red,North Face Puffer,Sleepy,Japanese Bandana,Sad,None
4030,2,4653,58.38,https://magiceden.io/item-details/EgCoN4CKZey2732qosqUgu51LaortWos5x586XZPwojM,None,Sky Blue,Blue,Green Jumpsuit,Blank,NVGs,Tongue,None
4083,1.75,2824,72.72,https://magiceden.io/item-details/A89tQZnfDetbx5sz9SuhD2vmBYvR8MvPxxYPGwmMjRBM,None,Fine Gold,Platinum,Red Track Suit,Cross Eyed,None,Bubble Gum,None
4093,1.5,1053,86.68,https://magiceden.io/item-details/4AnFvVxjLgZksbXEKAuNjaf9LximSyXiWmFkiPxrWW6s,None,Orange,Rainbow,White Turtleneck,Stoned,MHAC Cap,Bubble Gum,None
4104,2.1,4202,60.3,https://magiceden.io/item-details/EcvxrEWWN3rrgxDhPbJewJGpouwmfk1MTySqa8TghaNJ,None,Arrivals Departures,Pink,Red Track Suit,Sleepy,Banana Headband,Sad,None
4106,2.41,2281,69.63,https://magiceden.io/item-details/HsPosZZBouHEPmErEgcTSFXEx2U9iwf3DQXWhHFojES9,None,Moon,Pink,Hawaiian,Stoned,Solana Unicorn Horn,Sad,None
4112,2.5,2444,67.68,https://magiceden.io/item-details/G5EN1rxNMu6zNoeTNN1DB6fs8CKstChrieQaHwMaGdvm,None,Jet Engine,Zebra,Hawaiian,Angry,Bose A20s,Sad,None
4124,3,5342,43.93,https://magiceden.io/item-details/5fV8tEtp5Ez58dqaCNt8Ur1czgKVK7QWBpWLtTBPyWqA,None,Orange,Gold,None,Angry,None,Fangs,None
4165,2.5,5776,46.12,https://magiceden.io/item-details/76CUatrP5nuWLE3YDwSNtqAsL45z8VTzDABNQtmNcf5Q,None,Sky Blue,Cheetah,Solana Mink,Surprised,None,Grim,None
4176,1.99,2385,73.16,https://magiceden.io/item-details/23NuA2eLxtzHavKJ9cwN4wVdgrbXJkdwQ29bW5AaE1bP,None,Mint,Cheetah,Mafia Suit,Stoned,Chef Hat,Tongue,None
4187,1,5414,63.46,https://magiceden.io/item-details/GPFJeGTyY6m6XoLq5aYQrRrr2qU68s3DNi3FGTvHYCg2,None,Lavender,Red,Hawaiian,Cross Eyed,Oxygen Mask,Smile,None
4192,2.97,3752,54.51,https://magiceden.io/item-details/Bt4LTWxTsRUk7XUrH8cU4PdR4YGBT2uK2eeM2C6vNLJo,None,Moon,Blue,North Face Puffer,Angry,White MHAC Headband,Tongue,None
4206,2.49,1790,72.01,https://magiceden.io/item-details/6HM2WzteCqepQWwS2mDKPZGiccRDucY4qCGRVKnHF81g,None,Aviation Red,Cheetah,Wife Beater,Popping,Chef Hat,Fangs,None
4207,1.9,242,87.92,https://magiceden.io/item-details/5DjcUK3rY4gVXdu4hs382TJY7RRDVZUHfvbPnkBHdQBE,None,Arrivals Departures,Pink,Red Track Suit,Cross Eyed,NVGs,Grills,Dapper Scarf
4215,1.09,1170,90.02,https://magiceden.io/item-details/CL9t7Bk7QJL341Faz5sd6Dk384kAWmBP63rXeKdSg7FB,None,Cockpit,Blue,Dashiiki,Cross Eyed,Cowboy Hat,Grills,None
4248,1.751,4099,64.46,https://magiceden.io/item-details/GXHkuMieiFQPxaMpuJr1mEL3Q6ETjaPusTBMzq6E8hVG,None,Mint,Cheetah,Drug Rug,Cross Eyed,Pirate Hat,Rose,None
4267,1.5,5191,59.9,https://magiceden.io/item-details/FVyBc6UhLmR2w1GsMmKsagnKiV8eqzpqU7cfZrWKYAWT,None,Deep Water Blue,Pink,Wife Beater,Blank,Dunce Hat,Sad,None
4299,1.75,3854,66.05,https://magiceden.io/item-details/4zXMidtuA4i9LJRHyKmUs1jbNft7BB5Xy3a9U7whRrM6,None,Steel Gray,Albino,Blue Angels Jumpsuit,Cross Eyed,Oxygen Mask,Fangs,None
4301,1.99,3810,63.94,https://magiceden.io/item-details/EbQ1zqyxi6KeGSVMRGbfg4eC2cvAQ8abHvr6A5DTiw75,None,Jet Engine,Pink,Bomber Jacket,Sleepy,Orange Beanie,Fangs,None
4306,3,174,77.36,https://magiceden.io/item-details/G4E3yhdSQCAfR9WwfhWpNGgTjFo2dhvfXKSNen4KZAgU,None,Sky Blue,Rainbow,MHAC Hoodie,Pink Glow,Backwards MHAC Cap,Grim,Dapper Scarf
4317,2.5,1036,76.79,https://magiceden.io/item-details/EgSmCLDxoiF7TVS7fC7HWwRUUW3UZLtREd755fwjfW9R,None,Steel Gray,Pink,Coogi Sweater,Sleepy,Unicorn Horn,Tongue,Airplane Gold Chain
4339,3,1072,71.55,https://magiceden.io/item-details/6NLcscT5ea5bHXSqn8j8G4m4PhtXsdN2YJaC4KQqsfsU,None,Sand,Rainbow,Tuxedo,Surprised,Solana Unicorn Horn,Grim,None
4350,2.25,1854,73.99,https://magiceden.io/item-details/23ggMG6yy9KYeymmP93V9mTYEmQYK19674yFd76naSm9,None,Cockpit,Brown,Green Jumpsuit,Blank,Military Boonie Hat,Fangs,None
4351,1.5,2276,78.76,https://magiceden.io/item-details/3jke7rRAuf8vgXwC5CvUUcQk9EagkusPG38aKgwKzaf6,None,Mint,Cheetah,Captain Black,Angry,Tinfoil,Bubble Gum,None
4376,3,375,76.06,https://magiceden.io/item-details/5qVz1iKaBbMLjP9QC9fpciExuv7s8AdRyMUUYZ5yrc7L,None,Cockpit,Albino,Denim Jacket,Stoned,Yankee Fitted,Smile,Dapper Scarf
4415,2.1,2783,69.48,https://magiceden.io/item-details/ADdZBXGCqgZ35tCHMkanRSzkuK8abJnsRHdVEeNrXjKe,None,Blue Banana,Zebra,Hawaiian,Cross Eyed,Tinfoil,Sad,None
4419,3,2305,63.58,https://magiceden.io/item-details/65NJdNsNp9STMJzuWneakVc2LcGUK6zCh8v1D7TnV3Jn,None,Sky Blue,Zebra,Tuxedo,Sleepy,White MHAC Headband,Serious,None
4420,2.42,388,81.78,https://magiceden.io/item-details/CtbeYHzuWKwWREFdodrszwGwRt54MZSVdK7Yo5GEjGS3,None,Yellow Banana,Brown,Denim Jacket,Red,Captain Hat,Smile,Dapper Scarf
4434,1.2,2479,80.45,https://magiceden.io/item-details/FMzNYi9DQKywBeeQuP9jdNqNhpZbeG52dDPgWmEUPKDB,None,Aviation Red,Brown,Red Track Suit,Popping,Unicorn Horn,Tongue,None
4435,1.7,4896,59.81,https://magiceden.io/item-details/252dnSbpAQaRfo18MTeWj3uiYhb24aYyffY2SMDAZqr2,None,Steel Gray,Brown,Wife Beater,Surprised,None,Rainbow,None
4452,1,4081,72.08,https://magiceden.io/item-details/8UFn2HrKcZnrytaHJuGTVhtWgw8RWYduPQTzvS7jfU5V,None,Sky Blue,Pink,Austin Powers Suit,Blank,Unicorn Horn,Fangs,None
4578,1.18,2166,82.68,https://magiceden.io/item-details/968zd2QFpLwfWXDDzfN3Gf1NBuPzUois6Ygu6ZpaPfT7,None,Pink Banana,Brown,Drug Rug,Fire,Japanese Bandana,Rose,None
4580,1.75,1538,81.04,https://magiceden.io/item-details/BPzmaHYNa5xL3vzCAQcdsBZAA97ERAiNQX4Ys3Qfny7x,None,Deep Water Blue,Cheetah,Hawaiian,Solana,Silk Durag,Serious,None
4585,0.99,5926,60.25,https://magiceden.io/item-details/GUKrqhzc9sxnX2W15kajfv7ineNASa7kKmJBGifrQJos,None,Yellow Banana,Red,Bomber Jacket,Stoned,None,Tongue,None
4616,1.5,1027,86.84,https://magiceden.io/item-details/FWJmo3qpCC1LS4kSaxun1NmcRBaVGNr3xoU62HTyzX8v,None,Mint,Red,Denim Jacket,Angry,Silk Durag,Grim,Airplane Gold Chain
4624,1.75,2979,71.71,https://magiceden.io/item-details/JVdKrRwpcoq3Ptn5tiaLZCEz1mLjSFULuh7SSHoR8cq,None,Orange,Albino,North Face Puffer,Surprised,WW2 Helmet,Money,None
4629,0.85,2153,86.06,https://magiceden.io/item-details/vCQtMunMCvjXKjH2sYszFKuwm6Z9Mbi5AxpX8VSYmL5,None,Remove Before Flight Red,Cheetah,Baby Blue Vest,Blank,Tinfoil,Grim,None
4630,1.75,2728,73.34,https://magiceden.io/item-details/FJi9SzHrPtiRR5g6SefSjY8BV7Ur4Fq6qmwPVz5pi6FM,None,Orange,Cheetah,White Turtleneck,Angry,Red Devil Horns,Rose,None
4654,2.1,6029,48.48,https://magiceden.io/item-details/DJb2CL4fjTmC1bW7sn3BoV7cFHpr8gqfMjX3TkdnYxCF,None,Blue Banana,Pink,None,Black Eye,None,Smile,None
4704,1.9,5816,51.86,https://magiceden.io/item-details/EMANk6YKG6dF8RGQqPcChbhWYFBBLvCy2dC6toxy9Vrx,None,Fine Gold,Pink,Hawaiian,Cross Eyed,None,Tongue,None
4757,1.85,1540,80.03,https://magiceden.io/item-details/AHxxkCygzh6EnZXzovxEAuB9XK41wHtRLaWamPiQAcxv,None,Pink Banana,Blue,Austin Powers Suit,Pink Glow,MHAC Visor,Grim,None
4773,2,642,84.34,https://magiceden.io/item-details/5NMQXcS2vT12SXnQ5yWfkev4epMd3MuMvr2EJ23mRDBF,None,Remove Before Flight Black,Brown,Tie Dye Tee,Angry,Mafia Hat,Fangs,Dapper Scarf
4808,1.9,3627,66.02,https://magiceden.io/item-details/62WSfg3gFHYfGgVbSMcnb6gzAhqFj1gxPJdjCSs8v23A,None,Fine Gold,Red,None,Black Eye,WW2 Helmet,Sad,None
4880,2.2,3761,62.15,https://magiceden.io/item-details/8YBhDFZ1tMbZcyAtAewgooVnBx62LKKwR1K6WdBRAEZV,None,Lavender,Albino,White Turtleneck,Blank,MHAC Cap,Tongue,None
4882,1.75,5479,55.54,https://magiceden.io/item-details/6VjuPf9wumqCmbkSgF5NXoX44HjFXktSp5zp4wHSq7DR,None,Sky Blue,Blue,Black Logo Tee,Angry,Green Mohawk,Serious,None
4883,1.15,6137,57.28,https://magiceden.io/item-details/BuWLmYZ1pRjNCbyATy5reULx5AtvGwj1dNCq4WD7HW3w,None,Remove Before Flight Black,Blue,Tie Dye Tee,Cross Eyed,None,Smile,None
4892,2.8,3494,57.88,https://magiceden.io/item-details/Bxce7aRnoEPgEm2uNNTuAwJjgVJvgifxoT4cUZMM4jtu,None,Blue Banana,Zebra,White Turtleneck,Surprised,Cowboy Hat,Serious,None
4900,2.5,1678,72.63,https://magiceden.io/item-details/5JVnHj58V1Nx4VGz85RSmoqWkmNwhPmfG24bPvvYG3vN,None,Orange,Red,Bomber Jacket,Solana,Green Mohawk,Serious,None
4916,2.8,506,77.22,https://magiceden.io/item-details/5kSRXVKZsiJUfm37ZbXB3iZVvNHeEZjw3MgjL7EJ1tF3,None,Pink Banana,Gold,North Face Puffer,Black Eye,TopHat,Smile,None
4919,1.5,4935,61.56,https://magiceden.io/item-details/Sa66fmSjG6PHSWAPJjrwg6gnrSrH8FjdPGSuHw92iKc,None,Lavender,Blue,Captain Blue,Blank,White MHAC Headband,Smile,None
4921,1.8,4690,60.14,https://magiceden.io/item-details/7fCQyZP4zHTvH2acVgznUU8QMQJpqhf971TnQaf7Ameo,None,Steel Gray,Pink,Drug Rug,Black Eye,Banana,Smile,None
4929,1.75,4909,59.23,https://magiceden.io/item-details/FdqCGnbdjQt3DWyWN87SJfKavJHRH7kJi15fMp3PWbbs,None,Jet Engine,Blue,North Face Puffer,Blank,Japanese Bandana,Tongue,None
4930,0.87,5425,64.69,https://magiceden.io/item-details/5Qvf5E6i8QrMZKqbdZjY8gYY6XbahmaecpWXh9JTSzhy,None,Aviation Red,Blue,Hawaiian,Sleepy,Yankee Fitted,Big Smile,None
4940,2.5,2021,70.41,https://magiceden.io/item-details/FS7HxziYHcjRXURjCSivga8Jw7C2zHs1LbvSDn2FiSnR,None,Sand,Gold,Tiffany Biker,Sleepy,Backwards MHAC Cap,Tongue,None
4954,2,3045,68.79,https://magiceden.io/item-details/EPsc5UY6VvCxg3X48YmAfTcz9r7C7GHx5PWS9qWXrsjC,None,Remove Before Flight Black,Red,Tie Dye Tee,Red,Backwards MHAC Cap,Serious,None
4963,1.5,5554,57.55,https://magiceden.io/item-details/8QY4JpvN3FA8EdCBUz1PdBBFDPfM6vSfh6SHyWWsymT8,None,Aviation Red,Cheetah,None,Sleepy,WW2 Helmet,Smile,None
4970,1.25,4479,67.01,https://magiceden.io/item-details/2fmWHuDLQwysb7pqL5AMEqLX1KdGpjCvJQWxkSyAfGdM,None,Mint,Red,Ramp Vest,Angry,Folded Hat,Sad,None
4978,2.5,5963,44.91,https://magiceden.io/item-details/7jjFHqEpP8pSAZNxHjNHWjxmM2g1CCnypHUdwmVMfrWU,None,Steel Gray,Brown,Tie Dye Tee,Cross Eyed,Military Boonie Hat,Grim,None
4980,2.8,4796,49.46,https://magiceden.io/item-details/FW2iggVwK1FVVSYjWsWFCpcWSMhQTvtsNDPZuGonXNXM,None,Aviation Red,Blue,Drug Rug,Sleepy,MHAC Visor,Rose,None
4981,1.5,773,88.49,https://magiceden.io/item-details/5Rnkoy6mNPypAjNppjiNYN6sTiaYu8N2ieZTvnF9c9wb,None,Aviation Red,Albino,Black Logo Tee,Stoned,Cowboy Hat,Big Smile,Dapper Scarf
4987,2.3,838,80.07,https://magiceden.io/item-details/6GbfjotQjzKKvLkmZ8AW7d9A5vkZULU3DxFCjiubZFeG,None,Aviation Red,Zebra,Black Logo Tee,Cross Eyed,Japanese Bandana,Fangs,Dapper Scarf
4994,1,4470,69.57,https://magiceden.io/item-details/5X6pvCU9r2mM5CAEECswhSuPN62GFTnnFGtfGXLijPSf,None,Sand,Pink,Captain Blue,Blank,Trippy Headband,Tongue,None
5007,1.25,3163,75.52,https://magiceden.io/item-details/EPfHW2AUjfH3hTDcDr7qMyWXEtBzKjEQTVeMuzyjZ5Rb,None,Deep Water Blue,Cheetah,Captain Black,Angry,MHAC Visor,Fangs,None
5014,2.8,2346,65.31,https://magiceden.io/item-details/6AtKKwyB3Ga6BiMeFT2aGt6Fbr2KrcyokhNMsaYodjNk,None,Deep Water Blue,Albino,Brown Mink,Popping,Oxygen Mask,Big Smile,None
5046,1.8,1169,82.93,https://magiceden.io/item-details/7J5EdCAoundFJ9oWp8sCg6vZjdG3fDCV4C219dNYAyBj,None,Aviation Red,Brown,Captain Blue,Red,Military Boonie Hat,Money,None
5050,1.9,5297,55.22,https://magiceden.io/item-details/H4f1ZzhCniA2vkFicqgNWribUkAZ6uGpTwbGeqqQ356c,None,Orange,Red,Baby Blue Vest,Angry,Orange Beanie,Serious,None
5069,1.569,2586,76.07,https://magiceden.io/item-details/pvHME9ZAgCzNq7bStXWj3VERFQ7hTShJnbtTLsJ8pDv,None,Blue Banana,Pink,Mafia Suit,Stoned,Fez,Serious,None
5080,2.2,4655,56.37,https://magiceden.io/item-details/AWVNfGBc7rYPnjdSjduKKvMECnvrBm5aLKQDWFAExm2B,None,Sky Blue,Brown,Blue Angels Jumpsuit,Surprised,Trippy Headband,Grim,None
5095,2.2,4788,55.51,https://magiceden.io/item-details/BSjJxDxgpR5dwUz8X55qgna8JkqdnTm6EkL6CjugdTKa,None,Aviation Red,Pink,Bomber Jacket,Angry,NVGs,Big Smile,None
5104,1.9,2407,73.92,https://magiceden.io/item-details/Fki5XDHsFk5wmJgQLMMbSaGJCsmuHCD72BG2RtKKVSpK,None,Orange,Red,Brown Mink,Popping,Cowboy Hat,Fangs,None
5117,1.8,4648,60.42,https://magiceden.io/item-details/GbKQgQW3Y7n2BSD8Pe1CkFi7aTmusv9V8v5tqLCVpj5Q,None,Sand,Brown,MHAC Hoodie,Angry,Silk Durag,Serious,None
5145,2,2057,75.18,https://magiceden.io/item-details/CEwXojsGTidveyEhmmmRudXYQoPiXG2aNq8LKZpjvoxe,None,Arrivals Departures,Zebra,Brown Mink,Blank,Solana Mohawk,Serious,None
5147,2.05,5596,51.78,https://magiceden.io/item-details/3vBBAfxwijn5Ub9hiJ1LEZ7od9zwN8HZSCeBWSmMozPN,None,Orange,Blue,Brown Mink,Angry,WW2 Helmet,Grim,None
5154,2,418,85.79,https://magiceden.io/item-details/E9QAXxmJMtLSvXXNgTB4ULzkTWtY2L85tNb3JRSKTzp7,None,Orange,Lava,Austin Powers Suit,Blank,Folded Hat,Big Smile,None
5163,1,4071,72.15,https://magiceden.io/item-details/F2j6s2KwMHpXEQ3TmX2ZWx1ZU11FAbkswRmVTB3Qayap,None,Arrivals Departures,Red,MHAC Hoodie,Angry,Japanese Bandana,Serious,None
5173,1.75,4732,60.37,https://magiceden.io/item-details/HGxGBWc73UsM4ak7Gxon1ScsFWYiPRnqQpp9HH261Dvu,None,Radar,Blue,North Face Puffer,Sleepy,White MHAC Headband,Serious,None
5177,2.3,2329,70.42,https://magiceden.io/item-details/ARDwmdbXZzHxkEePt6g4PHpN8cVkMgnspo8SZGw3iBBH,None,Deep Water Blue,Gold,Flotation Device,Angry,Unicorn Horn,Sad,None
5178,1,5850,60.64,https://magiceden.io/item-details/C2sHiX8kA3ZY81RMndBxEHpWer3ZNFcoM59rLtsM55Cq,None,Sky Blue,Brown,Denim Jacket,Cross Eyed,Fez,Grim,None
5189,1.5,4558,64,https://magiceden.io/item-details/2Sbq8rb3tXKPFcEUXa9u5wqUa2AYDB5FAueeSHRMbwZQ,None,Steel Gray,Red,Flotation Device,Stoned,Cowboy Hat,Smile,None
5191,2.25,3180,65.41,https://magiceden.io/item-details/cFyB7Kx6hQ8ZPoHy31TiDYZJh1UKavM4ns6RHiuEKaX,None,Aviation Red,Rainbow,Black Logo Tee,Angry,Fez,Grim,None
5203,1.5,2023,80.4,https://magiceden.io/item-details/Dau3iXgnVP7q9WjiFKq9s3tn6Wi1pvTNg5AtS6m26qYE,None,Radar,Zebra,Hawaiian,Stoned,WW2 Helmet,Smile,None
5205,1,4114,71.87,https://magiceden.io/item-details/AuRmxv935STuZUZXA2kWEJiB4oLhxaW3KL2h2F7nH9xJ,None,Orange,Zebra,Ramp Vest,Sleepy,Banana Headband,Smile,None
5212,2.8,1997,67.57,https://magiceden.io/item-details/J3cVBQU8o51QQrMshXWsP34YwU9wKxLLGSK2Dtf2vi7C,None,Blue Banana,Platinum,Wife Beater,Sleepy,Folded Hat,Tongue,None
5223,3,774,73.48,https://magiceden.io/item-details/BPEF6emXWSidT5mtYTHyjuprXivR2WHWJfcFMiLLT459,None,Fine Gold,Zebra,Drug Rug,Cross Eyed,Samurai Hat,Big Smile,None
5224,2.3,864,79.9,https://magiceden.io/item-details/5JGVXCp6v6a7vrsh5gm6Ki14FTwvLemrSRgCvFHFXAWp,None,Pink Banana,Blue,Tiffany Biker,Popping,Tinfoil,Bubble Gum,None
5266,2,1624,77.98,https://magiceden.io/item-details/6y4Kt9B8rDiDVZSQBTotTSZ1DRGMs11iUVMFFpEK7bYJ,None,Blue Banana,Albino,Denim Jacket,Black Eye,MHAC Cap,Fangs,None
5319,1,4881,66.91,https://magiceden.io/item-details/3YHxYvgNNrtZvdJkqtLnWGUTzfM5d6mnxP64wavxdkLp,None,Aviation Red,Brown,Tie Dye Tee,Black Eye,Chef Hat,Grim,None
5329,1.75,2239,76.5,https://magiceden.io/item-details/4gZAYerUCRxaA72tETKuzMxF3n9MMsC7jgWbjHSZm7D6,None,Arrivals Departures,Zebra,Red Track Suit,Blank,None,Cigar,None
5331,2.1,4871,55.97,https://magiceden.io/item-details/5uvzt6jC6GwVDU2GUM3ec2QMS62KnUhq1843jkXwX26f,None,Pink Banana,Zebra,Wife Beater,Stoned,None,Tongue,None
5332,1.7498,4355,62.81,https://magiceden.io/item-details/33QfNUhjFk1QczZPyiT2n1n8zhz42dEC2vd6zNJ9TJzh,None,Steel Gray,Red,Captain Blue,Angry,Silk Durag,Rose,None
5367,1.75,2229,76.57,https://magiceden.io/item-details/4yHsTtn93Fsb4bif1HsT2yEgJYPxyiTALvzzqitXLsCW,None,Sky Blue,Pink,Dashiiki,Black Eye,MHAC Cap,Serious,None
5450,2.1,2226,73.09,https://magiceden.io/item-details/7RhBsLHFkhba3n1svzgi3zV9Ht1Fh3uBN7p5ZDiJExRN,None,Orange,Platinum,Hawaiian,Stoned,MHAC Visor,Grim,None
5509,1,5826,60.79,https://magiceden.io/item-details/7s2K7NqHpBd69WvP3KmAXVwo8YLTYSzen8EJZtusJ2R4,None,Steel Gray,Blue,Wife Beater,Sleepy,Cowboy Hat,Serious,None
5528,0.9,6071,60.21,https://magiceden.io/item-details/B6d5RTSpxPMfwqcpCNGG7wiA5peozonHczBgBLhTksbF,None,Sand,Pink,White Turtleneck,Sleepy,None,Bubble Gum,None
5554,2.5,3389,61.56,https://magiceden.io/item-details/7z5S7FHoGcWuhBuNyi1GvghqVFnpH3gJY2HTBpDq2wBN,None,Radar,Red,Brown Mink,Cross Eyed,Black Devil Horns,Big Smile,None
5586,0.87,6041,60.7,https://magiceden.io/item-details/HJqtnjQJbYXDXb1VWJaDn4Pe7yMyH8gSb8bPSLHc9wZS,None,Aviation Red,Red,Captain Black,Blank,None,Grim,None
5594,2,630,84.41,https://magiceden.io/item-details/556rvq5Xw9jaAEnS5PofetcuCDvo5s5zzz5fNZXMSnRS,None,Arrivals Departures,Albino,Coogi Sweater,Stoned,TopHat,Big Smile,None
5608,2.5,1613,73.05,https://magiceden.io/item-details/rFFE7LFzfyva9J7WpbfvJTGmopKQPyqkhgu4RpWZD6h,None,Orange,Zebra,Green Jumpsuit,Angry,Chef Hat,Cigar,None
5618,2.5,5487,47.99,https://magiceden.io/item-details/F33PgvPsTCq9WEV6wtoT6H9ZAFxMWLUbKXrfqUaBfmEw,None,Sky Blue,Albino,Tie Dye Tee,Stoned,Backwards MHAC Cap,Sad,None
5623,2.04,2556,71.55,https://magiceden.io/item-details/Cn8WhCp3eawmRsjN8pc8i71YNWWY4cCtur1gu2UwiMhj,None,Remove Before Flight Black,Brown,MHAC Hoodie,Stoned,Solana Unicorn Horn,Big Smile,None
5630,2.5,2936,64.49,https://magiceden.io/item-details/71FBmhPWms1ydKx4N9qS2sgVLPmjgp3xUE2mqrW5Mssb,None,Aviation Red,Brown,Hawaiian,Blank,Solana Unicorn Horn,Grills,None
5631,2.49,343,81.37,https://magiceden.io/item-details/8ekGeaxpGgLCR2NsZr2QH3eiCs6iYFDYQ7ZZejL6AMoR,None,Lavender,Brown,Coogi Sweater,Laser Eyes 2,Dunce Hat,Serious,None
5640,1.99,3032,68.97,https://magiceden.io/item-details/52YtGee8zCDEgVoQs6CW7iE89uHCrcCU3pQNDr4h6aK1,None,Cockpit,Brown,Green Jumpsuit,Cross Eyed,Backwards MHAC Cap,Grim,None
5656,1.299,3671,71.75,https://magiceden.io/item-details/wcQYwki1D8QwCDhrnR3f3297xggCFnsYRJBu5eEN4Xk,None,Steel Gray,Blue,Captain Blue,Blank,Red Devil Horns,Fangs,None
5657,1.99,1360,79.79,https://magiceden.io/item-details/5dnv4CPYX13Jo3ZKC654pH7msvLMWnRdyfvhQ7s7oFLG,None,Cockpit,Red,Tie Dye Tee,Popping,NVGs,Big Smile,None
5666,1.99,5116,55.49,https://magiceden.io/item-details/3Gu5Fzarsc8kPbR4SKCcoTNbpskBBDcGRrgPHdtcp3GA,None,Yellow Banana,Zebra,White Turtleneck,Stoned,None,Big Smile,None
5670,1.48,3504,71.02,https://magiceden.io/item-details/AKP7VvSe3LNiyabmWexEuZf8TzTcxD2rkSdumZ4i1igg,None,Pink Banana,Red,Mafia Suit,Angry,None,Grills,None
5688,2,4402,60.01,https://magiceden.io/item-details/8ZXiHRMDHJ1H2h3yh3gBU284DmUtHj5kQ9wTGUENYMmQ,None,Fine Gold,Zebra,Green Jumpsuit,Cross Eyed,None,Grim,None
5698,2.5,2218,69.14,https://magiceden.io/item-details/FfcE9KFvAVzZfy3TP3w2eJwBKdre25otcVvDg2BxAnqa,None,Remove Before Flight Black,Red,Ramp Vest,Red,Fez,Smile,None
5699,2.5,3926,58.09,https://magiceden.io/item-details/FfGjoHT5v8NvoQAZCkRcvVb4sKpLVVPbWgDSBzJVsRC,None,Yellow Banana,Blue,Solana Hoodie,Cross Eyed,WW2 Helmet,Tongue,None
5707,1.3,3669,71.75,https://magiceden.io/item-details/AcHtcbGVL5NKGVbExM2PmQDCySy8hgJqCuDpw8SjVWkt,None,Remove Before Flight Red,Blue,White Turtleneck,Black Eye,Black MHAC Headband,Sad,None
5718,1.75,3973,65.28,https://magiceden.io/item-details/A5BsKzuUVTSXnsMAKGZvNrCro1C6EmJGa5XaVq5QS8UR,None,Yellow Banana,Red,Green Jumpsuit,Cross Eyed,Bose A20s,Big Smile,None
5732,1.75,5306,56.66,https://magiceden.io/item-details/DTm2sScnu5cqkJGJBudYU7ULZMDT83UV3UYZZagpSppv,None,Orange,Blue,Tie Dye Tee,Angry,Folded Hat,Grim,None
5755,1.75,5983,52.28,https://magiceden.io/item-details/5fKopEnNkNS3FRAJoqRxrSzzndfedh55z2uFp9k3fzLD,None,Steel Gray,Cheetah,North Face Puffer,Surprised,None,Rose,None
5791,0.998,5144,65.23,https://magiceden.io/item-details/AQFAfN8x8i4hBbm2DzKjZmLcxoQHLqZsNegwdYZWsxi2,None,Lavender,Red,Captain Blue,Angry,Backwards MHAC Cap,Tongue,None
5824,1.2,5320,62.07,https://magiceden.io/item-details/J5aiss3WYVctsYyzwgEUtdrXDzsfV9GLtACsFxM73zvF,None,Yellow Banana,Brown,Black Logo Tee,Angry,Cowboy Hat,Grim,None
5840,1.4,6182,54.49,https://magiceden.io/item-details/2o7pJ8thY4BVy4T9mLYBqi4gXynoMdHyjHrLLppobmqj,None,Sand,Red,North Face Puffer,Sleepy,None,Sad,None
5846,2.39,3777,60.15,https://magiceden.io/item-details/213vXhqLCptondmpvRnxHmgPS1mKawFGwYg8DuHYGaRd,None,Moon,Red,Hawaiian,Cross Eyed,Orange Beanie,Grim,None
5887,2.5,2888,64.8,https://magiceden.io/item-details/Cj8cWoXhiSBYHLxRUvoJDgWKSFHbECb8xThnBZRw5bge,None,Cockpit,Red,Baby Blue Vest,Sleepy,Yankee Fitted,Tongue,None
5893,1.79,5436,55.42,https://magiceden.io/item-details/8nWYL4ymVyicYL2dS9tNNJzVHZhgVqa3WNE1Svs1E1jM,None,Steel Gray,Brown,Flotation Device,Blank,Backwards MHAC Cap,Sad,None
5909,2,3529,65.66,https://magiceden.io/item-details/FCgP9ZmzA92ESfcrgScBW1Zdrt8HqX6SZXheWYaB9zZ3,None,Remove Before Flight Red,Cheetah,North Face Puffer,Stoned,Yankee Fitted,Serious,None
5927,1.85,4318,62.05,https://magiceden.io/item-details/HFuqksoGNUxvKG6YnRq6PnfrrrQz8yfNcrzw12Cnn3hf,None,Deep Water Blue,Albino,Green Jumpsuit,Surprised,Banana Headband,Serious,None
5934,2.8,6177,40.52,https://magiceden.io/item-details/7r6HQgEGSHd3TwSQ1RxR1ZtgwYziVYwMTHL8hNhKpSft,None,Sand,Brown,Drug Rug,Cross Eyed,None,Smile,None
5971,2,2921,69.59,https://magiceden.io/item-details/CQXYZbU179JfAYmnXTgn1q81KDjzzhQ13RAGhGQVJkNd,None,Steel Gray,Albino,Black Logo Tee,Pink Glow,Oxygen Mask,Smile,None
6039,2.5,1430,74.24,https://magiceden.io/item-details/3nCaX8hgMN8hYurpfezRLuQBPXZsdVaAzfKmNjNmUVpy,None,Lavender,Blue,Wife Beater,Sleepy,Cowboy Hat,Blue Chip,None
6059,2,1416,79.33,https://magiceden.io/item-details/ai5xwpMHgRLC7DJFvfwtveMPvYsjqi6T3LPhr2PPKiB,None,Remove Before Flight Black,Red,Brown Mink,Popping,NVGs,Fangs,None
6068,2,741,83.7,https://magiceden.io/item-details/Af8DNdkmzqoHYXJB7xVBS3s8r1r5qLMHsqjWm9FW8di1,None,Arrivals Departures,Gold,Drug Rug,Pink Glow,Unicorn Horn,Tongue,None
6155,3,2696,61.05,https://magiceden.io/item-details/EEEn1KrECEBqzbrppuotacj5bKewkUCufkD2WMVhwfBv,None,Blue Banana,Gold,Brown Mink,Cross Eyed,Backwards MHAC Cap,Tongue,None
6158,0.9,3031,79.88,https://magiceden.io/item-details/8CDEpqjjgpxHMt6ekG1crXAnsYYTMSaXFNQkrhTBMcm2,None,Moon,Brown,Drug Rug,Blank,Bose A20s,Big Smile,None
