id,price,moonRank,ðŸ’Ž score (%),storeURL,Background,Belly,Body,Decoration,Eyes,Flair,Head,Mouth
2,0.25,2695,67.02,https://magiceden.io/item-details/Ee8cMWgKmzPDzHKwbx6dXGHWAbc5ZKxBuyijH8NQPahd,Purple,Heart,Concerned Purple,Rain,In Love,Stars,Bunny Teal,Bored
14,0.22,2146,73.91,https://magiceden.io/item-details/5qw7aeNyaeAm8FfhwRoPnZ6FHeXWEunTzhbM59HgG3Ck,Green,Heart,Shy Pink,None,Panic,Eyes Scribbles,Cat Purple,Happy
17,0.4,2556,67.19,https://magiceden.io/item-details/Hsqb3e3vvVKjnfMFkvLDrPwqCPk5kbc1d6vTSV9ZZVcJ,Teal,Cell,Shy Pink,Rain,Panic,Cap,Cat Purple,Bored
56,0.4,1852,75.65,https://magiceden.io/item-details/6sb215YUz7UgHezRH7M7KTXL2wbN4cECe1Bo2VoGXdjm,Orange,Heart,Grim Teal,None,Bored,Mouth Scribbles,Cat Teal,Joker
80,0.4,3223,59.17,https://magiceden.io/item-details/3LghDkWK6tjcLxpshk3isKRKRFzq7nDA5pn1Cob7kBXR,Orange,Heart,Grim Teal,None,Panic,None,Fox Teal,Sad
104,0.4,1462,80.33,https://magiceden.io/item-details/52234RAd63efKk8S1T3HPYn48gvnjx9QxweSSEdGpVXt,Purple,Lightning,Concerned Teal,Rain,Bored,Cap,Cat Teal,Bored
105,0.4,3075,60.95,https://magiceden.io/item-details/ACnzsmtViNp5t6wMW9zr63BHVFkHBJMuJ2x92Nj2F8pX,Teal,Heart,Concerned Purple,None,In Love,Stars,Dog Purple,Bored
113,0.4,3044,61.32,https://magiceden.io/item-details/GGx5pbpKa833GUYZy3nMuELbdmFwVzguG86XPZhnsqQP,Orange,Lightning,Shy Teal,None,Exhausted,None,Cat Teal,Surly
115,0.4,3073,60.98,https://magiceden.io/item-details/GZ4D22VypV3YNviXE6nsyAdJsz9WycmMrFVirQ9exurT,Purple,Heart,Friendly Purple,None,In Love,None,Dog Purple,Happy
126,0.4,1385,81.26,https://magiceden.io/item-details/Gmww7gWhmnJHWuWj9VadwXBwgiVvCEBV3Hb7carGQmC,Purple,Leaf,Grim Teal,Flames,Panic,None,Dog Teal,Surly
132,0.4,896,87.13,https://magiceden.io/item-details/9CGeZkCBejGKTYXacfxwKirTtdLFEUuzp2MS4McSsYXG,Purple,Leaf,Concerned Pink,None,Panic,Mouth Scribbles,Fox Teal,Surprised
145,0.4,3329,57.9,https://magiceden.io/item-details/9UAMrezyAeNRsnMu2ooNCwHZNZTVXsaR5cGNYBAAmGGs,Teal,Heart,Concerned Teal,None,In Love,None,Cat Pink,Happy
149,0.3,3267,59.64,https://magiceden.io/item-details/RoPhMq9BcAmXNMaVh6K9Mv1N12PonRiRjxFeWsUMvUY,Orange,Lightning,Grim Teal,None,Panic,None,Cat Purple,Surly
160,0.4,3314,58.08,https://magiceden.io/item-details/5eFJE7jYvCkb3fsgqHUXrLK8g2iWLUHwfbJrAYNr7jTh,Orange,Cell,Grim Pink,None,Happy,None,Cat Pink,Bored
161,0.4,2775,64.56,https://magiceden.io/item-details/9R24Y8XbCpiUNcmVKY58KRhSDJftmYhri6cNPGsFobdN,Purple,Cell,Grim Pink,Rain,Happy,None,Bunny Pink,Cheeky
162,0.4,1846,75.72,https://magiceden.io/item-details/7Xa2CQ1sE8mSA7i5umY7npPGP5TDZH4Cf4vf12VvgniB,Purple,Cell,Grim Teal,None,Panic,Scars,Dog Pink,Sad
163,0.22,1879,77.12,https://magiceden.io/item-details/36wxTQM24qSHP3vwczogMjQjLCEgXNZh66j13RzC76Yq,Pink,Heart,Grim Teal,Rain,Panic,Stars,Dog Teal,Sad
165,0.4,1877,75.35,https://magiceden.io/item-details/DDLVwNSRKHa8Rgogw4S9Fs6Qy2khJBV7QL3yjxqJ74Bn,Purple,Heart,Grim Purple,Pink Flair,Hurt,Cap,Cat Purple,Surly
173,0.4,2518,67.64,https://magiceden.io/item-details/J2ZvVKfwDD475mtgWYMxEw16BciYhYdQYQ1tqBp4Hh4N,Teal,Cell,Grim Teal,None,Happy,Cap,Cat Teal,Joker
178,0.4,1647,78.11,https://magiceden.io/item-details/CoffVtNpMGTkt1uaDsbb9bdKCgESxTjfJNRBgeCQyfBr,Orange,Leaf,Friendly Purple,None,Exhausted,Mouth Scribbles,Cat Pink,Hungry
183,0.4,1354,81.63,https://magiceden.io/item-details/BqjXZ9jseoUK4CHez4sxShVBKJJLzXxxFkAv2gmTy4s3,Purple,Lightning,Friendly Purple,None,Exhausted,Eyes Scribbles,Dog Purple,Happy
184,0.2,855,89.63,https://magiceden.io/item-details/5kgp6krDqFLZhW9Fv8vzfav4tCuE8dB7RPgbHM8yLwzb,Green,Lightning,Concerned Purple,None,Surprised,Stars,Bunny Purple,Cheeky
194,0.35,3002,62.33,https://magiceden.io/item-details/7B8yjBqv2snH4QKkjtyVGgfFH1GprrC27XjRUTD58qz4,Orange,Lightning,Concerned Pink,Rain,Excited,None,Bunny Purple,Sad
201,0.4,1536,79.44,https://magiceden.io/item-details/2v9qXnCb68xgEk756rNH3PVtFCjVaSD5VzPvbQ5BcCLi,Orange,Cell,Shy Pink,None,Panic,Scars,Fox Teal,Hungry
211,0.2,978,88.15,https://magiceden.io/item-details/2aqsBVXMwH5YHJfgoM9EH3Sn38bVdpocdtAk8zB4bYZh,Orange,Leaf,Concerned Teal,None,Spookyz Flaming,Mouth Scribbles,Bunny Teal,Happy
220,0.3,192,96.59,https://magiceden.io/item-details/3h8RvBhDdTHeUtjgsSGUkjPLfBTdfVUrm9mm1BJYFgJp,Green,Heart,Shy Purple,None,Happy,Eyes Scribbles,Dog Teal,Spookyz Fangs
223,0.22,3031,63.28,https://magiceden.io/item-details/5PABGG2NJ3vreWb6bb99RnybJvgRfJWXRyqyWP8WKk6v,Pink,Cell,Concerned Teal,None,Exhausted,None,Dog Pink,Bored
225,0.4,2049,73.28,https://magiceden.io/item-details/5dJjrNBghjC9DyHzJBnQcPrUkgJ8Ab8QH568EH9T4GuC,Teal,Lightning,Shy Teal,Orange Halo,Panic,Cap,Cat Pink,Happy
227,0.22,3047,63.09,https://magiceden.io/item-details/EsbktB7RUqo1ps3ESwjEg9yGfGqn2q9fAdvdLWDGKruh,Teal,Heart,Grim Purple,Orange Halo,Panic,None,Bunny Teal,Sad
232,0.22,3182,61.47,https://magiceden.io/item-details/9AUA25Mv1Yeq1WNzYt3wEapoNVXAt2eYVg5Djp1Wkruh,Orange,Cell,Concerned Purple,Orange Halo,In Love,None,Cat Purple,Surly
234,0.2,322,96.03,https://magiceden.io/item-details/DyZCQD4CA93VLy1dwGu7X7YW6wYX9V4brzbZLVfDrBE,Grey,Leaf,Grim Teal,None,In Love,Scars,Fox Pink,Hungry
252,0.4,2400,69.06,https://magiceden.io/item-details/FFgupoTCzQWfvod7NdEbNfprELu96m3bxucjBFysN4am,Orange,Heart,Grim Purple,Pink Flair,Excited,Stars,Bunny Teal,Bored
265,0.4,2279,70.52,https://magiceden.io/item-details/2RNV9CRdANmLBnLM489iSoLMk1DxoepmoHitucpgEvk5,Orange,Heart,Concerned Pink,Scribbles,In Love,Stars,Dog Purple,Bored
291,0.4,3316,58.06,https://magiceden.io/item-details/A5JwwYySYg2pHcL1C26MLmv1gf7z8wZJjBB2CbT7v3Dk,Orange,Heart,Concerned Pink,None,Hurt,None,Bunny Pink,Bored
303,0.4,2677,65.73,https://magiceden.io/item-details/rYhZzoYRTh8w77meNHeXwqrg6q2EajpypmdvUjxo9Jh,Teal,Leaf,Grim Pink,None,Panic,Cap,Cat Pink,Cheeky
306,0.4,3254,58.8,https://magiceden.io/item-details/4rZW9Y6Gk4yK7EPEXGo6Z4myLUVEDgaLFscBkrtDGJEc,Teal,Heart,Grim Teal,None,Exhausted,None,Dog Teal,Happy
316,0.4,2095,72.73,https://magiceden.io/item-details/GzgDsPFr4x82Uf1eWgZNj8wZ821de4o3WBodPfft8q72,Purple,Cell,Grim Pink,Rain,Happy,Cap,Bunny Teal,Bored
322,0.4,3212,59.31,https://magiceden.io/item-details/4LJ2UDy3Ar94BFCEjuKHT3mmU3tSNDXs8MprqfyDiw9t,Teal,Leaf,Grim Teal,None,Panic,None,Bunny Teal,Sad
323,0.4,2530,67.5,https://magiceden.io/item-details/8ywSJk8wdMHLHr82tA4gRsjS2Dw1tN5xxPQTw63EixC9,Orange,Lightning,Concerned Pink,None,In Love,Eyes Scribbles,Dog Pink,Hungry
329,0.4,2153,72.03,https://magiceden.io/item-details/2bg6RZJ11JMyLm3zjJzqSHn1V8yAr8scytjj6tYLLb26,Pink,Heart,Grim Pink,None,Hurt,Stars,Bunny Pink,Hungry
337,0.2,792,90.38,https://magiceden.io/item-details/AUMQXFACacjwdBfmjiC8spwvhVTAVy22cAqqh5BHuW2L,Orange,Leaf,Friendly Pink,Pink Flair,In Love,Cap,Bunny Pink,Surly
343,0.4,2637,66.21,https://magiceden.io/item-details/4e9BCJf3GzvFYh98xM4AWAP1urYDrruv2GESE2BCD9JQ,Teal,Cell,Grim Purple,Pink Flair,In Love,Stars,Cat Purple,Cheeky
371,0.4,2142,72.16,https://magiceden.io/item-details/DYHYKNQV6JwZ3fV2c8zpzCWfzkXN6MQBP2Uoy6zXQWX6,Teal,Heart,Grim Pink,Pink Flair,In Love,Eyes Scribbles,Cat Pink,Cheeky
385,0.4,2655,66,https://magiceden.io/item-details/GdTJjqsoREGraiHfqfYQP29424iXQ1HgbmwCKHGemEYt,Orange,Cell,Shy Teal,None,Panic,Tornados,Bunny Purple,Bored
388,0.4,2554,67.21,https://magiceden.io/item-details/2EaVydJp4xanjXwWib6KbSX3pMgbYbnuaLz54xVU8bv7,Pink,Heart,Grim Pink,Pink Flair,Hurt,None,Bunny Teal,Bored
389,0.4,2111,72.54,https://magiceden.io/item-details/CfScQtdfQ9RJVMH2XZcHpJWxkJfLsgBGH6GG97rdUgaH,Teal,Cell,Shy Pink,Flames,In Love,None,Dog Teal,Bored
424,0.4,2869,63.43,https://magiceden.io/item-details/8ANbmRNvoFU8B9juYmPZD7ThEoAAwkgdPPrEdjC7qAbc,Orange,Lightning,Grim Teal,Rain,In Love,None,Dog Purple,Surly
441,0.4,1518,79.66,https://magiceden.io/item-details/6DvvyDGRB6NGcDuejfZT2T6JcRZVE6sv3BvdNSAGhEGY,Green,Cell,Shy Teal,Rain,Panic,Stars,Dog Purple,Bored
448,0.4,1248,82.9,https://magiceden.io/item-details/CreNPnrkhyzpTfoG9UARPLjRrMoqUGWSq9qbf8XnXWH3,Pink,Lightning,Concerned Pink,Flames,Exhausted,None,Cat Purple,Hungry
453,0.4,1489,80.01,https://magiceden.io/item-details/CftmwS8phhYrZUK5CJgYWmYyEq4AoJP5HeX71WzSmHT6,Teal,Leaf,Concerned Purple,None,Worried,Tornados,Dog Pink,Happy
461,0.22,2475,69.96,https://magiceden.io/item-details/88pQrZqpmy3HVcy2FvVyB6yMe6TVXsDsXR9Q9MJAs5bT,Teal,Heart,Grim Pink,None,Happy,Mouth Scribbles,Cat Teal,Surly
467,0.4,3036,61.42,https://magiceden.io/item-details/6gqSjbaxcVaJvsKbQT87Q5U6ngXv3Keqv2nwg5zeEGiE,Orange,Cell,Concerned Teal,None,Panic,Eyes Scribbles,Cat Teal,Cheeky
474,0.4,2976,62.14,https://magiceden.io/item-details/FBa2c67gns3LRRdjNkNTTSVqhUvo1jKCrnkNxjz9mJKC,Orange,Cell,Concerned Pink,None,Excited,Cap,Cat Teal,Cheeky
478,0.4,2154,72.02,https://magiceden.io/item-details/6DCW1X81yW7zSmtUs7x99snpnT2RkrxUeYLZzaTUNMuc,Purple,Heart,Grim Purple,Rain,In Love,Eyes Scribbles,Bunny Purple,Hungry
502,0.4,3163,59.89,https://magiceden.io/item-details/ByJGpF1nsTxj9j8yR4n7YJrcBK5YM7Gy5sddWtm2hHJ7,Purple,Heart,Concerned Purple,Rain,Happy,None,Cat Teal,Happy
539,0.4,3177,59.73,https://magiceden.io/item-details/CELYoqCAUba9Mxd272GzXgftkohUa8dXVeg6x6sqZL6W,Orange,Cell,Concerned Pink,None,Exhausted,Stars,Cat Purple,Happy
543,0.2,1028,87.55,https://magiceden.io/item-details/FftySb5qBPEsggzBFo4LsBAGtAz3APffmrKG5j9ngsg4,Orange,Spookyz 1,Concerned Purple,Rain,Panic,Stars,Bunny Pink,Sad
549,0.4,2270,70.62,https://magiceden.io/item-details/EnTfeAAPybvWr4kh7VgmYFDkeTZA7v24hJ4sQJRPfb3B,Purple,Lightning,Grim Pink,None,Sad,None,Dog Teal,Bored
551,0.4,2952,62.43,https://magiceden.io/item-details/76H2fGqezmPj8TGhNq1kybgpej3BFPjtUvstmwdxxumd,Purple,Cell,Grim Pink,Rain,In Love,None,Dog Teal,Sad
555,0.29,942,87.68,https://magiceden.io/item-details/GuEYeK3rTpJG9SZ7i4ZLhEE4FTZK5eFc126kqozRCyx,Teal,Cloud,Shy Pink,None,Sad,Stars,Bunny Teal,Happy
570,0.4,2015,73.69,https://magiceden.io/item-details/A2KWFCQWRz5CQua1qEX2DeNYBuUPt1FRo9ZGgVJxA9YT,Teal,Heart,Concerned Purple,Pink Flair,Happy,Stars,Dog Pink,Sad
571,0.4,2004,73.82,https://magiceden.io/item-details/5EoMV11jJDeokBYd3Mc1ynWMY2mwkBXGi32Fj3e6u2a9,Orange,Leaf,Grim Purple,Pink Flair,Panic,Cap,Cat Pink,Surly
585,0.26,1035,86.86,https://magiceden.io/item-details/2skr6pwC9VgmThogRGxVv2Dy5NTYyA1ZzzMjdaRaNPuc,Orange,Cell,Shy Purple,Flames,Hurt,Mouth Scribbles,Cat Purple,Cheeky
589,0.4,2590,66.78,https://magiceden.io/item-details/Bcn4b8npY9uCfdVfKEcNPuyC829wAy6U4X7ARj97LCKk,Orange,Leaf,Shy Teal,None,Exhausted,Cap,Cat Purple,Happy
591,0.22,2806,65.98,https://magiceden.io/item-details/D7FrfEDPoHJbgmx6TWaxqQWN5as8kJ7FdWLKJY9m3c5t,Teal,Cell,Shy Pink,None,Panic,Cap,Bunny Purple,Cheeky
607,0.2,589,92.82,https://magiceden.io/item-details/7VnTBGjgHHAMfFqc7yzEeTjJLQrDVApeChVb9UkgRpdt,Grey,Lightning,Grim Purple,Scribbles,Panic,Mouth Scribbles,Cat Purple,Sad
609,0.4,2652,66.03,https://magiceden.io/item-details/3djuGRfHXLN8qz1pz1AWpqbg3aW1BbWqwxSaEX34xm8x,Teal,Lightning,Shy Pink,Scribbles,Panic,None,Cat Teal,Happy
625,0.4,2562,67.12,https://magiceden.io/item-details/Zs6DsmZ6RxHbb5TNunA51KEcoKudhJFQn6h2tyAqC6c,Green,Heart,Grim Pink,None,Happy,None,Cat Teal,Joker
631,0.4,1703,77.44,https://magiceden.io/item-details/Hrt36r8tkRAmaNyaNj5tfEZTT9uyuwWZWKBzDxzTmFqG,Orange,Cell,Grim Teal,Scribbles,Happy,Mouth Scribbles,Bunny Pink,Happy
644,0.4,2513,67.7,https://magiceden.io/item-details/7Lts1ZPRRjGu7r658W3jhJ8WwjpWmduZxEJ8pLUM63Sm,Teal,Leaf,Concerned Purple,Orange Halo,Exhausted,None,Bunny Purple,Surly
647,0.4,1953,74.43,https://magiceden.io/item-details/HXxEztSAuFC7x2mFWJiSoseT5VzbPuoxzTRuFuVPNGZ9,Teal,Leaf,Concerned Purple,Rain,In Love,Tornados,Bunny Teal,Happy
648,0.25,1913,76.41,https://magiceden.io/item-details/8mmWpYF9ZxJTKFG4XD2wHXvAW4aSYgGBixAB5gP7uEZ4,Purple,Leaf,Grim Teal,Pink Flair,Panic,Cap,Cat Purple,Bored
650,0.22,2789,66.19,https://magiceden.io/item-details/8JyHZ3Mxmc9iFkDJZU4fgeNG9VSYxqaXEHQiDEGH92yD,Green,Cell,Shy Teal,None,Hurt,None,Cat Purple,Surly
661,0.4,2899,63.07,https://magiceden.io/item-details/HvVrHks2Y75MBtRoqgt6vF25zBngtAT3ZKtGBdjLjCjM,Orange,Lightning,Grim Pink,None,In Love,Stars,Cat Purple,Hungry
685,0.4,2334,69.86,https://magiceden.io/item-details/5Q1muH3s35UtgXPQBHU5CSjxipxshFeQMuu4bEG11FPr,Orange,Heart,Grim Pink,None,In Love,Eyes Scribbles,Dog Pink,Joker
723,0.4,2540,67.38,https://magiceden.io/item-details/8wKifzWwBvUkrptugNpHqipsB2829zpf3bkXApMFxjDz,Orange,Heart,Shy Pink,None,Hurt,Cap,Dog Teal,Sad
725,0.4,1418,80.86,https://magiceden.io/item-details/3rW3hMVjTevFEmc5t2yhsyWePoxD73Lm5U5aoaGGYTGC,Purple,Leaf,Shy Teal,Rain,Hurt,None,Bunny Teal,Surprised
739,0.4,3249,58.86,https://magiceden.io/item-details/7S8e9AegHo2nUUcfKNfjyFNGEN8NoxyEn8Z9CKx4yxH3,Orange,Cell,Grim Purple,Orange Halo,In Love,None,Bunny Purple,Happy
741,0.4,2380,69.3,https://magiceden.io/item-details/Gb6CddqSnPftpaVfiLgphNDjwDFbmQ2iGCojzYEdPAGH,Purple,Leaf,Grim Teal,Rain,Happy,None,Dog Pink,Cheeky
757,0.25,2577,68.44,https://magiceden.io/item-details/Hi3xZfLfS2xVz3bxcpjAu5tgEADJdbma7VQNszsbGGCT,Pink,Heart,Concerned Purple,Orange Halo,In Love,None,Dog Pink,Sad
763,0.24,3081,62.48,https://magiceden.io/item-details/61BV6YFaLRcQwZQChvYersuTuSxVWChkiYKjDLyGW9Lh,Orange,Leaf,Shy Pink,None,In Love,None,Dog Pink,Sad
765,0.4,2438,68.61,https://magiceden.io/item-details/8eKiUGD6er3Qzhi8VZWaGMiNCtqvLHZcy33XxdVey3xT,Orange,Lightning,Shy Teal,Pink Flair,Hurt,None,Bunny Pink,Hungry
768,0.755,60,93.63,https://magiceden.io/item-details/BEEQwX8HwNmhv3VQho1sTJUEhacrvUbgQeaGhTXMJCFZ,Teal,House,Friendly Teal,Colorful,Exhausted,Tornados,Dog Pink,Happy
770,0.25,2472,69.7,https://magiceden.io/item-details/F8pW4nx4t35qWGV2gtYLy7xe8rBNHYNU26NnCGMW5YDi,Pink,Lightning,Concerned Teal,None,Worried,None,Cat Teal,Surly
771,0.25,1944,76.04,https://magiceden.io/item-details/9GiRvZfF8ZZbxHZQVqqPrRothdzM6tdFPkxx4yDYYzdp,Purple,Heart,Grim Pink,Scribbles,Excited,None,Dog Pink,Surly
781,0.4,2595,66.72,https://magiceden.io/item-details/261hyAWjamF9ACFtgDpawJGaryEkqeTDuSYAf9tZFHQy,Teal,Leaf,Grim Teal,Scribbles,Excited,None,Cat Purple,Happy
782,0.25,2686,67.13,https://magiceden.io/item-details/2NDiEUpGxwKCm4ZF8FuQVaMYRVzarb9mBVs21gchdWDg,Teal,Cell,Grim Teal,Orange Halo,Hurt,None,Bunny Purple,Joker
795,0.31,850,88.59,https://magiceden.io/item-details/9XjeqHWWx7Cqw3BfHwMAFevVNhAW91RNffpWL5PFXnNT,Teal,Leaf,Shy Teal,Scribbles,In Love,Tornados,Cat Teal,Hungry
800,0.4,280,94.54,https://magiceden.io/item-details/KRJRmKsC7bcpxPyacKJ2GmqkqgtuF8Uqi9WF2HTt3rh,Orange,Leaf,Shy Teal,None,Bored,Tear,Cat Pink,Spookyz Scary
802,0.2899,2343,70.85,https://magiceden.io/item-details/E4nXSGxyb5K2RL1JrExbMzaPvrq7M5V8N5Nb1ThAsWNj,Purple,Cell,Friendly Teal,None,Excited,Stars,Cat Purple,Bored
828,0.33,133,97,https://magiceden.io/item-details/Armmntk9tpkm69KCFByHbe23LDS2SdNmM2ederLLXau8,Grey,Cloud,Grim Teal,Pink Flair,Panic,Eyes Scribbles,Fox Purple,Surly
849,0.3,756,89.82,https://magiceden.io/item-details/7P4k8kRiz25Fh8JFQsiusqqLpA8n2DcuEqyJm7nNHP4n,Teal,Lightning,Concerned Teal,Colorful,Panic,Cap,Cat Teal,Hungry
884,0.22,3170,61.61,https://magiceden.io/item-details/DnePGcoirpnJE1bKpPC6ykNPtMhKAdXV7FAbkgVT2MDi,Orange,Cell,Concerned Teal,Pink Flair,Panic,None,Bunny Teal,Sad
907,0.25,887,88.74,https://magiceden.io/item-details/4Lp8ocVn43AX7szdaHkMQYTV3ESp86GSjgQgDQXhs5HX,Teal,House,Concerned Teal,Orange Halo,Exhausted,Eyes Scribbles,Bunny Purple,Hungry
927,0.3,2865,64.48,https://magiceden.io/item-details/3j1faN78rLTxXxG3627WyqQ3FXkoSXmB7GNRrbveuind,Orange,Cell,Concerned Pink,Pink Flair,In Love,Cap,Cat Purple,Happy
938,0.29,1279,83.63,https://magiceden.io/item-details/EqWzdvWP5GAG4UmhxxLfAZTasSZyNkfSVRR6bdAsi4FJ,Teal,Leaf,Concerned Teal,Orange Halo,Excited,None,Dog Pink,Clueless
952,0.4,108,96.6,https://magiceden.io/item-details/FNReHRXavQwwDDQoDyAWrrasCnaPPMXrp127ZMydU9NU,Orange,House,Concerned Teal,Rain,Panic,Spookyz Scribbles,Bunny Purple,Clueless
978,0.33,132,97.01,https://magiceden.io/item-details/EuSjMcUrnGMj8aMbPu8MjG2AM3itbcPWddhGiUEFaf5s,Orange,Spookyz 2,Shy Purple,Orange Halo,Spookyz Watery,None,Cat Teal,Sad
1010,0.25,1461,81.85,https://magiceden.io/item-details/GuFYqZjbF5pA6xMvvUsV4mxMTDWaMXoGoVNY3eUstEqj,Orange,Cell,Friendly Purple,Orange Halo,Panic,Stars,Bunny Teal,Joker
1026,0.25,1850,77.17,https://magiceden.io/item-details/DoJnMHNpNgk6YV9p8qPM4QACLsWim7zo3XpFAXofkCqM,Orange,Heart,Grim Purple,None,Hurt,Eyes Scribbles,Cat Teal,Clueless
1040,0.25,2280,72,https://magiceden.io/item-details/F4hu995kL6RjfsNzCahXA6A9gEmfyGYNknwpmWnx6Fwc,Purple,Heart,Grim Purple,Orange Halo,In Love,Stars,Bunny Purple,Cheeky
1041,0.2,2323,71.99,https://magiceden.io/item-details/DAqSLHes9ZC3YuxvXePPHn9mg6EkJY26uezFsD3PB5AQ,Orange,House,Concerned Purple,None,Hurt,None,Fox Teal,Joker
1049,0.37,155,96.34,https://magiceden.io/item-details/7mmsgtbQ7VUf6kys68wcvCBZjqMv7sHWyRRCFQNrBy73,Grey,Heart,Shy Teal,None,Spookyz Watery,Tear,Dog Purple,Bored
1058,0.4,278,94.56,https://magiceden.io/item-details/Gr7ZAtuiMJQpRQ3AthUPZcwycbyEThqYBjPx4cycarKc,Orange,Spookyz 1,Grim Purple,Pink Flair,Hurt,Cap,Fox Purple,Surly
1068,0.25,1869,76.94,https://magiceden.io/item-details/DhyohGWRy1ZsyQSWpGXN1NpDVMdsAgftuK2XxDS5v525,Teal,Cell,Grim Pink,None,Panic,Cap,Bunny Pink,Surprised
1078,0.28,365,94.71,https://magiceden.io/item-details/7J4o1GrkQ1JYmNgYmwKLHzdikWGpjS2LppU5ZJ91syuX,Orange,House,Shy Pink,Rain,Surprised,Mouth Scribbles,Cat Pink,Sad
1114,0.3,2009,74.76,https://magiceden.io/item-details/14RPZ8N4VpoJYND4PZi8E6qAhRtJsEchKv6WBwPUmV5n,Teal,Leaf,Concerned Pink,Rain,Exhausted,Cap,Cat Purple,Sad
1118,0.22,2227,72.94,https://magiceden.io/item-details/3PVNRaqBbxeMtw9P5KpkEG2yz8TxWSTLhTRV9ioqyHxy,Teal,Cell,Concerned Pink,None,Excited,Stars,Bunny Pink,Speechless
1140,0.28,382,94.51,https://magiceden.io/item-details/D7BaNx3ZuqcHcM16bhPzf8NZ8Ac76J9BGSuuLcwiHbFD,Purple,Lightning,Friendly Pink,Scribbles,Excited,Stars,Dog Teal,Cheeky
1150,0.25,1464,81.81,https://magiceden.io/item-details/BRDZ3oUsGAMjPrGHJCEFq1Ns4i47SPYN6LkDkrvrffCz,Purple,Leaf,Grim Pink,None,Exhausted,Cap,Bunny Pink,Joker
1184,0.23,2703,67.12,https://magiceden.io/item-details/26LWNac4H45caCGUHxtWVb4aXu4BgYccy4N2gkeNRpSb,Teal,Heart,Concerned Pink,Pink Flair,Excited,None,Bunny Purple,Joker
1215,0.2,1315,84.1,https://magiceden.io/item-details/69PyLpEKDtHqqSSpygMZqDLiePY449J6VJuEGq6jsUW7,Purple,Cell,Shy Pink,Scribbles,Exhausted,Cap,Bunny Teal,Happy
1219,0.25,3168,61.33,https://magiceden.io/item-details/F3m4FhfszoTiZJN6ekDJgtXXP2rj9KcVxuKTVA8RCv7Y,Teal,Cell,Grim Teal,Rain,Happy,None,Bunny Teal,Happy
1220,0.22,2968,64.04,https://magiceden.io/item-details/Hrkx5MYz3HxEgSpdsaqZYAhHFzVaz9XHZaQu4i29qYdc,Teal,Cell,Shy Purple,Rain,Hurt,None,Bunny Purple,Hungry
1275,0.22,3040,63.17,https://magiceden.io/item-details/CDJ6tw699yE72evwLUUVG95XL6GAi9G23GJ7TcnFTWUz,Teal,Cell,Grim Teal,None,Panic,None,Cat Purple,Surprised
1287,0.34,1421,81.43,https://magiceden.io/item-details/BhoXu6Q5EWUohs1iwzk1XQtVhucBbeU3xeNZkGdXpZPv,Purple,Cell,Concerned Purple,Pink Flair,Excited,Mouth Scribbles,Cat Purple,Joker
1327,0.3,174,96.81,https://magiceden.io/item-details/26BdUi24EsMuoXvyzKrzrEr4NLWdRRwdGTANrQRmvj7y,Teal,Lightning,Grim Purple,Scribbles,In Love,Scars,Cat Teal,Spookyz Scary
1344,0.22,810,89.97,https://magiceden.io/item-details/4jpWaeC3WxVoLDYkB85WYrfvXyA6t4UDt7BxbCPXPFey,Orange,Spookyz 1,Concerned Teal,Rain,Excited,None,Cat Purple,Clueless
1352,0.22,2906,64.78,https://magiceden.io/item-details/4Jd6239Md1Z2u4gPaSCZjbbvZZJ8nEtxTHCqqXYs4f2a,Teal,Heart,Grim Purple,Pink Flair,Exhausted,None,Cat Purple,Hungry
1413,0.22,1823,77.8,https://magiceden.io/item-details/3ZCWec175hcWMxFrg2KFBKM7nRNvaA3EcVzfrcocYPkf,Orange,Cell,Concerned Teal,Scribbles,Happy,Mouth Scribbles,Cat Purple,Sad
1456,0.2,2804,66.21,https://magiceden.io/item-details/4pFcQdCZYqEpE6Dv4Wrtqj383BFqMwmkGbsXh7AmikAa,Orange,Cell,Friendly Teal,Pink Flair,In Love,None,Cat Teal,Cheeky
1479,0.24,1290,84,https://magiceden.io/item-details/4ZV4VGKRgA5M7CZppu8CgfHV8EBXmdFyQqme6RkxnHf3,Purple,House,Grim Purple,Scribbles,Excited,None,Dog Pink,Sad
1488,0.26,2471,69.61,https://magiceden.io/item-details/FAuedy4szGHDqP8QNVrQtex6AY1rs7ChuLzN3xWxDUoj,Grey,Leaf,Concerned Pink,None,Excited,None,Bunny Teal,Bored
1492,0.22,2890,64.97,https://magiceden.io/item-details/HvrTARp3M7iGpJjW7XeDf1pL1XcaRBCRnfwJHTKemk47,Orange,Heart,Concerned Purple,None,In Love,Eyes Scribbles,Bunny Teal,Surly
1528,0.3,1827,76.95,https://magiceden.io/item-details/D7cQ1xZEotMCCatkVmwSckSnGtfht1VksH3VQsYvYQXR,Purple,Heart,Shy Pink,Pink Flair,In Love,Stars,Bunny Purple,Surly
1550,0.22,1937,76.43,https://magiceden.io/item-details/YJiMKJu4kwDhwgdK8k4BDjJk3LNdxkqHnefo975aBrN,Purple,Cloud,Friendly Purple,None,Panic,None,Bunny Pink,Hungry
1561,0.31,696,90.44,https://magiceden.io/item-details/Ffyya79FirGff9jhuzAfboV837Tbsa8FnKi293sTMwVE,Green,Heart,Shy Teal,None,Happy,Mouth Scribbles,Cat Purple,Clueless
1580,0.4,244,94.97,https://magiceden.io/item-details/FxCtT2mkuTWLVHE6beYsywwvDJLLY96ARRBwQkfB77QD,Orange,Leaf,Concerned Pink,Orange Halo,Excited,Cap,Dog Teal,Spookyz Fangs
1625,0.25,2964,63.79,https://magiceden.io/item-details/AsVCLbzcaYUHizPWu8RFDfhzZcAQXksh7vpJFcyZtgCe,Purple,Heart,Concerned Teal,None,Bored,None,Cat Pink,Surly
1659,0.4,1935,74.65,https://magiceden.io/item-details/3sUSjnk2bZss7uM2v6zPmzHqXKUj1s49M8Vt5eofw1Qx,Orange,Leaf,Shy Teal,None,In Love,Cap,Fox Purple,Cheeky
1663,0.39,2453,68.53,https://magiceden.io/item-details/5vRHMpg5eQT4RtvynHQvYRsh2G7zZ4pCXajUTHwQPqkx,Pink,Heart,Concerned Pink,None,Sad,None,Cat Pink,Surly
1680,0.25,1449,81.99,https://magiceden.io/item-details/6CBSdeM6uULJi81CMSMXD6Qzmq3Nt91o674Tu1jR9yq3,Orange,Lightning,Shy Purple,None,Worried,Tornados,Bunny Pink,Happy
1700,0.23,1271,84.33,https://magiceden.io/item-details/9KY68enWM1xn8UFqwGznBFpnwsqj942sAZCGFMT861sL,Purple,Cell,Shy Pink,Orange Halo,Happy,Mouth Scribbles,Bunny Pink,Bored
1701,0.25,3295,59.81,https://magiceden.io/item-details/Bidto8x96vtFVEs1NykBqJHH3fLmAhSmSddAZukbCyJe,Teal,Cell,Concerned Purple,None,In Love,None,Cat Teal,Joker
1711,0.28,2971,63.4,https://magiceden.io/item-details/4Hs6yN7iEkwgqBm4UKWfQFyguFQ5e5GBauXcXnWWCZDi,Purple,Cell,Grim Teal,Pink Flair,In Love,None,Cat Teal,Hungry
1722,0.22,2985,63.83,https://magiceden.io/item-details/D7Ap29G3zavmL33FvBvk6FCPX9gHkauhVC4XppERsKzT,Green,Cell,Shy Purple,None,Panic,None,Cat Teal,Sad
1783,0.25,943,88.07,https://magiceden.io/item-details/3MFpmyEZ1JBvwLsJJ6sqshZHnjwv3RgeNvV2Ynzc3A1J,Teal,Lightning,Grim Purple,None,Spookyz Watery,None,Cat Purple,Clueless
1799,0.378,182,95.93,https://magiceden.io/item-details/CuLN73TR4x6H7VBY3151oANuXSKuVQahjKXwmjKMRJPC,Orange,Leaf,Concerned Teal,Colorful,Worried,Cap,Fox Teal,Hungry
1840,0.37,95,97.06,https://magiceden.io/item-details/E27oqb4vUkzP8oGYvC1bHtvKcozzMJFzhPrwdgnncSkx,Grey,House,Shy Purple,Flames,Exhausted,Cap,Cat Teal,Sad
1877,0.22,3319,59.82,https://magiceden.io/item-details/23UjjKpXZK6z7Ev2ZfXuhV8UpAgQpEA8qVcBypg1knhH,Teal,Cell,Grim Purple,None,Happy,None,Cat Teal,Happy
1881,0.25,608,92.09,https://magiceden.io/item-details/EvA1NVyDWsXvMC5r8HR4D6GXkxmkLoRSUTVCwQiiWF7T,Purple,House,Grim Pink,Rain,Exhausted,Stars,Cat Teal,Speechless
1914,0.4,622,90.43,https://magiceden.io/item-details/CWeGnMcZLdyKaBvamzL1HMQkbEB864YAmaKPc8cVQBuF,Purple,Spookyz 1,Concerned Pink,None,Hurt,Mouth Scribbles,Fox Teal,Bored
1918,0.34,1788,77.02,https://magiceden.io/item-details/DjBpWHvE3nRaG78Tkd8Z16joK4KFBk5k5egD4kwuCk53,Purple,Leaf,Friendly Teal,None,Hurt,None,Fox Purple,Surly
1934,0.25,2228,72.63,https://magiceden.io/item-details/8EhdD7b8CJsmCzR17zjiPFExNMRQDmJwqkgqnBcTeMUY,Teal,Cell,Friendly Pink,Orange Halo,Panic,None,Bunny Purple,Hungry
1965,0.33,78,97.66,https://magiceden.io/item-details/BHc3nZgZtd5c5kzpGWPmyVcNVv7BC7bsvXd5x9koZFfe,Orange,Cell,Shy Pink,Scribbles,Surprised,Spookyz Lightning,Bunny Purple,Bored
2011,0.25,2626,67.85,https://magiceden.io/item-details/AJ1Y7RnYDwG4JhubFafXSHakRi2mRUsgiMyGfLZeQRuy,Purple,Heart,Grim Purple,None,Excited,Mouth Scribbles,Bunny Teal,Happy
2014,0.26,1014,87.12,https://magiceden.io/item-details/6hQUE6QxVyoFqUUaWHtip35TWXTNixNLCVs83iMJP4g2,Orange,House,Concerned Purple,Scribbles,In Love,Tornados,Cat Teal,Bored
2021,0.22,2151,73.85,https://magiceden.io/item-details/8qsZ5EdnCREuoWrCbYafg2aGvZ9QbzEqzKKpuThxKP4r,Purple,Heart,Shy Teal,None,Surprised,None,Dog Pink,Bored
2039,0.365,738,89.38,https://magiceden.io/item-details/2hGtK4MpkPxW2BTJJ1nT28qHdv7t431o2DVYS6yHzzn8,Purple,Heart,Grim Pink,Colorful,Panic,None,Dog Purple,Speechless
2074,0.2,1930,76.71,https://magiceden.io/item-details/AZrqMZVhGhL3mwapHRTTN8qcBPKfmJMhYyD7y8327L6r,Purple,House,Shy Pink,Rain,Panic,None,Dog Teal,Cheeky
2082,0.22,2909,64.75,https://magiceden.io/item-details/BdoMXheHEiThkBGLTwv93zjECXw5VNWhn8zFcsNzj6va,Orange,Leaf,Concerned Pink,Pink Flair,Excited,None,Bunny Teal,Happy
2106,0.19,1585,80.96,https://magiceden.io/item-details/EbykK99zTmqoC23vH3dpW9MmbFX4qWU4tba3RHZ6gxsj,Green,Heart,Concerned Pink,Pink Flair,Worried,None,Dog Teal,Cheeky
2115,0.35,895,87.65,https://magiceden.io/item-details/3ztD3F3qhD35V6YB3W7GuuZqnCrsE4b4FAdYWMC7wz8M,Teal,House,Friendly Purple,Orange Halo,Bored,None,Cat Pink,Surly
2140,0.3,263,95.74,https://magiceden.io/item-details/49N3dQDgDpwU4HuaejnfchDjDYbUa3VSHNmnvjVV7ebx,Teal,Cell,Concerned Purple,None,In Love,Spookyz Scribbles,Cat Purple,Spookyz Bored
2150,0.3869,460,92.5,https://magiceden.io/item-details/7C2eQgoFQPMgqzFdRrDiQJgaJDWwceZu3MK7gqsD1wT1,Pink,House,Shy Purple,None,Excited,None,Fox Pink,Surprised
2155,0.22,1897,76.91,https://magiceden.io/item-details/7YRNUJWoL4LCvbza4mPvJA6hoaSnHb5JNFkT7zMtFnT6,Pink,Heart,Concerned Teal,Pink Flair,Panic,Stars,Bunny Purple,Hungry
2179,0.28,474,93.4,https://magiceden.io/item-details/9dwSzjvfKvLb3xQivhnAzG4vpzeTyEci93TAMrsdEt5s,Purple,Cloud,Concerned Purple,Rain,Bored,Stars,Bunny Teal,Joker
2210,0.2899,1185,84.76,https://magiceden.io/item-details/EVv91x9pCfDGFyc6CGeYm3WkDKmm1wFtP68RyCa3iADD,Pink,House,Shy Pink,Pink Flair,Happy,None,Bunny Teal,Sad
2214,0.25,1656,79.5,https://magiceden.io/item-details/9QeYAUN73d1ov3oPF7YnL1juFWAz1xDLS5NYPcumVmdM,Teal,Cell,Grim Teal,Pink Flair,Hurt,Mouth Scribbles,Dog Pink,Sad
2215,0.4,637,90.25,https://magiceden.io/item-details/3UQY3QhyXTTmgMr3sbRL9chULvd3ijxfWZysLrJdj8TF,Teal,Heart,Friendly Purple,Orange Halo,Panic,Scars,Dog Pink,Hungry
2217,0.25,1214,84.81,https://magiceden.io/item-details/7aZ29zUJ1yKL6ah63Wf1cvYkgg3U8Zb5SgeUKJ6LfKPc,Purple,Cell,Shy Purple,Scribbles,Hurt,Cap,Bunny Purple,Surly
2218,0.25,2255,72.3,https://magiceden.io/item-details/Go31Kiwow7TD4yt8JNnwL2Y8He55jvHCasdNqthem3EL,Pink,Heart,Concerned Pink,Orange Halo,Bored,None,Bunny Purple,Happy
2219,0.35,2183,72.17,https://magiceden.io/item-details/7Ay6Hot1xNsgRNdXw1kXje1vgnYNmPUv1vV3qyz3syS,Teal,Cell,Friendly Purple,None,Happy,Cap,Bunny Teal,Cheeky
2220,0.25,2783,65.96,https://magiceden.io/item-details/EhaZfHFS9daT5zE4y6UpgCby5B4krBbo8A4MbQ9rb7NV,Teal,Heart,Concerned Purple,Rain,Bored,None,Bunny Pink,Bored
2221,0.249,3211,60.83,https://magiceden.io/item-details/6JWNkEdHzb1C5oZeq7WkEeFN33nWYECQaPiHUU63chn6,Orange,Leaf,Grim Teal,None,In Love,None,Dog Teal,Sad
2223,0.35,3226,59.64,https://magiceden.io/item-details/9D7ea3cDYLjRayMcekEQeWyQxB2Hxb9LgJgpims7R157,Purple,Cell,Grim Purple,None,Panic,None,Cat Purple,Joker
2225,0.27,2649,67.37,https://magiceden.io/item-details/ErsW1DGSVcjLghyrLvjjHJFbX3XyPWMoMDeF24gKmP4n,Teal,Lightning,Grim Pink,None,Hurt,Stars,Cat Purple,Hungry
2226,0.26,1917,76.27,https://magiceden.io/item-details/Z3Ndya2zQcqAqBDmYa7EbBpezQScbZxQ3iTRL7Gk1Wa,Orange,Leaf,Concerned Pink,Flames,Happy,None,Bunny Pink,Bored
2228,0.37,878,87.65,https://magiceden.io/item-details/dQ7C6fYqToiTtdKAS4YXcBbzhzfa9zFHerhvP79y1wD,Grey,Leaf,Grim Purple,None,Excited,Tear,Cat Purple,Hungry
2239,0.29,2564,68.19,https://magiceden.io/item-details/EBMY5LhBD7qdN8PypG6s29Gi1LpVsFoguhqL7oHKTedi,Orange,Lightning,Grim Teal,None,Exhausted,None,Cat Purple,Clueless
2240,0.3,2376,70.35,https://magiceden.io/item-details/E19GXxnTc8PnL5xoP1dsntMUoT5iKqZS11nyo33Aq2U8,Orange,Heart,Concerned Teal,Orange Halo,Panic,Eyes Scribbles,Cat Pink,Cheeky
2242,0.35,703,89.95,https://magiceden.io/item-details/EE1hJ1vRe4A8y1y94gvrfvve7GVwUEFv3jys8XTqxHvG,Teal,Cloud,Grim Purple,Scribbles,Surprised,None,Cat Purple,Sad
2262,0.25,1034,86.98,https://magiceden.io/item-details/8UgkZEcGMHFY9aTUD5w1zLeDKPHf9izFq6cd6kWffg8B,Pink,Lightning,Grim Teal,Pink Flair,Bored,None,Fox Purple,Bored
2326,0.34,2130,72.91,https://magiceden.io/item-details/4ikJTs9RotrkJQjmb4Kikpx5yWZ8FxkFk9rFUNTSrxPA,Orange,Cell,Concerned Purple,None,Panic,Mouth Scribbles,Bunny Teal,Surprised
2377,0.2,2857,65.57,https://magiceden.io/item-details/Girk7VrsFmsZuzCYsLSJRvcrvdDg4aegQAjBVApXrfe6,Orange,Leaf,Grim Teal,Orange Halo,Exhausted,None,Cat Pink,Happy
2385,0.378,3257,58.99,https://magiceden.io/item-details/P88kY5rgwCWovvG2hu9Ca34eaqNHFY8FhuDy9FipXoD,Orange,Heart,Concerned Purple,None,Panic,None,Fox Teal,Sad
2386,0.369,490,92.32,https://magiceden.io/item-details/Bm3zw6aJVA1NgMzib1HHy6CDA3qTDK9o8ZsLefro7SB8,Teal,House,Grim Pink,None,Spookyz Watery,Stars,Cat Pink,Surly
2388,0.4,100,96.7,https://magiceden.io/item-details/AKLhr99usYpXrjrtFckyaGzsTNxNuDd5pNcK2vybCU3H,Orange,Spookyz 1,Shy Purple,Flames,Bored,Eyes Scribbles,Cat Teal,Happy
2410,0.3869,602,90.8,https://magiceden.io/item-details/BAG4yTtdZQYpfJKJav8ubu9o8sQYN82hXYBLGX46ML6Q,Orange,Heart,Concerned Pink,Scribbles,In Love,Stars,Fox Pink,Surprised
2450,0.25,880,88.83,https://magiceden.io/item-details/EoQWEFU3PokRqjybStaMVQpmj7MpGQEZjB9XWTzaUM2a,Grey,Heart,Grim Pink,Orange Halo,In Love,Tear,Cat Purple,Bored
2475,0.3,321,95.04,https://magiceden.io/item-details/HkykuHse4AEKioU1ZeiknMwnhbshHpmjHbChxpWqMmzS,Green,Heart,Grim Pink,Colorful,Panic,Mouth Scribbles,Dog Pink,Happy
2478,0.19,1156,86.11,https://magiceden.io/item-details/D7ChSdRALZd1QGEExQk8KqKRqTft27WrpX9y2iQjG4iE,Orange,Heart,Shy Pink,Pink Flair,Excited,Cap,Fox Pink,Happy
2532,0.25,659,91.48,https://magiceden.io/item-details/BBjvwHDKptdM5VFZ9iVxfG5h9CBbc3n3BwKnbgi5PiZn,Pink,Lightning,Grim Purple,None,Surprised,Eyes Scribbles,Dog Pink,Bored
2552,0.365,2135,72.6,https://magiceden.io/item-details/5xe8fbTYKf7f93oHY1vcPTKSwyJ2kfp4n767WZBGYR5X,Orange,Cell,Friendly Teal,None,Panic,Mouth Scribbles,Dog Purple,Sad
2576,0.25,717,90.78,https://magiceden.io/item-details/39Ciur6cwqEic2NtjoNSb5oUSdmHcJV28C8yfnCszbzm,Green,Cell,Shy Pink,None,Surprised,Mouth Scribbles,Cat Teal,Bored
2578,0.2,2289,72.4,https://magiceden.io/item-details/JCMEry6fw8BS8QwSRxPyskaGyEUTbyU4PuTaAekJnuYn,Orange,Cell,Grim Purple,None,Excited,None,Cat Purple,Spookyz Bored
2608,0.3,3284,59.44,https://magiceden.io/item-details/824ELyXx2mWJgEFx54kQ8oE7PtRyHKfeNf3ingMK6mg7,Purple,Heart,Grim Teal,None,In Love,None,Bunny Purple,Cheeky
2610,0.369,1994,74.25,https://magiceden.io/item-details/FqaadLrg3EGYPuzcyq5Z6Hc1euVW3yNzF3t6cxF8hvrp,Purple,Lightning,Grim Purple,None,Excited,Stars,Fox Purple,Happy
2613,0.35,2462,68.82,https://magiceden.io/item-details/9LZgrCvivhEHgEKYihxUtaEJRwKXLN8M4g46YR3h34QN,Purple,House,Concerned Pink,None,In Love,None,Fox Purple,Cheeky
2627,0.2,914,88.92,https://magiceden.io/item-details/A1vuktYiv4guQZ2xmXFT7jyDBSSGCVhWF7rSruvNuta5,Orange,Heart,Grim Purple,None,Spookyz Spiral,Mouth Scribbles,Dog Teal,Bored
2664,0.28,406,94.22,https://magiceden.io/item-details/4rxqmCckUJy4N9yyoQo5kZinCCP9Vu5ekvSPFxSykCyg,Purple,Cell,Friendly Teal,Scribbles,Bored,Mouth Scribbles,Cat Teal,Hungry
2667,0.3,294,95.37,https://magiceden.io/item-details/37CWTa8UUEDTyCzUQQKrhd1zQosmunMCkEE6qPkJCp1y,Pink,House,Friendly Pink,Scribbles,In Love,Stars,Bunny Teal,Bored
2688,0.25,3281,59.98,https://magiceden.io/item-details/59Auns7tvJXT8hecCz1B4K7MjZJPs1PfHnSafH5L2jep,Purple,Heart,Concerned Teal,None,In Love,None,Dog Purple,Bored
2703,0.3,1860,76.55,https://magiceden.io/item-details/HfprVFZE39juVc7E64EFGYm7guFo9Ti83iHAtLea961K,Green,Cell,Concerned Teal,None,Panic,Tornados,Cat Pink,Hungry
2743,0.22,3084,62.64,https://magiceden.io/item-details/91GM2iYynzeqJBRFZrg1EcyHjZisVPw8VGGszs1gh7gf,Orange,Heart,Concerned Teal,None,Panic,Mouth Scribbles,Bunny Purple,Bored
2768,0.24,1785,78.05,https://magiceden.io/item-details/HxHs17CQg8BtsS7ofd6BseLd9ch1Ckbmqn6xQULkdprS,Green,Heart,Grim Teal,Rain,Exhausted,None,Bunny Pink,Joker
2785,0.39,2341,69.87,https://magiceden.io/item-details/g5e7ricJcjJWhcckTSMPA2d54Yw2tf5yiMX4WQVzbkq,Grey,Heart,Grim Teal,None,Excited,None,Cat Pink,Joker
2788,0.35,3022,62.09,https://magiceden.io/item-details/APKeNJRnYhnPTnQKw5QrjGEqRS8Fiq4FFV5mwVqZCKrk,Teal,Heart,Concerned Purple,Pink Flair,Excited,None,Cat Pink,Cheeky
2818,0.3,2750,65.86,https://magiceden.io/item-details/3rC4RKXQEADdnQLXYiBeqotNT9qNFLb5NyBFkx4K3p4D,Teal,Cell,Concerned Purple,Pink Flair,Worried,None,Cat Purple,Cheeky
2825,0.26,1263,84.12,https://magiceden.io/item-details/6NXfqwzs8Hrg1NPhcsCQqaHdJBWwL9Q5V5MS8GACqGhP,Orange,Leaf,Shy Teal,Rain,In Love,Stars,Dog Teal,Speechless
2842,0.4,1015,85.7,https://magiceden.io/item-details/HmnVAFgJ3yJXjPg45jfYhw24tiWTyACGwzog41iRMnG7,Grey,Leaf,Grim Purple,None,Happy,Cap,Fox Teal,Happy
2859,0.19,821,90.14,https://magiceden.io/item-details/tPRDPfgqnFc6eR2n16tHHn5T7LsgBuLBb1Zmxmi8EdK,Orange,House,Grim Purple,Rain,In Love,Tornados,Fox Purple,Bored
2865,0.25,368,94.98,https://magiceden.io/item-details/68J9pQnDJ1KCKmwMwetNh66NoWocy2b999DrWPzpAEAd,Green,Leaf,Friendly Pink,Pink Flair,In Love,Stars,Bunny Pink,Hungry
2983,0.19,716,91.4,https://magiceden.io/item-details/6rdWvswpf8NskUkD9XAaGW9rnf42wTtA4y8GbJyvnNut,Pink,Lightning,Shy Teal,None,In Love,Scars,Dog Teal,Joker
3008,0.35,1101,85.17,https://magiceden.io/item-details/EtvgxGb67VG2fjvJdty2CSwUGs6qBTHumCdWsBPnvb75,Teal,House,Grim Purple,None,Panic,Tear,Bunny Purple,Speechless
3021,0.3,220,96.26,https://magiceden.io/item-details/FMWEYp8um3bWNWgGNg42cSZnTEs6bH4XypuYoFsSj92j,Teal,Spookyz 1,Concerned Pink,Pink Flair,Hurt,Tornados,Bunny Teal,Joker
3076,0.2,2191,73.57,https://magiceden.io/item-details/4rhXYAFZ1kH47P9BwqMNG3hhrJjQqMYQ2ujuKKG8cwf1,Orange,Cell,Concerned Teal,None,Hurt,Cap,Cat Purple,Clueless
3078,0.22,2417,70.66,https://magiceden.io/item-details/5jHJm9bLMZuBAvjCiSAD2CpqwQQi3zYrpmR3N7XYkXQr,Purple,Leaf,Concerned Pink,None,In Love,Eyes Scribbles,Cat Purple,Surly
3082,0.22,3087,62.61,https://magiceden.io/item-details/3muxQLZiA4DYjuVpci6ike8Bcao1t6xsiEguDwYyXwdt,Orange,House,Shy Pink,None,In Love,None,Cat Pink,Bored
3121,0.23,1440,82.3,https://magiceden.io/item-details/7S5D7v1NyjwZAmzPZPNemDU6TSEVmzMPNLt8qs3g4jiW,Orange,Leaf,Concerned Purple,Pink Flair,Excited,Tear,Bunny Teal,Bored
3215,0.4,2543,67.34,https://magiceden.io/item-details/H2ZufXd4uuSAw6skPe6wxzpBfMMqUnREG555tPNFwDzR,Purple,Heart,Grim Purple,Orange Halo,Happy,None,Dog Pink,Cheeky
3246,0.3,3025,62.55,https://magiceden.io/item-details/EUV9E329YHnKFeZ5R3MNqTrrJF1wazT9dLXkxL7uqz9p,Purple,Cell,Concerned Teal,None,Happy,None,Fox Purple,Bored
3265,0.27,2220,72.53,https://magiceden.io/item-details/Gx5Qjimexjr5Z48mKWfd3PnK6FF58Mb63PDZYsLs1BME,Green,Heart,Grim Teal,None,Hurt,Stars,Cat Pink,Hungry
3272,0.25,1667,79.37,https://magiceden.io/item-details/E3bGkqUpQPRiVgJjGGRymD1KRk2XiWHQNQuBTpCnpjhr,Orange,Leaf,Shy Purple,Pink Flair,Hurt,Cap,Bunny Pink,Happy
3273,0.25,1609,80.07,https://magiceden.io/item-details/5a7FAvt3ou1oWUhM4agSu9LE7WrRxBziyWnQWjnTMWZW,Green,Lightning,Grim Pink,None,Hurt,Stars,Bunny Pink,Cheeky
3274,0.3,2805,65.2,https://magiceden.io/item-details/HWLGHbvjyYL3RbgfDPfH87nqmL2bvDcafhkrJ8TAGJw7,Teal,Lightning,Shy Purple,Rain,Panic,None,Bunny Teal,Hungry
3275,0.35,1288,82.92,https://magiceden.io/item-details/3P3CFL82EuQGJvKxj9N8ykf19Ri4GiF9L2JcZrgdSFCv,Orange,Leaf,Grim Purple,Scribbles,Hurt,Stars,Dog Teal,Surly
3276,0.25,1965,75.79,https://magiceden.io/item-details/G3JhNTm1RSgjgwuMN9AG88Ro9s6XWPhafCEAb7YWHNq6,Teal,Cell,Concerned Teal,Scribbles,Exhausted,Stars,Cat Pink,Cheeky
3277,0.25,1673,79.3,https://magiceden.io/item-details/4FZUuDRGnqcV8e3C3m8BpJ7L5EmuMTewt4edVgincg6a,Teal,Leaf,Concerned Pink,Orange Halo,Exhausted,Stars,Bunny Teal,Sad
3278,0.25,1281,84.01,https://magiceden.io/item-details/F4M5dAqDRXXWzdJ1qbu25atEqaVogy5T6sVfvhCtB76m,Teal,Leaf,Concerned Purple,Scribbles,Happy,Eyes Scribbles,Bunny Teal,Bored
3279,0.25,2428,70.23,https://magiceden.io/item-details/A9dWfKudZYXnvYvsJNyer3EEz44k48vbNQ3QRvWT2WkL,Teal,Lightning,Grim Teal,Pink Flair,Happy,None,Dog Pink,Sad
3281,0.25,1503,81.34,https://magiceden.io/item-details/DhqhUex46ruWfw78FSV2Vo6Csm8ndpxamNeUQjyHrmds,Teal,Heart,Grim Teal,Rain,Worried,Eyes Scribbles,Dog Teal,Bored
3282,0.365,736,89.41,https://magiceden.io/item-details/54sE6oRqBTVsV1owUH17dJc7aABNfhWgKaqKBCrxPeFY,Purple,House,Concerned Teal,Orange Halo,Excited,Cap,Dog Purple,Cheeky
3283,0.37,1089,85.11,https://magiceden.io/item-details/5Wx9XN1bZDqc2r1QPwYG1RqFoUHkUZEj47hNJCes73He,Grey,Lightning,Shy Teal,None,Panic,Eyes Scribbles,Bunny Purple,Surly
3284,0.25,1069,86.56,https://magiceden.io/item-details/33K4n7d4W8HvsJmDqBiZe3uyn5jA3DJN3GPtzvifLjtG,Orange,Heart,Shy Pink,Scribbles,Worried,Stars,Dog Pink,Bored
3285,0.27,2168,73.15,https://magiceden.io/item-details/71XUQ5dxEtUNznri77HfUiPQ7bj4nkvPZrrMFAi4njxX,Green,Lightning,Grim Teal,Pink Flair,In Love,None,Cat Pink,Hungry
3289,0.365,2249,71.23,https://magiceden.io/item-details/CWdDhYnKusxxjSeGfbR8SayDhD4z64YZ8cKZ5rJpqwMR,Teal,Heart,Friendly Purple,Scribbles,Panic,None,Dog Purple,Bored
3294,0.37,1559,79.47,https://magiceden.io/item-details/HzoBFCKGtMcCCCcNdv3teC1Wh54GYeB5Q88khUncHS6T,Grey,Leaf,Shy Teal,Rain,Happy,None,Cat Purple,Sad
3295,0.26,2774,65.97,https://magiceden.io/item-details/26Fo2H7JJnKFKJF82Xrfrfhm3PDf2uqHgVyL5GJ5X4DW,Purple,Leaf,Grim Teal,Pink Flair,Hurt,None,Cat Purple,Happy
3297,0.365,1742,77.32,https://magiceden.io/item-details/236cU1V2UiPNRDh1ssyV6cM35vJwQ2wLf1VgbYn2H7WW,Green,Lightning,Grim Teal,Rain,Happy,None,Dog Purple,Hungry
3298,0.25,1764,78.2,https://magiceden.io/item-details/GjKbkKN5nDbL65Xby2GMkCwb79XiR25UtPNbEzA2uTDz,Green,Cell,Concerned Purple,Pink Flair,Excited,Stars,Cat Pink,Happy
3299,0.29,2160,73.05,https://magiceden.io/item-details/62qS7dsuTVeiauJxVC2LUASf2tb22L73urdPcHfGrc84,Teal,Leaf,Shy Purple,None,Exhausted,None,Cat Purple,Clueless
3300,0.37,1225,83.48,https://magiceden.io/item-details/Dq7c2fPra63gwmcbswQ5Xm7X6VdwG8HmeMsuGqVPn6Qw,Grey,Heart,Concerned Teal,Scribbles,Happy,None,Bunny Purple,Joker
3301,0.2899,1131,85.41,https://magiceden.io/item-details/CTaBvLPmpEGchTHAb6ZbYrsxHHHaeJJqfL7ZCZgS3hwF,Purple,House,Shy Pink,Rain,Excited,None,Fox Purple,Cheeky
3302,0.365,1791,76.73,https://magiceden.io/item-details/CavszYFAaYSxhcqMRYRxGWctZajAYhd7unjX4xxi6Bc2,Green,Leaf,Concerned Purple,None,Excited,Stars,Dog Purple,Happy
3303,0.35,481,92.62,https://magiceden.io/item-details/Dw51YPwGVPLbzLytD3xHkSg8oELhJpvBX5E83DqUoPvL,Orange,House,Grim Pink,Scribbles,Spookyz Watery,None,Cat Pink,Cheeky
3308,0.3,1912,75.93,https://magiceden.io/item-details/9TBmchDQUo9RGU9Wsdx1egwWzKrvkU79y5PgJS2s4rie,Orange,Cell,Friendly Pink,None,Hurt,Mouth Scribbles,Cat Teal,Cheeky
3309,0.3869,1923,74.92,https://magiceden.io/item-details/FJYMwa9ghfqAe6FuNbjYc14KpY5ebAYYM5ciPh1ZeHq4,Green,Lightning,Grim Purple,None,Excited,None,Fox Pink,Bored
3310,0.3869,1063,85.26,https://magiceden.io/item-details/2ecBZWX3T2y1K53vugShonehD6VmJnUFNA7LVq2zztTh,Pink,Heart,Shy Purple,None,Exhausted,Cap,Fox Pink,Cheeky
