id,price,moonRank,ðŸ’Ž score (%),storeURL,Background,Beard,Body,Cloth,Ears,Eyes,Hat,Mouth
14,5.1,5327,23.28,https://magiceden.io/item-details/E9vsso2CHGF4BsjDsStdFyjzkNBsbhQxNVXRrf23tG5R,Blue,Goat,Classic,Hoodie,Nothing,Classic,No hat,Nothing
29,4.5,1893,54.24,https://magiceden.io/item-details/AvPXn2336VDdV7BEv25qfF6Ns96NxExNq1Y9B8eQR31Y,Lavanda,Hagrid,Golden,Gnomie uniform,Nothing,Classic,No hat,Nothing
40,6,2697,33.4,https://magiceden.io/item-details/5fGA1A3m9P1ZeXcGk2ytTvqRcLZg3R8neCx6ULU2xmxv,Yellow,Flowers,Classic,Hawaii shirt,Nothing,Classic,Top hat,Nothing
47,4.8,2569,46.33,https://magiceden.io/item-details/8MCDxj67B5z6SX9rrarZ4ijLT7npLB1N9Vg61kARVT3D,Peachy,Half beard,Classic,Winter jacket,Nothing,Classic,No hat,Cigarette
65,2.99,3207,59.79,https://magiceden.io/item-details/CRAqU4NRn64vNSkUchEMaKGQURz8LqtSWzGPRzDd42sg,Mint,Goat,Classic,Sailor,Nothing,Classic,Wizard cone,Nothing
89,3.69,3131,53.34,https://magiceden.io/item-details/J7gCtwVpM6NNdcimsa57dKpVwEB3Bh2439DUTdYzf846,Blue sky,Goat,Classic,Weed sweater,AirPods,Classic,No hat,Nothing
135,5.95,4717,19.21,https://magiceden.io/item-details/8MAeKxMQosNuforSgtDL4oQJHMYJmw79x1cMGdXWza56,Blue sky,No beard,Classic,Hawaii shirt,Nothing,Classic,No hat,Nothing
149,2.2,5459,51.32,https://magiceden.io/item-details/BYMjZaNwTUDDYfPcoNWQ1TBXZe32HXuoi8FVs2xkqeYx,Blue sky,Swirl,Classic,Sailor,Nothing,Classic,No hat,Nothing
156,5,96,62.3,https://magiceden.io/item-details/8NwJuWjJgT2fogDAe2p9BDWuDnWnNYTnAJNEhpo8Hy6m,Yellow,No beard,Hologram,No cloth,Nothing,Hologram eyes,No hat,Nothing
159,1.5,1881,84.33,https://magiceden.io/item-details/6QXF54gHzrQED33iAXRB6Qfj3tyrnzjqjQP832LQae4T,Mint,Long beard,Classic,No cloth,Nothing,Classic,Blue cap,Nothing
170,3,1768,70.15,https://magiceden.io/item-details/ABwdY6PTPuQhBbLsb9ZLipLtfeDVyoau9pbYSLXgrNvW,Yellow,After shave,Orange monkey,Princess dress,Nothing,Classic,No hat,Nothing
183,3,106,82.23,https://magiceden.io/item-details/5WRvLT6LPKLCg78bryNbh4gzVHTuPKiosYbwYt8QkxpA,Yellow,No beard,Hologram,Gnomie uniform,Nothing,Hologram eyes,No hat,Nothing
210,2,4262,62.02,https://magiceden.io/item-details/ENaMrQKqLZXnrcCg6wcukSRhTL5PzabNKWU8pb2EE9Xy,Pink,Long beard,Classic,No cloth,Nothing,Classic,No hat,Nothing
240,4,816,67.07,https://magiceden.io/item-details/9B11tkEQ6TyTdNvxe569RMg5tuxRBpY1xhfqLZCip9gs,Pink,Goat,Robot,Poncho,Nothing,Classic,King's crown,Nothing
255,1.9,2451,76.18,https://magiceden.io/item-details/B9JYNf7uu6RLWWs5ZNpYNuJbXWyNPrYw61zAYHHM2q2a,Blue sky,No beard,Classic,Cop vest,Nothing,Shutter shades,No hat,Nothing
259,5.89,3254,30.45,https://magiceden.io/item-details/8991HLsh9n1KYsfJi91kA9aUCjwWGdVbAKoY3apvkSWm,Mint,Hagrid white,Classic,Turtleneck,Nothing,Bruise,No hat,Nothing
287,1.4,970,91.95,https://magiceden.io/item-details/8nD4W7GYP83PxkWNEp8szJQHxLzPgurkjiLP5HCaFuHq,Blue,Swirl red,Classic,3-piece suit,AirPods,Classic,No hat,Dentist needed
292,5.9,997,46.75,https://magiceden.io/item-details/GT9sXjoNBw8BuW8LTeYvMh7gBtxSuGDdHBQBASwHxCxQ,Blue sky,Swirl red,Pepperoni,Sailor,Nothing,Classic,Cop,Nothing
298,4.59,4592,33.72,https://magiceden.io/item-details/63gwb2qkDAv1x6VVLxR6gLA9zirwJ2NDPJx7ZqFMjfPm,Pink,Half beard,Classic,Turtleneck,Nothing,Classic,No hat,Nothing
320,2.5,5293,49.53,https://magiceden.io/item-details/58P7wfohAjyagN5AAXT7dHmqGqHV1dFc3RyX4hQL4CgW,Yellow,Classic red,Classic,Blue cloack,Nothing,Classic,No hat,Nothing
335,3,56,82.59,https://magiceden.io/item-details/9ADXrpgaK1iyHW58qztVJwTKjMH5vWaW2dmBrQkuNPrd,Lavanda,Golden rings,Red monkey,Gnomie uniform,Nothing,Golden glasses,Sombrero,Nothing
347,10,799,7.19,https://magiceden.io/item-details/GuGEi9VDDDs34eUoNbnK4J9LYk71bw4s8ZJY5hB74XYi,Mint,Swirl,Classic,Lether coat,Nothing,Classic,Nest,Cigarette
363,2.49,125,87.19,https://magiceden.io/item-details/2RdzELxmtJFXeVtQVDqDYME4aesyFtAu8iNuk5kKC4pr,Pink,After shave,Orange monkey,Sailor,Flower earring,Classic,Wizard cone,Nothing
380,1.59,337,94.65,https://magiceden.io/item-details/F3HCwgiB2C3nZux9R5PrBpgHN4vFT46WLPL18MVJX36Q,Gallery,Huge mustache dark,Classic,Turtleneck,Nothing,Crying,Miner,Nothing
407,3.69,1983,61.69,https://magiceden.io/item-details/BKJmnSMmiCF11Gc1YG9pFchi2F4hBsPpMQepaHEazPgp,Blue,Huge mustache dark,Classic,Black ninja,Nothing,Classic,Amonita,Nothing
409,3.7,4100,46.2,https://magiceden.io/item-details/3npkA3gvoVsyQS4TyzuBuHL5KpgR6SEjGCtFki3nNsf9,Blue,Hagrid red,Classic,Sailor,Nothing,Classic,Bandana,Nothing
424,4.99,1157,54.69,https://magiceden.io/item-details/FkKp1SKQirbW6ZXysG5Fu4a9PQaG9pmhGfH9UJwtjVmX,Peachy,Huge mustache,Classic,Hoodie,Nothing,Cybereye,No hat,Joint
425,1.68,1955,81.99,https://magiceden.io/item-details/HCZfUcndiocH1RQ8T7JSxcjzNMxadc2nM1Zi69sdCiCd,Blue,Swirl,Classic,Black ninja,AirPods Max,Classic,No hat,Nothing
432,4.2,5302,32.46,https://magiceden.io/item-details/CvNVMnTLrYFVHwnwUnR8KWaKXvEqhkfv5SvBFZzFJQFR,Blue,Long mustache,Classic,Gnomie uniform,Nothing,Classic,No hat,Nothing
454,5.98,4881,17.72,https://magiceden.io/item-details/FGfbqxLCy2nbahLtS3SSGLkX2pvhNquuTpJZCQY7anLE,Blue,Hagrid white,Classic,Lether coat,Nothing,Classic,No hat,Nothing
506,2.1,857,85.77,https://magiceden.io/item-details/59pwQ9ZhPVnZeEjscvpQBtGkj5Fh8zdD9W49fr75gTX4,Yellow,Hagrid white,Bubblegum,Prison robe,Nothing,Classic,Viking,Nothing
553,3,2790,62.72,https://magiceden.io/item-details/H7h5h7FArojz4dWvFbqkJmcnPggctoJeN1DcpJszRZts,Mint,Huge mustache,Classic,Classic cloack,Nothing,Classic,Iroquois,Nothing
659,2.23,70,90.19,https://magiceden.io/item-details/HZ1WmwDnfEr77CtF9btPpPdYEtGntTRMK4LVVYbTQPk5,Blue,No beard,Rainbow,Black ninja,Antennas,Classic,Afro,Nothing
664,3,986,75.83,https://magiceden.io/item-details/8j9fYiEvMfcgNgkhNZ4m7Ezjd4T2jB1fqJjYqAfsbc3h,Peachy,Golden rings,Robot,Fur coat,Nothing,Classic,Top hat,Nothing
683,3.69,3387,51.48,https://magiceden.io/item-details/7A6VoEwyvYW97MdtCq1u1sgw95ZyWYdTsYqGT6yd5mXE,Yellow,Goat,Classic,Lether coat,Nothing,Classic,No hat,Tounge
700,2.85,4855,49.21,https://magiceden.io/item-details/7xppsng5xJZcEvsLkLtYyBd1o5Mru2wUaGRR1hwPFonA,Blue,Hagrid white,Classic,Gnomie uniform,Nothing,Classic,No hat,Nothing
716,3.89,1383,64.05,https://magiceden.io/item-details/6gWvaEJjtmibzUd6P7EhfuSEE9RtAs9U8MwTavRE7ReN,Blue,Huge mustache dark,Classic,Hawaii shirt,Diamond earring,Classic,Top hat,Nothing
720,3.23,2576,61.98,https://magiceden.io/item-details/6E2yEyqQU9ZohYyJx2BxW7scKTWcdbE8f8KbTb2oXnqv,Lavanda,Classic dark,Classic,Fur coat,Nothing,Classic,Sombrero,Nothing
730,3,309,80.75,https://magiceden.io/item-details/J1azfRthqvSJJ2um1C52GNRE4667pbB8tGD1152htRbe,Peachy,Huge mustache dark,Classic,White t-shirt,Nothing,Cybereye,Jewish,Pipe
764,2.6,529,83.15,https://magiceden.io/item-details/D8DEjNRFVSVGFHuaKVE67vY3E3oBdVKBWAiYeNHwTRyi,Peachy,Hagrid,Classic,Fur coat,Robot ear,Classic,No hat,Cigar
776,1.89,1531,82.97,https://magiceden.io/item-details/87WwcYtHkULdkZeAktgdnP5vkH7DqhmFq8LNuYxLQWSr,Yellow,Classic red,Zombie,Turtleneck,Nothing,Classic,Blue cap,Nothing
777,3.95,3610,47.26,https://magiceden.io/item-details/3iZB83TmRXqFZAyu8b278GbqY2moTinKnp6QKGwQiaFC,Lavanda,Long mustache,Giraffe,White t-shirt,Nothing,Classic,No hat,Nothing
813,2.85,4659,50.63,https://magiceden.io/item-details/ZA3TBS23qX5jQwsTKwhXvpnJ7TVG48vLSCR2aUYLxeV,Mint,Swirl,Classic,3-piece suit green,Nothing,Classic,No hat,Nothing
824,5,103,62.25,https://magiceden.io/item-details/3KKDpFqUoxgYEPMaGRvZRep2o5UhvUnj4eE7g5Ujo16J,Pink,Huge mustache dark,Alien,Poncho,AirPods Max,Night vision,No hat,Nothing
886,2.4,4640,55.27,https://magiceden.io/item-details/GNVmn75A8kRGvsPAdQnsrtpdwtvvnFWz8HkiX6Hgq8X9,Pink,Classic,Classic,Weed sweater,Nothing,Classic,No hat,Nothing
900,3,356,80.41,https://magiceden.io/item-details/2pB5iZt2ei5AMHxhHmpaD7vuFq3nQCXfB7Tmhp4mneoT,Blue sky,Pink,Rainbow,Squid game,Nothing,Classic,Afro,Nothing
957,2.42,196,87.38,https://magiceden.io/item-details/DERJ4hAShjfgTzdVv4A4GYyaBd6sZZf7vLMf9CLj7jxT,Yellow,Hagrid,Bubblegum,Hoodie,Robot ear,Classic,Wizard cone,Nothing
969,1.8,1449,84.47,https://magiceden.io/item-details/BnVHfVDbTEk9p3w6FcwtUv4cCxrs3o5veqgMH89UeYZN,Pink,Classic,Rainbow,Lether coat,Nothing,Night vision,No hat,Nothing
998,2,2202,76.99,https://magiceden.io/item-details/77YK6yVNkjrAnignYR9fhaFqSSBhfWcT8px6hKJnufXz,Peachy,Huge mustache dark,Classic,Sailor,Robot ear,Classic,No hat,Nothing
1003,3,230,81.33,https://magiceden.io/item-details/DJi3RgnAfwTs3rSt2fLdVoVFvjnJDDavnBibfmN96669,Rad rugs,Apple stub,Classic,Cop vest,Nothing,Classic,Peaky Blinders,Bubblegum
1052,5,159,61.84,https://magiceden.io/item-details/CG6Pqs9ojWBcY81GJJJq4fdxnVFYpqLqUzJnUqWXjg2j,Yellow,Classic dark,Monkey,White t-shirt,Diamond earring,Bruise,No hat,Nothing
1104,2,3552,67.18,https://magiceden.io/item-details/6s3itfw2iAgorzeT5DeaVTx5JxwWUFp5njZFkPWnR6sL,Peachy,Classic dark,Classic,Turtleneck,AirPods,Classic,No hat,Nothing
1116,2.84,3984,55.64,https://magiceden.io/item-details/7di9kQ25t3hf19NDsbBSpqLHqUqV3ZRpbBXqoSHjwoLg,Blue sky,Long mustache,Classic,Sailor,Nothing,Classic,Cowboy,Nothing
1152,1.4,2435,81.3,https://magiceden.io/item-details/Add18V44MTdfGbBX7BwnD7YaXVYk5qF6qhXixQdXU1nJ,Yellow,Classic dark,Classic,Black ninja,Nothing,Monocle,No hat,Nothing
1208,2,561,88.92,https://magiceden.io/item-details/Fn5qbDi6jHsyoAYDNDUgkHy1o46qzZgDozmgNauaZG27,Yellow,Classic,Pepperoni,Prison robe orange,Nothing,Classic,No hat,Pipe
1209,1.6,2696,77.4,https://magiceden.io/item-details/5UtggowjhneLU76y1KHKMYoF6LMFWPJLuCikX4BHZEVf,Blue sky,After shave,Classic,3-piece suit green,Flower earring,Classic,No hat,Nothing
1269,5,1490,52.17,https://magiceden.io/item-details/Aqc76wot1k1Z1Dgxp4CssQ5wfrRnifuMpCCs1XPVVjjo,Blue sky,Hagrid,Classic,Winter jacket,Nothing,Stoned,No hat,Bubblegum
1364,2.75,1221,76.62,https://magiceden.io/item-details/eHjax6WxwgHcUoeHL5Bth1ghruP9enxU6unyLw7qDFP,Blue,Hagrid red,Classic,Hawaii shirt,Nothing,Classic,Afro,Bubblegum
1370,1.5,3963,69.19,https://magiceden.io/item-details/E9EfXSD62EgrdPZ2rsxMbojCZqxv5d8xmAZjcRm6CEKa,Peachy,Classic,Classic,No cloth,Nothing,Classic,Miner,Nothing
1378,1.7,2638,76.83,https://magiceden.io/item-details/AyCpeCmULB7EiXEKRAtHxenRhYD6hondepWGy3BoCDsQ,Peachy,Huge mustache dark,Classic,Squid game,Nothing,Classic,Peaky Blinders,Nothing
1390,1.99,177,91.81,https://magiceden.io/item-details/J2ULFhQz7QGPVqhBc7uXpCjNJCcXXpdPn7FXVcT5gT72,Blue sky,Goat,Classic,Weed sweater,Security,Steampunk,No hat,Bubblegum
1400,4.69,2961,44.58,https://magiceden.io/item-details/3QExugpLB3SVrCwKsgNZE9tj3GiMg8CNEc31tDdqy6ja,Yellow,Swirl,Classic,Lether coat,Security,Classic,No hat,Nothing
1445,5,15,62.89,https://magiceden.io/item-details/FMh6pbHxpJUpaxd9yPatSdPVtk6Sywky1cSYDUV1bNYW,Yellow,Goat,Dalmatian,Sailor,AirPods,Golden glasses,No hat,Cigar
1446,3.89,2611,55.12,https://magiceden.io/item-details/3UZMStAYV7ZCmgj5AsWj5WMcX8prCKzRkQ1E4ENoWBXW,Yellow,Swirl red,Rainbow,Prince jacket,Nothing,Classic,No hat,Nothing
1452,2,4969,56.88,https://magiceden.io/item-details/Ho5KvaX6RGYt67EZqzD38kd2G9d1FSRoS52txsxd1Tx2,Peachy,Hagrid red,Classic,Classic cloack,Nothing,Classic,No hat,Nothing
1456,2.68,5466,46.47,https://magiceden.io/item-details/J4nk9Fvh6TQJWFa9Nm1Mr9x8ztRxbqYFK6nHHfJzKYsW,Yellow,Swirl red,Classic,3-piece suit,Nothing,Classic,No hat,Nothing
1468,3,86,82.37,https://magiceden.io/item-details/9YTR4iB3YfJAn59vRQW15c6HoWQN6mMUPe1Fm3udJKHG,Mint,Hagrid white,Classic,Weed sweater,Hands-free,Classic,Cyborg brain,Sushi
1537,4,3517,47.44,https://magiceden.io/item-details/4Dnn6Rz2KuY8yhzT2jQyaf7u48qqrXdvjX1yGcc5atnt,Lavanda,Huge mustache dark,Classic,Cop vest,Nothing,Classic,Cop,Nothing
1540,4,2442,55.25,https://magiceden.io/item-details/vd74rakF2VuhWgkAAcNWtguwiiPwmeuJZV5gMuD7HmW,Pink,Flowers,Rainbow,Fur coat,Nothing,Classic,No hat,Nothing
1550,5.2,1445,50.5,https://magiceden.io/item-details/GkgPg4wV75egwpt2vRt8jwUfJ6c6tGeqANbCfGPc3f9R,Blue,Swirl,Giraffe,Hawaii shirt,Nothing,Classic,Jewish,Nothing
1566,3.99,737,67.74,https://magiceden.io/item-details/H3rviyB3cwfuocaEiCA95gZ6qiSW7bRaeGEqX9kBZHXn,Yellow,Flowers,Classic,Blue cloack,Nothing,Night vision,Cyborg brain,Nothing
1589,1.99,661,88.3,https://magiceden.io/item-details/72yNNjyrFB25Lir82USCmQirbBXCRokQgs1bp12f5Pgb,Mint,Long beard white,Classic,No cloth,Diamond earring,Stoned,No hat,Nothing
1594,1.49,5468,58.35,https://magiceden.io/item-details/FZe1YAFuev38RjKSw71HQMedLNP5UfXhrNiDtEZGP634,Mint,Swirl,Classic,Winter jacket,Nothing,Classic,No hat,Nothing
1612,2.99,1787,70.11,https://magiceden.io/item-details/6SA9mQQTfQahGKjxwpx1ZJKEA7MU1ss2QrBm1Vfs2jnX,Yellow,Classic dark,Classic,No cloth,Antennas,Classic,No hat,Nothing
1623,5,109,62.21,https://magiceden.io/item-details/ERTB1Bw6PXTUoyHUnBGbkZao5xApf3pzLVXtXgHBtxdJ,Blue sky,Goat,Dalmatian,3-piece suit green,Nothing,Classic,Sombrero,Bubblegum
1624,5,3922,34.49,https://magiceden.io/item-details/23dzbk9YiipPNcvj8biKo1XsUEsbUuiJ1fkZaGagE863,Yellow,No beard,Classic,Hawaii shirt,Nothing,Classic,Peaky Blinders,Nothing
1631,3.8,4118,45.07,https://magiceden.io/item-details/9KoZxpiSSANrNNgWdAUU7MSTtEiWGM614sgDShCFS6bZ,Blue,Long mustache,Classic,Cop vest,Nothing,Classic,Peaky Blinders,Nothing
1740,1.49,1961,83.85,https://magiceden.io/item-details/EpLbu1Y5g9akUdHFe5zL7tHz7jsN9Yd7JaeqSdRbLpME,Pink,No beard,Purple monkey,Lether coat,Nothing,Classic,No hat,Nothing
1765,2.25,147,89.43,https://magiceden.io/item-details/EQNi9gW2A723XmFwUEKaoJZwJUjWfpN5Vo5hX6dQWsEZ,Pink,Long mustache,Orange monkey,Turtleneck,Nothing,Bruise,Jewish,Nothing
1821,3.7,4071,46.41,https://magiceden.io/item-details/4hWjr7xAzWw9WPxigr4S6UbBcf1uihvTRDPD3NCDoqNb,Mint,Hagrid,Classic,Classic cloack,Nothing,Classic,Bandana,Nothing
1832,2,2584,74.22,https://magiceden.io/item-details/8Wu5fsCnxxVoj7sx92eJ5THCrsgvjoGfv6xgrnDQxNae,Pink,Golden rings,Zombie,Hoodie,Nothing,Classic,No hat,Nothing
1848,4.9,64,63.53,https://magiceden.io/item-details/EZYvogtmb17hguVJv4WpQXFyXNiuHGPMB5DBSwJJuJL3,Yellow,Swirl red,Alien,Poncho,Antennas,Night vision,No hat,Nothing
1875,3.9,2464,56.09,https://magiceden.io/item-details/9LtgP57dJyxALqbwVurZVimtyHMNK3FBFmA8BU6Kx4qw,Blue,Classic dark,Classic,Princess dress,AirPods,Classic,No hat,Nothing
1910,4,89,72.35,https://magiceden.io/item-details/D2NqQqyXHSBgLWgsNcXDspw43UpagaR2Mg24ZfY13s9f,Blue sky,Hagrid,Dalmatian,Poncho,Nothing,Classic,Sombrero,Cigar
1922,1.3,5181,62.34,https://magiceden.io/item-details/Eo11GSVgea8LusYiaSbn9JbjMtMsbz5Z42uR53zNkwhz,Lavanda,After shave,Classic,Poncho,Nothing,Classic,No hat,Nothing
1934,4.2,3516,45.44,https://magiceden.io/item-details/s9MaSmbpLWwE1Dw8LpbP4XtLiwvu1PD5xBDB4hUmAms,Mint,Hagrid red,Classic,Sailor,Nothing,Classic,Afro,Nothing
1938,1.84,2552,76.05,https://magiceden.io/item-details/GGM7k59bfbMsaCQuZ5KW1iCJqkPANVt9XoTXPgNJZmDh,Pink,Hagrid white,Classic,Weed sweater,Nothing,Classic,Jewish,Nothing
1956,2.35,3214,66.14,https://magiceden.io/item-details/BwvvVFN25VBi9SLpMLn7CdZ2V4WppS5F4SwKbuCknizj,Blue,Huge mustache,Classic,Winter jacket,Nothing,Classic,No hat,Tounge
2027,3.9,2649,54.75,https://magiceden.io/item-details/2UgRUVswaNirrLcnFazsuhnZKZ5AngUSdtZtoudEiKqg,Peachy,Swirl,Classic,Princess dress,Nothing,Stoned,No hat,Nothing
2029,1.4,1592,87.43,https://magiceden.io/item-details/AbzM49n2NtecDsLxdBpEBD2fbGpbNM4BBdPAdUfrQWFX,Pink,After shave,Classic,Classic cloack,AirPods,Classic,Top hat,Nothing
2072,2.6,5130,49.71,https://magiceden.io/item-details/9QviEkMhk2SfFXYFkpCheAfxCcvFjZTA1z4tSe2pq92X,Pink,Swirl red,Classic,Poncho,Nothing,Classic,No hat,Nothing
2123,2,707,87.86,https://magiceden.io/item-details/FYDos2ZYuZg1rLCfjEBGxzDsehuPbhv3K2oYzGfPbdtK,Pink,Swirl,Classic,Weed sweater,Diamond earring,Crying,No hat,Nothing
2128,4.2,2523,52.66,https://magiceden.io/item-details/2t8qKJNJRESCnQeAs8NuH4eMCr12eXSeXNVrDTDT6obK,Pink,Swirl red,Rainbow,BDSM,Nothing,Classic,No hat,Nothing
2143,5.5,31,57.77,https://magiceden.io/item-details/9tBQrUTx7AdXJMz9VQ2YcrgPuM8BtxZ6jjdjjTBN1NSc,Lavanda,Classic dark,Classic,Sailor,AirPods Max,Cyclop,No hat,Pipe
2146,6,4631,19.34,https://magiceden.io/item-details/ELERLpxpafdj3eCVjQkppQrpR1BSsPWYyF3hJHGf24ex,Blue,Hagrid,Classic,Black ninja,Nothing,Classic,No hat,Nothing
2164,6,297,50.84,https://magiceden.io/item-details/DeQwo5CsQYb3mXvhGhGx1zYShercQB6GzbUyWH9wCgLF,Blue,Apple stub,Robot,Cop vest,Nothing,Bruise,Bandana,Nothing
2168,1.7,2849,75.29,https://magiceden.io/item-details/62jdVSnMuSQvdsuxdLwQttAnZw5FqXvwFBfAyyb6yPn1,Yellow,No beard,Classic,White t-shirt,Nothing,Classic,Cyborg brain,Nothing
2173,3,2988,61.28,https://magiceden.io/item-details/CV7ArhV564sPKkLRSDpG3fUBPvUS5rZnr3PbTTiozFPU,Lavanda,Hagrid red,Classic,Hoodie,Nothing,Classic,No hat,Tounge
2184,4,2706,53.33,https://magiceden.io/item-details/EjczFFZuM9bgMXia8gEpY4x74279SPB5cYqguCfX8ZPn,Yellow,Apple stub,Classic,No cloth,Nothing,Bruise,No hat,Nothing
2207,1.9,1628,82.17,https://magiceden.io/item-details/AnXmjKxS49AHZxW3t2LNxn6EutozUHk785urxax7YBLD,Blue,Hagrid white,Classic,Fur coat,Nothing,Cybereye,Cowboy,Nothing
2267,1.346942,3234,76.02,https://magiceden.io/item-details/2Q3sfiLuxAXAbYCzwUJvci7PLkUeM9whL8JY5uDyAKXZ,Yellow,Classic,Classic,Blue cloack,Nothing,Golden glasses,No hat,Nothing
2362,3.3,1332,70.32,https://magiceden.io/item-details/71cC5638kZqJscDwWsTkst7Qmaj44zcT2dyNojxeZTyA,Mint,Long mustache,Giraffe,Classic cloack,Nothing,Classic,Wizard cone,Nothing
2399,1.5,1933,83.95,https://magiceden.io/item-details/2roLAgpzJWLoQGRiG5U5D6XQNGf61VGx5nmM1RKNWN2W,Yellow,Flowers,Dalmatian,Blue cloack,Nothing,Classic,No hat,Nothing
2407,1.4449,3232,75.06,https://magiceden.io/item-details/DeUo1AUB6fxb7n2vP48heDuKkUv2j4K7QmHQq5pvhJ4j,Mint,No beard,Classic,3-piece suit,Nothing,Steampunk,No hat,Nothing
2421,3.5,2403,60.53,https://magiceden.io/item-details/6Y3hXjz88Ene77M1aDJQVgrNxck7GY5taKmtQwxzmEzQ,Lavanda,No beard,Classic,Cop vest,Security,Classic,No hat,Nothing
2436,1.6,3811,69.3,https://magiceden.io/item-details/EAKoFdbaoPo2KbjC9pBbMxM3kRFwuwZ5xdHeGmf6dazZ,Blue sky,Long mustache,Classic,Lether coat,Nothing,Classic,Cop,Nothing
2439,2.45,1152,80.13,https://magiceden.io/item-details/65eDSGa55zsHm9xCuVenS2orufhV59qNpqRiA3Pc9KbY,Yellow,Long mustache,Classic,Hoodie,Security,Classic,Afro,Nothing
2480,3.5,2131,62.51,https://magiceden.io/item-details/9xT3xtGsLFhEpbgporpp6arw3pJcHpfGRskfMAdP9r6M,Blue,Half beard,Classic,Prison robe orange,Nothing,Classic,Cowboy,Nothing
2514,5,4156,32.79,https://magiceden.io/item-details/BziV3DfTgBVtzM3hF6R8tmdA3BFoNoEGbyuLvPAmzcWc,Yellow,After shave,Classic,Hoodie,Nothing,Cybereye,No hat,Nothing
2546,6.29,5437,10.58,https://magiceden.io/item-details/8Z4YpprsL6F4mKApwc6EqJf3dJv5ZFxCzcGQCRwhJQoX,Yellow,Swirl red,Classic,White t-shirt,Nothing,Classic,No hat,Nothing
2547,5,3048,40.84,https://magiceden.io/item-details/6sN4XSETSe2QqKyBbCMW9tWavMT5XsgrraFQnpmv2vRP,Mint,Hagrid white,Classic,Classic cloack,Flower earring,Classic,No hat,Nothing
2560,5.95,5434,14,https://magiceden.io/item-details/3bT5PWZ17RwzqjjRwGcZEs3eX8YaSkuJMUkE6XqTQXbw,Blue sky,Swirl,Classic,Poncho,Nothing,Classic,No hat,Nothing
2598,5,3350,38.65,https://magiceden.io/item-details/AksY7h2N9rDdcc6dzSymVsbv4VewiMg2nrVuYcJ3pf5X,Lavanda,Hagrid red,Classic,Blue cloack,Nothing,Classic,Afro,Nothing
2656,2.5,2177,72.18,https://magiceden.io/item-details/9k3ttdtxkVDeF44FVXabkVyi8UqUkhrpCEz2vHcJwEdm,Yellow,After shave,Classic,Prince jacket,Nothing,Golden glasses,No hat,Nothing
2662,3.9,1906,60.15,https://magiceden.io/item-details/5oDkn45pxmPGENPnecgHJmYaioRsbSrRV6g8ZeYbkb8A,Mint,Hagrid white,Monkey,Poncho,Nothing,Classic,No hat,Nothing
2677,2.5,4495,55.33,https://magiceden.io/item-details/CLJ7kXks1g35NuD2eKrVKfHwJsuTFNGvjdyA11f6Bfnx,Peachy,Golden rings,Classic,Cop vest,Nothing,Classic,No hat,Nothing
2680,1.8,4537,62.02,https://magiceden.io/item-details/nV4sirE7d6WsyGqrhs8PSoTTzjGB9cD8EczTomEPtLy,Lavanda,Apple stub,Classic,Winter jacket,Nothing,Classic,No hat,Nothing
2685,3.9,4064,44.46,https://magiceden.io/item-details/GJVT4DqsbAtqJq2RFxmdx2P1RJMBVkUPRKkaR2mwGcV7,Blue sky,Classic,Classic,Sailor,Nothing,Classic,Miner,Nothing
2724,3,3299,59.02,https://magiceden.io/item-details/9DXfZ8WC3kcS6uJms97HU79RgNK3U6Zk59VEnbWzkfmD,Lavanda,No beard,Classic,Hoodie,Nothing,Classic,Top hat,Nothing
2794,4.25,4116,40.58,https://magiceden.io/item-details/8g8VAfYzeznTTd1SwdNDdGvATizeyW1XspPwWtB9yv9N,Peachy,Long mustache,Classic,Cop vest,Nothing,Classic,Peaky Blinders,Nothing
2802,4,1448,62.47,https://magiceden.io/item-details/81wqDkaTwq16rNY1FZyy2Zx6RJQUVgD4omTpuhJQMmf3,Peachy,Classic,Classic,Lether coat,Flower earring,Classic,Cop,Nothing
2809,2.4,223,87.38,https://magiceden.io/item-details/DbiwnLzdQHkESQBN3RZXdn2L9jWcmhWkJgfc4J7JrMdE,Peachy,Long mustache,Classic,3-piece suit,Diamond earring,Steampunk,No hat,Dentist needed
2848,1.9,1986,79.56,https://magiceden.io/item-details/DgeheCyy6RtbMvVFTtJ2mtLW8TiMLPJFqGfVqBXHX8RR,Blue sky,Classic dark,Orange monkey,3-piece suit,Nothing,Classic,No hat,Nothing
2850,4.199,3831,43.16,https://magiceden.io/item-details/2zvAGx8AqsXVxrqyzE4YN4kakVHZLTTuYeuG3DC1Hy3p,Blue sky,Hagrid white,Classic,Blue cloack,Nothing,Cybereye,No hat,Nothing
2854,1.35,1512,88.51,https://magiceden.io/item-details/E8DkBU9xr7gU4FVF6nqric8rhosfxAe1cP1EwdBaJmBK,Blue,Hagrid red,Giraffe,Classic cloack,Nothing,Classic,Afro,Nothing
2882,5.5,102,57.26,https://magiceden.io/item-details/B24zbCckxJ6LmzEad1kguUeYS4qvPtAEnrpe6vmYsaj7,Blue sky,Swirl red,Classic,Weed sweater,Nothing,Steampunk,Amonita,Sushi
2884,1.69,291,93.98,https://magiceden.io/item-details/bGmAznycrkU8RDyVaivb1BYHc3T3FyhpASYdg44VeS8,Lavanda,Swirl,Giraffe,Lether coat,Diamond earring,Monocle,No hat,Nothing
2896,6,405,50.06,https://magiceden.io/item-details/FUBFnvKUk9GRGsFotn7fHtovQ2cSXEnnqXB8A8z5JHEj,Peachy,Long mustache,Purple monkey,Weed sweater,Robot ear,Classic,No hat,Nothing
2972,1.99,4110,63.23,https://magiceden.io/item-details/7GSuUYEsrYVU6Y8sfibiakt2yEHSBJqeVxMKrTRnHpmX,Lavanda,Huge mustache,Classic,Classic cloack,Nothing,Classic,Bandana,Nothing
2981,2.8,2146,69.4,https://magiceden.io/item-details/GngudHZbTPAWVEj75hQSNiP9jxyUjEjHx8619iLkPeyu,Yellow,No beard,Classic,Princess dress,Flower earring,Classic,No hat,Nothing
2990,1.75,3784,68,https://magiceden.io/item-details/FULfQbUAXhiJdhCEXHhnqQ47ktLkkeZRZqJ6Ct9dhwgR,Peachy,Classic,Rainbow,Sailor,Nothing,Classic,No hat,Nothing
3000,3,1231,74.05,https://magiceden.io/item-details/8dreeyg9R131g4P3UZt7QsJGydu6LBKkHYvHVukjK7m,Gallery,Huge mustache dark,Dirty miner,Turtleneck,Nothing,Classic,No hat,Nothing
3012,2.29,27,89.9,https://magiceden.io/item-details/AGPbr8UsfTW8tTacFHHyfiAWCRWykWRAFt8fDK25ymEX,Yellow,Flowers,Giraffe,No cloth,Diamond earring,Golden glasses,Viking,Nothing
3023,1.9,2404,76.53,https://magiceden.io/item-details/75eFga1qSKibh5tDyqTY7rQZmsF2xQPDhuPQ6zZ3o8xs,Peachy,Classic dark,Rainbow,Princess dress,Nothing,Classic,No hat,Nothing
3147,3,3929,54.44,https://magiceden.io/item-details/B91whwyCq5oieLtUF9ob1JrLfZhUjgrv5uJ5BTm4cGe6,Yellow,Hagrid,Zombie,Turtleneck,Nothing,Classic,No hat,Nothing
3159,3,71,82.48,https://magiceden.io/item-details/AeY3bhgbjTKhrNjSXXRfhB7dW6QDt7g132x7qZakyjBx,Blue,Pink,Zombie,Black ninja,Nothing,Cybereye,No hat,Tounge
3163,2.2469,1151,82.16,https://magiceden.io/item-details/FMnui9R5DAmt3ETPHXYzWTqNunpqdGKU9RcJoD83BE7Y,Lavanda,Half beard,Solana,Gnomie uniform,Nothing,Classic,No hat,Nothing
3186,2.1,3115,69.36,https://magiceden.io/item-details/8PBn8DfAJJAeNkLFapHR8eegskFo7W4erikdbHbG7Z42,Yellow,Half beard,Giraffe,Blue cloack,Nothing,Classic,No hat,Nothing
3197,1.75,1173,86.97,https://magiceden.io/item-details/HTT3aPuXmsjoquAzBdwqdjyV3uZjhQc5cnsUHGshr487,Blue sky,Classic dark,Dalmatian,White t-shirt,Nothing,Classic,Bandana,Nothing
3203,1.99,2679,73.63,https://magiceden.io/item-details/AU9zj7a6aqmdjjN31egvyQzYdGH1QDnA3eZnzsn57wzM,Pink,Swirl red,Classic,Black ninja,Nothing,Classic,Jewish,Nothing
3221,2.8,474,81.55,https://magiceden.io/item-details/8pr3V7bHkeKrv6DXNdQCGPS1ZASLNaXsGtFDS7quV7BP,Mint,Half beard,Dalmatian,Turtleneck,Nothing,Classic,No hat,Joint
3238,2.3,783,84.31,https://magiceden.io/item-details/Aj8jKsexfn42zNUE5PgvkurLbXmV8ChrXnzzL2tKKV4Y,Peachy,Swirl,Pepperoni,3-piece suit green,Nothing,Classic,Top hat,Nothing
3290,4.96942,518,59.54,https://magiceden.io/item-details/B7NRLCZBFeb6pwBcyfVvzJscFUVWPro6vENUpAn351GR,Yellow,Hagrid,Classic,Tatooed,Nothing,Night vision,No hat,Tounge
3337,5.5,4442,25.71,https://magiceden.io/item-details/F2LBvo3kWfRkwszdygi3XFBzmb2uEY6o77dk7rT22Mcb,Lavanda,Flowers,Classic,Hoodie,Nothing,Classic,No hat,Nothing
3362,5.6,4982,20.79,https://magiceden.io/item-details/CVk6RpfUUJTyuAdX5iYHCSgZiqLXqgwaDt6wnqkztXaW,Blue,Hagrid red,Classic,3-piece suit,Nothing,Classic,No hat,Nothing
3405,3.15,3023,59.53,https://magiceden.io/item-details/8GdPoizUrhx1sq62C26Wg8LVE6qUSqjH8fQ9AYm5YQRr,Peachy,Classic red,Classic,Poncho,Nothing,Golden glasses,No hat,Nothing
3481,4.75,4127,35.5,https://magiceden.io/item-details/AtrnYiRP3fLxzgNLk1R32UiJiGnCCghyAnoeAEqhh7oB,Peachy,Swirl,Classic,Poncho,Nothing,Classic,Peaky Blinders,Nothing
3536,1.49,2524,79.75,https://magiceden.io/item-details/BD4BRdYhce4gkucTRReR7VEpXJDVTZNaL98f5Q1tCXdT,Pink,Goat,Classic,Prison robe,Nothing,Classic,Top hat,Nothing
3656,1.55,5073,60.63,https://magiceden.io/item-details/FB42mXka5rbXgPKRFMF89Y86TwU1Fby6PFeLH9SAWcX4,Lavanda,After shave,Classic,No cloth,Nothing,Classic,No hat,Nothing
3676,3.9,3053,51.81,https://magiceden.io/item-details/CaKVxAoAmrYnLRsArUmQXVXKQXJHkjN4JYuA3P6Xm8N3,Blue,Classic,Classic,Black ninja,Nothing,Classic,Top hat,Nothing
3679,5.1,4989,25.74,https://magiceden.io/item-details/EzydqxJJWG9ASfmLb99Cq7zhL5QCbup8yGMDHcMC1U1V,Blue,Hagrid,Classic,White t-shirt,Nothing,Classic,No hat,Nothing
3710,3.05,4876,47.06,https://magiceden.io/item-details/C6iXVuVfyfGtmXcPDf3eo6mQaF4EhdQnDSZ9zhNrQvdr,Pink,Hagrid red,Classic,White t-shirt,Nothing,Classic,No hat,Nothing
3730,1.79,333,92.68,https://magiceden.io/item-details/3jrdieYo2dKaeWx66e6FNZk4rrvk2ZuRvADdGt3XpTsQ,Lavanda,Huge mustache,Giraffe,Classic cloack,Nothing,Bruise,No hat,Bubblegum
3735,2.45,2074,73.42,https://magiceden.io/item-details/4JREBVuR6bgiFyGSiVXyhbPhEncFwjMfLvkX2s6AkpXh,Mint,Huge mustache,Classic,Squid game,Nothing,Classic,No hat,Cigarette
3738,2.29,63,89.64,https://magiceden.io/item-details/6fGwcnjdN9rzpktQBpgC56Kt3cLYtk6Se74JGedv1EeG,Yellow,Huge mustache,Classic,Blue cloack,AirPods,Bruise,Miner,Cigarette
3749,4,5264,34.74,https://magiceden.io/item-details/6Dsp5Cqe1njY44Xh84fqgNAU1RJbN44UhpfkC8p9Gy8g,Yellow,Hagrid red,Classic,Fur coat,Nothing,Classic,No hat,Nothing
3761,1.5,929,91.25,https://magiceden.io/item-details/CnXZExeWKTQtFDgZhhYhthZEFnecHLkHSShBMF3A37t6,Yellow,Hagrid,Classic,Cop vest,Nothing,Night vision,No hat,Cigar
3788,1.49,4776,63.38,https://magiceden.io/item-details/7Acj3ygsxrS5hxr16kjf83Ya77B5oBu7ok3iSg9SibVX,Blue,Hagrid white,Classic,Turtleneck,Nothing,Classic,No hat,Nothing
3842,2.2,3135,68.21,https://magiceden.io/item-details/DLjS9kdT76XPT1t8KML3W9wVjq6xBLauTDzjMdzF5iyR,Blue sky,Hagrid red,Classic,Sailor,Nothing,Golden glasses,No hat,Nothing
3847,4,332,70.59,https://magiceden.io/item-details/3HPbzm9QwHYmWZbMjxdrZmfbZB5PijQqqcPWncZscxdD,Peachy,Classic dark,Classic,3-piece suit green,Nothing,Diving mask,King's crown,Nothing
3851,5,828,56.98,https://magiceden.io/item-details/EY3VH7RCEp68X7GnWY3swytovcssuPt7LjgYTkHD9ZNu,Yellow,Goat,Classic,Cop vest,Hands-free,Classic,No hat,Dentist needed
3883,3.29,5265,41.83,https://magiceden.io/item-details/AtSbMFfrCaveWzdSBYPpuD2TBXpWzaxj16eSEikTZact,Peachy,Classic,Classic,Poncho,Nothing,Classic,No hat,Nothing
3893,2,5503,53,https://magiceden.io/item-details/B3948x5Q2tvkTr6s2QBVxMeFrTpFXpWQMingdUhaqkCg,Yellow,Hagrid red,Classic,Gnomie uniform,Nothing,Classic,No hat,Nothing
3919,1.5,5004,61.63,https://magiceden.io/item-details/8ueJV2ZYMbmACEeiETVwiTtyHbdUR1MvPL9CxG9m5Cp,Lavanda,Swirl red,Classic,Classic cloack,Nothing,Classic,No hat,Nothing
3976,2.99,3440,58.1,https://magiceden.io/item-details/7DuUBKucvJLHT8Vtmeehve51512GhtxZUG6DeyWyiavC,Pink,Huge mustache dark,Classic,Classic cloack,Nothing,Steampunk,No hat,Nothing
3998,1.75,5175,57.88,https://magiceden.io/item-details/7JxfeipL3bPAoVH7L5BoQnn9MsrCcmxARh1wJc65TSgc,Pink,Huge mustache,Classic,Turtleneck,Nothing,Classic,No hat,Nothing
4056,4,3116,50.35,https://magiceden.io/item-details/2fQJsCoH3JFoStJdQDQeJk1iCy3g6fHrgVyFhWbPCAUf,Peachy,Hagrid red,Classic,Blue cloack,Flower earring,Classic,No hat,Nothing
4077,5.1,3890,33.72,https://magiceden.io/item-details/CEDwRidLPFK32mYNeZACaU5HfEsDgErzDZx4qzEwu3BC,Mint,Classic dark,Classic,Gnomie uniform,Nothing,Classic,Miner,Nothing
4086,2.39,3134,66.32,https://magiceden.io/item-details/AoA9F1JNjvqPuTsqVY3beZfjcrKDmukigYhNCRLDQCRJ,Office,Classic red,Classic,Prince jacket,Nothing,Classic,No hat,Nothing
4093,5,2075,47.92,https://magiceden.io/item-details/4KHtt2KdW2stLNJgWZ3GxyzKAik9bdTvwHNuErcGXnQV,Blue sky,Classic red,Purple monkey,Sailor,Nothing,Classic,No hat,Nothing
4099,3.99,508,69.41,https://magiceden.io/item-details/GXS5m5CvxzobwkqAjMNCnuPEytLnXfgKw6jYedM1VC3X,Mint,Flowers,Classic,Winter jacket,Robot ear,Classic,No hat,Pipe
4149,2.5,1201,79.27,https://magiceden.io/item-details/7bYVxqE7yZHZ1DfSdrRE46uM6BvyFDJkbfL4fhbx8sFu,Yellow,Huge mustache,Classic,Turtleneck,Diamond earring,Ray Ban,No hat,Nothing
4154,2.2,2013,76.37,https://magiceden.io/item-details/7bJkR3uCYtRMEFnVpuoX4bry73kLagjBAYuBcQQqpSL9,Yellow,Long beard white,Classic,No cloth,Nothing,Steampunk,No hat,Nothing
4193,3.69,4794,41.25,https://magiceden.io/item-details/GaggFhgZM1rvGz1XT33bXZBwhTNbeCjXb6qPwXX339cA,Lavanda,Classic dark,Classic,Blue cloack,Nothing,Classic,No hat,Nothing
4239,2.3,1010,82.66,https://magiceden.io/item-details/BzpmhXpGTGJxBWTSSZeateBX3zs74p2pYUU1r4ZimsL,Mint,Classic dark,Classic,Turtleneck,Diamond earring,Classic,Iroquois,Nothing
4240,1.95,3822,65.72,https://magiceden.io/item-details/EWicPRKZo19UKnQQxfDHoLSND7y74Se6kr19meB6LmVo,Yellow,Long mustache,Classic,Hawaii shirt,Nothing,Steampunk,No hat,Nothing
4280,3,1202,74.26,https://magiceden.io/item-details/7tXs9H9xJUBPL2Fv8wCbgWiQMNuQKdT1PzKpRRi2qWCB,Peachy,Half beard,Bubblegum,Classic cloack,AirPods,Classic,No hat,Nothing
4321,2,261,91.1,https://magiceden.io/item-details/6HNVgUePniuDVGPyVqY1Y7QMg4pJ8bYpfbtPGNQvTqqA,Yellow,Flowers,Bubblegum,Fur coat,Flower earring,Classic,Peaky Blinders,Nothing
4382,4,4024,43.75,https://magiceden.io/item-details/8hdkGVkEgz5TdgsAVfXyNzLkkFdwcQ2FSR4X9RX3LHUH,Pink,Hagrid,Classic,White t-shirt,Nothing,Classic,Peaky Blinders,Nothing
4400,1.75,5360,56.54,https://magiceden.io/item-details/AWk9cxQGe7b2J8BC6dk8aCkThgFzYyfG4nBuJYutv9Pe,Mint,Swirl red,Classic,Winter jacket,Nothing,Classic,No hat,Nothing
4406,3.99,4450,40.75,https://magiceden.io/item-details/6SnSkdtyP2GQwVMcfYrpB8Fjp4huboUShTWxqzbmYLqq,Peachy,Golden rings,Classic,Turtleneck,Nothing,Classic,No hat,Nothing
4433,1.5,3843,70.07,https://magiceden.io/item-details/Gm7iiW4drDSra5P6awmax8zZvPZoEBjfJNgogzzagKgs,Lavanda,After shave,Rainbow,Winter jacket,Nothing,Classic,No hat,Nothing
4461,1.35,4409,67.45,https://magiceden.io/item-details/4XLXkXAYy3GyFQPXcmVtVWcVmkfVc7sFbGb5Brd1xx2i,Blue,Swirl,Classic,Squid game,Nothing,Classic,No hat,Nothing
4509,6.29,5307,11.52,https://magiceden.io/item-details/HfBNgr7UHYgU3UrzmQukratGKZpgdFKErSRr83QSV75g,Lavanda,Long mustache,Classic,Lether coat,Nothing,Classic,No hat,Nothing
4518,1.4,3243,75.43,https://magiceden.io/item-details/BM2nBY4KhD5GvL8i2o2YL33FNRiLzH32VPYK1UqBcePP,Blue,Classic,Classic,3-piece suit,Flower earring,Classic,No hat,Nothing
4603,4,200,71.55,https://magiceden.io/item-details/HfXNXBgDX8JJXMV9SKjjL3ryzJkZ4cVc73DQQh25ZYNP,Mint,Hagrid red,Rainbow,Fur coat,Nothing,Shutter shades,No hat,Tounge
4631,2.7,250,84.18,https://magiceden.io/item-details/7m5n4W4QFZd17fcnBzBsRTKosrQqsxkKPtFyZpLR7FGv,Mint,Classic,Classic,Hoodie,Nothing,Night vision,Bandana,Dentist needed
4633,1.99,2823,72.58,https://magiceden.io/item-details/CfaVP1q3mNTrKW2cYTnRKHvEwXopfju9jnMLrr2y4k3v,Mint,Swirl red,Classic,Sailor,Nothing,Ray Ban,No hat,Nothing
4653,1.35,1410,89.25,https://magiceden.io/item-details/3n1TeoUB3gRpK8xytRiGRR6rFeQzCtC9GZCobKFLArwZ,Blue sky,Hagrid white,Bubblegum,Fur coat,Nothing,Classic,Top hat,Nothing
4670,5,3604,36.8,https://magiceden.io/item-details/74mdLRXEQgC6LndWjeTWGcemX2s8Vzk8yXx2aBmKu9BR,Blue,Classic,Robot,Hoodie,Nothing,Classic,No hat,Nothing
4680,3.99,342,70.61,https://magiceden.io/item-details/GaDC3mrK8nXFYwZqjXeGrvPE4PyKYTUewmASqCVjTbvR,Peachy,Classic,Classic,Hoodie,AirPods,Classic,Top hat,Cigarette
4682,1.6,2567,78.34,https://magiceden.io/item-details/A5X3jKpWPRi9PNzZFD4WeJw5TyWBTuDwZNoNw8XqBCq2,Lavanda,Classic,Classic,Winter jacket,Nothing,Classic,No hat,Sushi
4810,3.69,4701,41.93,https://magiceden.io/item-details/J9LgSzcmrJvHm9CCtzUP7cQtDHtzfE11agy6EB7WQuAQ,Pink,No beard,Classic,Fur coat,Nothing,Classic,No hat,Nothing
4812,2.3,1636,78.11,https://magiceden.io/item-details/AtGptyhWS1MCXjJUnMiUGvVoD2yfaZ1ASt2hS7neyEnN,Gallery,Huge mustache dark,Classic,Blue cloack,Nothing,Classic,Jewish,Nothing
4832,1.45,3039,76.41,https://magiceden.io/item-details/E2WoThZBRaghdXh3LtBaLvLB12YTeHzFojQz916rVK5j,Pink,Swirl,Rainbow,Weed sweater,Nothing,Classic,No hat,Nothing
4838,3.05,4799,47.62,https://magiceden.io/item-details/Fe2gfmzZJ8tZmG3DgN8xjiiJ5NgKGsraU3Zqo3WFdXmo,Peachy,Huge mustache dark,Classic,Turtleneck,Nothing,Classic,No hat,Nothing
4871,2,2319,76.14,https://magiceden.io/item-details/D4PABW9pV8HfErEjmm33hWbH2BscNaGDEHv5UT67DKCW,Peachy,Hagrid,Classic,Squid game,Nothing,Bruise,No hat,Nothing
4906,2.74,2868,64.75,https://magiceden.io/item-details/2XmhWRmdx1H9Z5JYSaSUQWoZYYTh2NmKF7as1RSoTFEV,Yellow,Swirl,Classic,Classic cloack,Security,Classic,No hat,Nothing
4916,2.1,4869,56.61,https://magiceden.io/item-details/HeBRMuhEw6pXLFmxfSNUvkZpMo6nAjPXhfTfzRiMgNwk,Mint,Classic dark,Classic,Hoodie,Nothing,Classic,No hat,Nothing
4922,5.5,107,57.22,https://magiceden.io/item-details/DXfkWZE527fpZGWkhgggU3WH8LLJk9y3ykwpVBqcnSq9,Yellow,No beard,Hologram,Cop vest,Nothing,Hologram eyes,No hat,Nothing
4925,4.5,3420,43.14,https://magiceden.io/item-details/AtdyC6uckgsS79FmbtMWhxyGHsda8EAiqMLV2YfHWH5C,Yellow,Huge mustache dark,Classic,White t-shirt,Diamond earring,Classic,No hat,Nothing
4953,2.5,872,81.66,https://magiceden.io/item-details/FsBmvcrmsxfRgusex9iSkzkAnbXzgDRv7TLgJ1umRoFK,Blue sky,Goat,Classic,Classic cloack,Flower earring,Classic,No hat,Sushi
4969,2,3295,69.05,https://magiceden.io/item-details/5Yq4Hcv1qg1GxGPHqErjKorQUjxDSXmcPvKne6Ly9Htz,Blue sky,Hagrid red,Classic,Blue cloack,Diamond earring,Classic,No hat,Nothing
4974,3,2632,63.87,https://magiceden.io/item-details/5RVsbuB9ksQPGFCK8tS5STLpDsVvq32q9onew4xqCuxA,Lavanda,Golden rings,Classic,Poncho,AirPods,Classic,No hat,Nothing
4991,6,4472,20.49,https://magiceden.io/item-details/5xzux9DCtY1ewX4u7KkkAb7D2KiBKoFJZHtQUDeTx3rd,Blue sky,Long mustache,Classic,Prison robe orange,Nothing,Classic,No hat,Nothing
4994,2.0969,1046,84.43,https://magiceden.io/item-details/3ueCqRAomLfnPfjwY98HcVvriYHdvsceJkSPwsfdmS8i,Lavanda,Swirl red,Alien,Poncho,Nothing,Classic,Cop,Nothing
5006,2.2,4849,55.75,https://magiceden.io/item-details/4kS5Pa9cS8uopsiTmvWZpD6iZ7bBwRd6vkrdEyKAkBRh,Lavanda,Classic red,Classic,Turtleneck,Nothing,Classic,No hat,Nothing
5023,4,221,71.39,https://magiceden.io/item-details/7BXVewpqT5mgbxmnn3aYtnzTXy4t1zEcDBUrKZR1dycv,Blue,Classic,Classic,BDSM,Nothing,Cybereye,Blue cap,Cigarette
5027,5,2626,43.91,https://magiceden.io/item-details/DBduCKF1AA14LGt3vLYk7yM6tyUQ5mG8iKMBMDi3AqX8,Peachy,Flowers,Classic,White t-shirt,Nothing,Classic,Cowboy,Nothing
5045,5,3132,40.23,https://magiceden.io/item-details/Ba894fbjbMxzEQvJLWHsTBMNyUUXA5E9o6DoJ5U359UL,Yellow,Classic red,Classic,Turtleneck,Nothing,Classic,No hat,Cigarette
5103,1.34,4960,63.55,https://magiceden.io/item-details/5Sm7Bz214L9ZpjN69sSuyZjMDVQjrY3xnXD1PY85kCtr,Peachy,Hagrid red,Classic,No cloth,Nothing,Classic,No hat,Nothing
5127,4.99,1783,50.14,https://magiceden.io/item-details/GNgKCL3T6b96m13e4Fr9fL4FxWn7K9S28cxaZJxAK95A,Lavanda,Long mustache,Classic,Lether coat,Nothing,Laser eyes,No hat,Nothing
5196,5.5,5014,21.55,https://magiceden.io/item-details/C9pkrsBbAUFoSi3hrAjd5ixSKEVMqHE8fwjAzLFXCyPH,Lavanda,Classic red,Classic,Gnomie uniform,Nothing,Classic,No hat,Nothing
5209,4,1806,59.87,https://magiceden.io/item-details/9KYr5A1atigPRtZMK6x8skXRKkC4Xg5oBqLdfLYwos41,Yellow,No beard,Classic,Squid game,Nothing,Crying,No hat,Nothing
5212,3.6,1200,68.28,https://magiceden.io/item-details/ERK6KnTxmvG8iJTacEu9urYPVJJ5bAAevjGpD7WT5q32,Blue,Hagrid red,Zombie,Lether coat,Nothing,Ray Ban,No hat,Nothing
5223,3,2302,66.27,https://magiceden.io/item-details/GYNgRAYFCskQKoUdmgHfZ8hN4jXChNS7REnWpKnusDmv,Lavanda,Classic,Classic,Princess dress,Nothing,Classic,Viking,Nothing
5251,3.6,3898,48.67,https://magiceden.io/item-details/5UNDnbfPoganGXcCnSrBBRQfiDnQQGpew2Quhe9Z1BkN,Pink,Swirl,Classic,Lether coat,Nothing,Classic,Top hat,Nothing
5263,4,4819,37.97,https://magiceden.io/item-details/GrYtdfcjt1MRu5sNCLcj4WQtK1QoAu9WRkS5Rk5gWvNh,Pink,Classic dark,Classic,White t-shirt,Nothing,Classic,No hat,Nothing
5265,1.5,2646,78.77,https://magiceden.io/item-details/9zNo49Z4GcrKxtMNopV5cRYkomMbkx5BFmYR474cXkpQ,Blue,Huge mustache dark,Classic,White t-shirt,Nothing,Viper,No hat,Nothing
5266,5,4875,27.56,https://magiceden.io/item-details/95aSMk9BUW3ooPe9x2cdy7bgLNQH9SaM2FvN7rUXZRuC,Blue sky,Classic red,Classic,Blue cloack,Nothing,Classic,No hat,Nothing
5271,1.9,3653,67.45,https://magiceden.io/item-details/GsMWm767tyiNK371g8d63w8VcAMoSJyk37Ve9r3hrSWc,Blue sky,Classic dark,Classic,Gnomie uniform,Nothing,Steampunk,No hat,Nothing
5296,5.5,5218,20.07,https://magiceden.io/item-details/44tuTEoNGmEJGaheU8Fynv1MEgKaTtoPxJWbEW7biFpN,Blue,Swirl red,Classic,Gnomie uniform,Nothing,Classic,No hat,Nothing
5318,2.88,3044,62.07,https://magiceden.io/item-details/AHSg23ZbMSiYWLqpqkwPzCR7VYXDJPfnEKMQjFS5NEyU,Pink,Huge mustache dark,Classic,White t-shirt,Nothing,Night vision,No hat,Nothing
5336,6,2743,33.06,https://magiceden.io/item-details/C9AQ4V9sPjvTnS7UVF7JrHWJinu7b1FsevWL5JTqd6rL,Pink,Swirl red,Classic,Classic cloack,Nothing,Classic,Iroquois,Nothing
5373,2.4,4551,55.92,https://magiceden.io/item-details/8aGXkaqS9ReNs6RBBeAPyJmUvNarBR4KL5KDaRyBVSS8,Yellow,Apple stub,Classic,No cloth,Nothing,Classic,No hat,Nothing
5384,1.75,765,89.94,https://magiceden.io/item-details/BVJCYuNRJPsQiawc8X5AQJqYkPksXPRc8BVUpKuMarXb,Pink,Hagrid red,Zombie,BDSM,Nothing,Monocle,No hat,Nothing
5409,4.4,2599,50.11,https://magiceden.io/item-details/ADNndFnUkZP4z4ANFsU1VJhbP44z9AWoMmb1kAwtJTtf,Peachy,Swirl,Dirty miner,Winter jacket,Nothing,Classic,No hat,Nothing
5411,4.3,2329,53.07,https://magiceden.io/item-details/FUvGyE2XBFtG2dN8FVmfpb8WMWN2sDXuoh5VLAXkvpwh,Peachy,Classic dark,Classic,Classic cloack,Nothing,Classic,Amonita,Nothing
5440,3.9,2592,55.16,https://magiceden.io/item-details/51wEyRgDbnSKQMc9cgzAXptSQysXxUfjmhC5gjG8ZuLk,Mint,Long mustache,Alien,Gnomie uniform,Nothing,Classic,No hat,Nothing
5442,5.55,5169,19.93,https://magiceden.io/item-details/5u4YDLoPCE1oErzAizkC2tMD9SJVhL5e74DGXs9Y454C,Peachy,Classic,Classic,Classic cloack,Nothing,Classic,No hat,Nothing
5488,2.5,793,82.24,https://magiceden.io/item-details/6Sb6N5RS7k8VB1oF7MsdzGeZ66SjQ734bb8VGxgXxDV2,Yellow,Classic,Classic,Fur coat,Nothing,Crying,Cyborg brain,Nothing
5496,5,3633,36.59,https://magiceden.io/item-details/EEY9meBSHiZrDpYFgHGHhx2ZnucdVG5VoA1eSu1hBDgv,Blue,Hagrid,Zombie,Turtleneck,Nothing,Classic,No hat,Nothing
5510,5,49,62.64,https://magiceden.io/item-details/JD9or8vr3ahf5pzT7qKQ9vRdon7zTNSPUdMGr2PKGJrH,Mint,Long beard white,Classic,No cloth,AirPods Max,Cybereye,No hat,Joint
5518,2.2,3325,66.83,https://magiceden.io/item-details/Hix46ijY2orKX74936TgAbJ9HW4P2dsDErxbnwhAFiHJ,Blue,Swirl,Classic,Turtleneck,Nothing,Classic,Jewish,Nothing
5532,3.82801,493,71.14,https://magiceden.io/item-details/EDsVX34k2vBJqJ5BfuTupUm4hrgXskiuem69TGmDFkc,Mint,Golden rings,Bubblegum,Turtleneck,Nothing,Classic,King's crown,Nothing
5541,2.4,1308,79.49,https://magiceden.io/item-details/FB2TR5AJZjboYis58NCvC1igMWUoT3BfhMi1vG9hPDP2,Lavanda,Swirl red,Rainbow,Classic cloack,Nothing,Classic,Wizard cone,Nothing
