id,price,moonRank,ðŸ’Ž score (%),storeURL,Accessories,Background,Beak,Body,Eyes,Head,Type
13,9.88,7073,20.25,https://magiceden.io/item-details/5DLG1eKxxToN67i5PMJPmpUzhhr7wMgmJ3UFnrTBc1WJ,None,CoolBlue,None,Bathrobe,Normal,Crazy Hair,Green
57,10,2612,39.83,https://magiceden.io/item-details/9G2suHv2in5WmQeWPaSznzF3D27x4jt8x7GuXxPWxSAE,None,Solana,None,Black Suit,Surprised,Cap Forward,Purple
85,7,4772,59.77,https://magiceden.io/item-details/7sXjhqxLnMwEmE753oGJck4cV4TMTqfY6jpaZH7NT7uW,None,Cocoa,Joint,None,Closed Eyes,None,Green
87,10,7345,17.78,https://magiceden.io/item-details/6fYJzxfqeUDQyAtwwEmzP3Sr4f6EgxpXdkNLD9GCK9VS,None,Greyteal,None,Dog Leash,Normal,Pirate Bandana,Purple
88,11.69,6708,3.85,https://alpha.art/t/H88kBUQXTdB7owsTjurrQTtsUcyiW5vnecxtxhXUDKrT,None,CoolBlue,Vape,None,Normal,Crazy Hair,Orange
189,8.7,2352,54.04,https://magiceden.io/item-details/GC85GmJFRqbZzwXzbZTpLmNTcQT2reRxuTgS49DhVggu,None,CoolBlue,Mask,Dog Leash,Normal,Black Mohawk,Robot
288,5.5,4011,78.31,https://magiceden.io/item-details/HvQeMLyfZJwsZu3APGMyn611cFsvDeMwnuu5ggNJDHGt,None,Solana,None,Dog Leash,Superhero,None,Orange
296,10,3851,34.06,https://magiceden.io/item-details/5ADUB182eJMS9bY67JY21TmTxjXTqhFb4mb5ugGJCNMJ,None,Greyteal,None,Dog Leash,Eye Patch,Pirate Bandana,Green
306,8.5,1803,58.6,https://magiceden.io/item-details/CsgQy8bjBhZz78seVTbbHQCMY9UK3RsaxezXwW5A83jx,None,CoolBlue,None,None,Big Shades,Fast Food Cap,Skeleton
327,9,8541,22.21,https://alpha.art/t/8woFLRRxUNgkWJ7AqWtMbSTtH1Lvb6qfs4VE1gCCjYM1,None,Greyteal,None,None,Normal,Crazy Hair,Orange
349,9.8,2947,40.27,https://magiceden.io/item-details/J4Az5uNDjwSqHrqxxRVAvZbWjEfB7Lmf2E1uAu1Gcgoo,Earring,CoolBlue,None,Black Suit,Normal,None,Purple
367,6,1617,84.47,https://magiceden.io/item-details/AC5WnsRAKEo3bqHAWiiR4gcZGeWoLqZy9XEkoCWvoNpy,None,CoolBlue,Mask,Kimono,Normal,Vampire Hair,Robot
381,8.39,2731,55.38,https://magiceden.io/item-details/HqtuBqkRSuSpf1v37zmf67XyXBLJyydBT6Ne9HJu3suW,None,Cocoa,Mask,Life Saving Tube,Normal,Mohawk Thin,Black
421,7,2289,71.34,https://magiceden.io/item-details/5VcFmRpqhEJbyFD2doUp7zToj9PF5CYnKeiNvz2ibc1F,None,Greyteal,Blunt,Dog Leash,Normal,Cap Forward,Purple
453,7,3772,64.43,https://magiceden.io/item-details/3C3zSXjgZEyKfuwHNN2XH3zndp1dagM2HZ61aufRQPaq,None,Violet,Cigarette,Life Saving Tube,Normal,Cap Forward,Purple
495,500,4042,0,https://alpha.art/t/EdkD7FbB9aomaCbMYB4TnjBPRJR5dXctGh1Q59q6Q3GA,None,Greyteal,None,Black Suit,Wink,Cowboy Hat,Green
559,50,4416,0,https://alpha.art/t/DAepvGF6EYGaqCc3djSCUHAB6eG9tXqsQHcCgybVNQwC,None,Cocoa,Vape,None,Normal,Crazy Hair,Robot
576,8.9,7184,29.53,https://magiceden.io/item-details/3vo7ztQzvRsA1EHMJu6c4Vh9t1qHTdFTqx2VNCm7yHiY,None,CoolBlue,Cigarette,None,Normal,Burning Head,Blue
605,14.4,742,4.54,https://alpha.art/t/CPRMTRgJvm3aXuBhGy3kWGN1pYJ8eJh1mQueGVScpAZ8,Earring,CoolBlue,None,Dog Leash,Relaxed,Vampire Hair,Black
641,7.9,6356,43.39,https://magiceden.io/item-details/BiS1tJ9aWE7V4kembs94jADyW1YhBZBovq4oQjP535a7,None,CoolBlue,None,Hi-Vis Vest,Normal,Tiara,Black
643,9,1606,54.52,https://magiceden.io/item-details/H2vfG8YcYyX2EqkJS8CJDQq4mHAV4Ez7Zjn5PJwKikA9,None,Solana,Cigarette,Black Suit,Normal,Red Mohawk,Green
687,6.5,2650,74.65,https://magiceden.io/item-details/EWbUAQVTLEnWPVu1ySGJLUaHwmpCHkmFy6bfnmWM8LgN,None,Greyteal,Vape,Dog Leash,Surprised,Red Mohawk,Orange
735,7,3848,64.07,https://magiceden.io/item-details/5wemHShA4vJfPz4R56gq1cNRHan8rWTcrjeWmp3t3Zbg,None,Greyteal,Mask,Dog Leash,Closed Eyes,None,Purple
755,9,737,58.57,https://magiceden.io/item-details/7px4HNSk8iwau6jhmNxJ1V5x3kSPFXRUqmPPwiiHhqau,None,Greyteal,Warforged,None,Regular Shades,Black Mohawk,Zombie
760,6.2,6161,61.3,https://magiceden.io/item-details/FUdL8LUTVQuGj6hs2jqF4barQxzFuKSKLzCJsHjWTeXB,None,Cocoa,Warforged,None,Normal,Cowboy Hat,Blue
774,9.5,4732,34.95,https://magiceden.io/item-details/HEMxGrWVcUmqYgoD45mQUvv8rzR3yy7UPvPnrzqNYHAS,None,Solana,Cigarette,None,Normal,Crazy Hair,Orange
822,30.1,200,0,https://alpha.art/t/2NqRvQrEX92cuWxMiiC1yuB7apd9TqcSy3wvzxTiVpjJ,Earring,CoolBlue,Mask,Dog Leash,Big Shades,None,Green
856,9.5,3104,42.54,https://magiceden.io/item-details/AATVZno97LCkEJS3c9ynzYqRumkApwwJGwRfSKza2xT2,None,Greyteal,None,Life Saving Tube,Surprised,Cowboy Hat,Skeleton
857,8,7416,37.45,https://magiceden.io/item-details/BCmvwi8p5SkjJR6DdGzqz5ix2GxqTPaorY5gat8R8N6Z,None,Cocoa,None,None,Normal,Bandana,Purple
889,6.5,3913,68.77,https://magiceden.io/item-details/6SwLrNBNgCMqNzEo7U9zFrnHWHfrWbKvGBELZiVopngK,None,Greyteal,Warforged,None,Wink,Vampire Hair,Orange
904,9.5,4499,36.04,https://magiceden.io/item-details/9hC8iRbFTtYATydV2bMsPQ4XZF3K3LQTPo3Wgpx9c7uY,None,Violet,None,Hi-Vis Vest,Normal,Tiara,Orange
929,8.8,7343,29.79,https://magiceden.io/item-details/FJKPjSb13S3ytLjxb8iS9F1wQVXdCPe5wK1mVHDNMbwp,None,Greyteal,None,Black Suit,Normal,Police Cap,Orange
944,10,1375,45.59,https://magiceden.io/item-details/9ZKNEqr7NmYpCxLzcGtvKMVYA4ZnbX6P8vywJ9yPeUA9,None,Violet,None,Bathrobe,Normal,Fast Food Cap,Zombie
969,25,648,0,https://alpha.art/t/5v2No8jMoAxe7oVD4juoZVLM7HHfR3yD1feAgfksBRNA,None,Greyteal,Warforged,Pilot Jacket,Relaxed,None,Green
977,7.44,2948,63.87,https://magiceden.io/item-details/8E6TfxmrnTZJ4ySNLbSAtVkSyZovBEGKp4bfEzQU28g,None,Greyteal,None,Referee Shirt,Surprised,Vampire Hair,Green
978,7.92,6827,40.99,https://magiceden.io/item-details/HPPn5Z6G6poT7FPxPN4BAtW8HQm4PXAJiXyTKbb6N2Qi,None,Greyteal,None,None,Eye Patch,Vampire Hair,Orange
989,9.99,4325,31.95,https://magiceden.io/item-details/3E53Jk1M2zXvYnmMdipZcBRKTHx6zf4MqdCVfS38xQM4,None,Solana,None,Dog Leash,Normal,Black Mohawk,Robot
997,9,7515,26.99,https://magiceden.io/item-details/iDHckHW1oALN3KudkukfnMWWq57AQg74S7r5cyqzEEq,None,CoolBlue,None,None,Normal,Antenna,Black
1048,9.77,5344,29.4,https://magiceden.io/item-details/HSEUDmwnfhZodKzdvF9JGXdqiMnPQzKH2wcmiSCVWs1b,None,Greyteal,None,Black Suit,Normal,Red Mohawk,Robot
1089,6.5,6217,58.04,https://magiceden.io/item-details/62ofY6AhXMUgbEKun5KGPnTSgnz75j3D8A6yBBDdG1jS,None,Greyteal,Vape,Dog Leash,Normal,Vampire Hair,Orange
1094,6,5658,65.64,https://magiceden.io/item-details/8zyACY5ZFzNARzWtZ68TertRhssdjP1ZhfHdfB3sJEH4,None,Greyteal,Cigarette,Dog Leash,Normal,Red Crazy Hair,Black
1112,6.47,6887,55.22,https://magiceden.io/item-details/E6XUVALQXJVWA3HaQek9e8PQSBgw2ne9HGU7XrLx83TH,None,Greyteal,Warforged,Black Suit,Normal,None,Orange
1163,9.87,4864,30.64,https://magiceden.io/item-details/EUvsTH876HceyyvtUqfNes6nCsbFFw73m5CG6gAZDYR6,None,Cocoa,Joint,None,Closed Eyes,None,Blue
1179,5.2,5157,75.97,https://magiceden.io/item-details/FZjQy8s6Fv1KA6rHwhsj5CuJq713ZtYjRiMmHcNVrERo,None,Solana,None,None,Wink,Cap Forward,Green
1216,105,2778,0,https://alpha.art/t/HpEzQCiENfRUZLnzgwNoWwqSoNzdQJzxV8CoJ61XU7Jg,None,Cocoa,None,Tuxedo,Closed Eyes,Police Cap,Blue
1226,6.9,5614,56.85,https://magiceden.io/item-details/DUhBYSxUFvBo4D8HRyVtFg8f6rQ8865XVatKydcKEuQZ,None,Greyteal,Mask,Tuxedo,Normal,None,Black
1235,10,538,49.49,https://magiceden.io/item-details/CQoLQmoBpQVFfNY18N7sbWi5H3ivGUiE9FeXfR3ywT7n,None,Violet,None,Tuxedo,Big Shades,Crown,Green
1242,8.77,306,62.87,https://magiceden.io/item-details/2rxAyJD821mXqtYjHNa368zJVKiVsTcBkdD2sruE6oJb,Earring,CoolBlue,Cigarette,None,Wink,Vampire Hair,Orange
1243,6.5,5192,62.81,https://magiceden.io/item-details/7TsF6uV2mXJ5n2TqZM2KEtdE34J1U9BZNobeCGyDxdZB,None,CoolBlue,None,Bathrobe,Normal,Red Crazy Hair,Purple
1288,5.69,1704,87.16,https://magiceden.io/item-details/Dt4utvoHG6bBYkfF2xhNJ2H7p2WQnkYDX3YHvYJZo3VN,None,CoolBlue,Mask,Dog Leash,Closed Eyes,Black Mohawk,Blue
1341,7,7268,48.14,https://magiceden.io/item-details/CxQPix4M59hGFfzVJXW3xCcoUbVPkgnwta6RR5dKD33k,None,CoolBlue,None,Tuxedo,Normal,Cap Forward,Green
1395,8,6503,41.7,https://magiceden.io/item-details/3tKKkKF9fdd3qUkBnvrqrGoQKKGUAeMGtkQ9RhQXocpH,None,CoolBlue,None,None,Closed Eyes,Mohawk Thin,Blue
1400,10,2376,40.93,https://alpha.art/t/ENsQgmXreMmfDf47ovMrAgjnHWHidrqjXJy4qbwgYp9h,None,CoolBlue,Warforged,Life Saving Tube,Surprised,Black Mohawk,Green
1411,5.69,3765,77.56,https://magiceden.io/item-details/DgBEt6aucQ5x7xbRZAJMXJ658m1SswMzvacwjbeLxH3t,None,Violet,Vape,Life Saving Tube,Normal,Crazy Hair,Black
1477,24,1261,0,https://alpha.art/t/7TmM1yFxieruHUf6pLvCxvhc3GsaRbP2LdFqm4z4Yxzw,None,Violet,Blunt,Life Saving Tube,Normal,Cap Backwards,Blue
1484,6.3,4828,66.51,https://magiceden.io/item-details/f1FHWZAp5X3rVxFVEYZpAukQhT1pCY1sTyzVJyYMJnA,None,Greyteal,None,Kimono,Surprised,Fedora,Orange
1507,8.22,7497,34.87,https://magiceden.io/item-details/G7wXFUJufYifgduUdg4w1MCStQbij5hsAPm4WqW9CA1T,None,Cocoa,None,Life Saving Tube,Closed Eyes,None,Blue
1536,16.989999999,4096,0,https://alpha.art/t/5FD4uiaWt8yTbs7mQkYEv7VZcfFeKZtww88EtAmwdLxq,None,Violet,Mask,Kimono,Normal,None,Blue
1605,9.6,8083,18.34,https://magiceden.io/item-details/DAaqRUwe1yeo8JxHptZJNLnjy7mgLNY41uhK8Q1QFn3D,None,CoolBlue,None,None,Surprised,Cap Forward,Green
1730,10,5135,28.08,https://magiceden.io/item-details/HkWWPYSkT6ciWLjZBdUemAQAEEzmZ1zbVsUa52aqMcSC,None,Greyteal,Vape,Dog Leash,Normal,Mohawk Thin,Blue
1746,7.39,2865,64.75,https://magiceden.io/item-details/8yq4Pz6QEjrJVNjgd1BkFy9Xtk217ucM2iZHS6MHfPjv,None,CoolBlue,Cigarette,Life Saving Tube,Normal,Fedora,Robot
1786,6.49,7459,52.35,https://magiceden.io/item-details/EgAxvvSoc6UhafMgAdQUxERPD6Sk3y8BG8Wo297Qh7E,None,Greyteal,None,Dog Leash,Big Shades,None,Orange
1790,5.5,2559,85.08,https://magiceden.io/item-details/5h9WmqQ1DpbttHjmoUseDZZn5FvD7fnPE4DNZpv6Lvwg,None,Greyteal,Joint,Bathrobe,Normal,Fedora,Black
1818,7.9,1188,67.47,https://magiceden.io/item-details/8zdSgSadQsLRdMxMfUc2u77V3gHFfAghsRBcHdNcrnsJ,None,Solana,Cigarette,None,Regular Shades,Black Mohawk,Black
1836,7.4269,6809,46.01,https://magiceden.io/item-details/HjLpzqrrRm8jkgwhwseV1UXENdCT7UWshhpkQGZHBLZV,None,Greyteal,Cigarette,None,Normal,Red Crazy Hair,Green
1877,9.87,5228,28.94,https://magiceden.io/item-details/2mdjTRSzRDGxiBg3shQosGpcvy6GMrPUn1cucfcmN8U3,None,Cocoa,None,None,Normal,Vampire Hair,Demon
1885,12,7801,0,https://alpha.art/t/4E5QtYZ4AvMMX2UEpktJ1aGwQAmv2wbS9SpEhGQs1oz8,None,Violet,None,Dog Leash,Surprised,None,Black
1914,9,3349,46.4,https://alpha.art/t/13HCawvD9L9emvY1LmwgiwQjNJZoiY6e6e7djZWNyXyV,Earring,Cocoa,None,None,Normal,Police Cap,Black
1918,10,4036,33.2,https://magiceden.io/item-details/Ce1tDPGH4xcyqudJoJ9azX4CEb1PdTDJtcJm5L6s7KTk,None,Violet,None,Dog Leash,Closed Eyes,Red Mohawk,Black
1926,8,6039,43.87,https://magiceden.io/item-details/7QGTS3tQts54XnczDVRyr3MtMa5YTGcCB68Jnw7tUESS,None,Greyteal,Vape,None,Relaxed,None,Green
1938,8.5,6326,37.53,https://magiceden.io/item-details/8z3W8b3yynuzA1pcimnorPpaLSZyuvXeBDHi4R6Z4TPj,None,Greyteal,Warforged,None,Normal,Pirate Bandana,Black
1965,9.8,7026,21.27,https://magiceden.io/item-details/G3WFtCAcY52RGeHTeYvJLcRHgXoF2i8efyLmaeTrCfhH,None,Greyteal,Cigarette,Dog Leash,Normal,None,Robot
1978,8.88,2265,52.65,https://magiceden.io/item-details/FHaEqq8vggqpeLnBtLYCNrUzRbtC7oo7N94brVdD85wH,None,CoolBlue,None,Referee Shirt,Relaxed,None,Purple
2014,9.6,572,53.34,https://magiceden.io/item-details/GqaqxJB26QodYyNMURc28tbGFY4w7SLD8Jy2fzDdNUsR,None,CoolBlue,Joint,Bathrobe,Big Shades,Cap Forward,Black
2027,9.987,5011,28.79,https://magiceden.io/item-details/8mj6XnHFkMEABAknoVcvjHcLrssofpd3xg4cuRnPKZz1,None,Greyteal,Cigarette,Black Suit,Normal,Burning Head,Black
2057,7,6174,53.24,https://magiceden.io/item-details/ELgonynAhZtSBQTr9DTGutUmfpuxHF7tgmhfuEagFR6y,None,Greyteal,None,Life Saving Tube,Surprised,Cowboy Hat,Orange
2069,10,3189,37.14,https://alpha.art/t/Gi1xPHk3zjzWf4Pm5GoJPbaWjhMT35XLkdvsr5arPU6q,None,Violet,Cigarette,Dog Leash,Normal,Red Crazy Hair,Orange
2153,9,7350,27.76,https://magiceden.io/item-details/HceLTDJeGfeDq2C2Eha2E642UQtHqdtV7NzCDQjrw79B,None,CoolBlue,None,Bathrobe,Normal,Vampire Hair,Blue
2171,5.8,5362,69.02,https://magiceden.io/item-details/9KZKyeRUzDMS1XWvFrqNu2eMp6mDXEjFi3G6zZwjahj8,None,CoolBlue,Vape,None,Normal,Feather Headband,Orange
2238,6.5,5352,62.07,https://magiceden.io/item-details/HHD4G8S8Akhcca75kzPzgu41fqPu8vqYSZjKAmq2Nbu3,None,Cocoa,None,Bathrobe,Normal,Police Cap,Purple
2240,10,7628,16.46,https://magiceden.io/item-details/41eVrcFUdbh6WSiGBsDzgKuBseCbWP3q24s9YNf2C1LM,None,CoolBlue,None,Dog Leash,Relaxed,None,Black
2260,8.2,5755,43.19,https://magiceden.io/item-details/9Rpoa451fcJk8YWHc1JhSqBv2asEBDucVbuhx1B1Yetu,None,CoolBlue,None,None,Big Shades,Fedora,Blue
2280,7,628,79.07,https://magiceden.io/item-details/A6qDbdAPRFYnFmq7VB9Yv38m3jLenmPP6FTgq6x9tbwv,None,Solana,Cigarette,Black Suit,Wink,Cap Forward,Green
2286,8,7174,38.58,https://magiceden.io/item-details/2NHaoEwqEc3vJmNTEpWPbH9ZQBFPBRYJ5FHcv2JS77CU,None,Greyteal,Mask,None,Normal,Cap Forward,Green
2300,9,6381,32.27,https://magiceden.io/item-details/B2sjPQV94ukbUxdtrYYmAWi6icXsu89RSPA4rPynJGSS,None,Greyteal,None,Life Saving Tube,Normal,Antenna,Black
2330,8.8,1153,58.63,https://magiceden.io/item-details/53SipMnzCGGZrkBPgyokvT3kXVVDtoXmGty5fpd78LCe,Earring,CoolBlue,Cigarette,Dog Leash,Normal,Cap Forward,Blue
2375,9.99,183,51.25,https://magiceden.io/item-details/B6Zmhh3Uipv1cxRejxjaGdCUhqMVUyDupN7DfvgdrEQA,None,Violet,Cigarette,Hi-Vis Vest,Relaxed,Crown,Purple
2382,9,7085,28.99,https://magiceden.io/item-details/CkwuTpDF2hoy6BSfgSbMxnsKe4ddqzfGghpDyUkTXvUy,None,Greyteal,None,None,Normal,Police Cap,Zombie
2488,8.5,2105,57.19,https://magiceden.io/item-details/H6pvivWT3B9TWkjQP39tYsM78iZvLr5KQ9EX87VXkQpo,None,Solana,Mask,None,Relaxed,None,Orange
2526,10,4360,31.69,https://magiceden.io/item-details/FhG3DJWDixPb3gUuDBPBcnyFAUuNZdp5Qo4UfKiBJLMo,None,Greyteal,Blunt,None,Normal,Cap Backwards,Blue
2530,8,4639,50.39,https://magiceden.io/item-details/6ZTxGcgtrzZGqjTdsoptBZW3SNXVUwiVX7A7HwvkJfXK,None,Greyteal,Cigarette,None,Closed Eyes,Crazy Hair,Orange
2533,7.5,3753,59.52,https://magiceden.io/item-details/2zsyDiQa2covRYSkNsc2cjMV54szLZfYFBCf9AhECq9M,None,Greyteal,Vape,Life Saving Tube,Eye Patch,None,Blue
2539,7,6396,52.2,https://magiceden.io/item-details/EXEeqcePzYnhA1FRA9VzC7jkfz92Jk5jhxJfjkbYLyzw,None,Solana,None,None,Big Shades,None,Blue
2551,9.69,2644,42.78,https://magiceden.io/item-details/5q5JMc8hzBbRm5piHegAz5WGEH3HcmLd1jjma7vKFC2y,None,Violet,None,Referee Shirt,Normal,Cowboy Hat,Green
2578,8,5707,45.41,https://magiceden.io/item-details/6jSj5uR7j7Jt6sbu5Pj6U6agB91oYERFKcTQkjHVtxTz,None,CoolBlue,None,Dog Leash,Relaxed,Cap Backwards,Green
2593,6.5,4033,68.21,https://magiceden.io/item-details/BbcykuG8EQ7kK3159zRtbhmFstfVTmxMDJrcwbaWiuJS,None,CoolBlue,None,Kimono,Closed Eyes,Cap Forward,Purple
2636,9.333,1253,52.83,https://magiceden.io/item-details/E6h5DFT89FEFG7EcxovivBDWeD1TRLBTgDhxkTiQChu2,None,Cocoa,None,Dog Leash,Superhero,Crazy Hair,Skeleton
2642,7,8164,43.97,https://magiceden.io/item-details/2QWAz41VhSUYqkgbH9iHwALpXVwJjtVkP11sj9QY4wS6,None,Cocoa,None,None,Wink,None,Blue
2658,10,2276,41.4,https://magiceden.io/item-details/FN3RwYMxw75gFba6hUNhfJM37WRhXF787p1jFhygdmcL,None,Violet,Cigarette,Dog Leash,Normal,Black Mohawk,Robot
2675,6.75,5219,60.19,https://magiceden.io/item-details/2bkCg67V5YevV7rygT8MTj2T8REnE69piWtdraGYgyU8,None,CoolBlue,Cigarette,Hi-Vis Vest,Surprised,None,Blue
2677,8.5,1579,59.64,https://magiceden.io/item-details/XXGhLU3TTHeMPoUp7KjfQLPLPkHjtX46u5aBk98txpw,None,CoolBlue,Mask,Hi-Vis Vest,Surprised,Burning Head,Green
2729,8.8,1283,58.02,https://magiceden.io/item-details/4gQX2GNtwe4tNBrBqYuayuyNtVNRHbhm9T5pZmHLebzM,Earring,Greyteal,None,Tuxedo,Normal,Cowboy Hat,Blue
2730,10,6225,23,https://magiceden.io/item-details/FRMcxHyMCsJaHQBf4iBuUxXqoq7V28EfLZdhpzwrd7sG,None,CoolBlue,None,Dog Leash,Surprised,Red Mohawk,Black
2758,5.99,2177,81.96,https://magiceden.io/item-details/9io9HymYhaChjUodmcQ7dVxzvLNGXwi3p5YcQAKJZUpz,None,Violet,Vape,None,Relaxed,Cap Backwards,Green
2772,13,5125,0,https://alpha.art/t/C5FUjpGaCFce6qJkMnuNSF8rAqUETukTF44FNf5EFj5s,None,Greyteal,Cigarette,Kimono,Surprised,None,Black
2843,17,935,0,https://alpha.art/t/3WxRZRMvZTjAuq7CWpRoSfJHRbDM8xi21SSy19kX27NU,None,Cocoa,Cigarette,Life Saving Tube,Big Shades,Cowboy Hat,Orange
2919,7,6378,52.29,https://magiceden.io/item-details/As32MfFnYqVXPzxxVANEzGjTcCDPXqzWiwdXR6LtgKnf,None,Greyteal,Mask,None,Normal,Cap Backwards,Purple
2930,6.9,7331,48.85,https://magiceden.io/item-details/CsWEutmGWyVNMJyKhzBqXSPZCoupqY6cVrQDfktywFez,None,Greyteal,None,None,Relaxed,Cap Forward,Orange
2964,7,1455,75.22,https://magiceden.io/item-details/4pxBpUxZs4TTDUhVLDJxZJxKLZyyPF4zUYE97JXFjprD,None,Greyteal,Blunt,Life Saving Tube,Normal,None,Zombie
2991,9.88,5189,29.03,https://magiceden.io/item-details/3MZLx1oGkQunKRVPGSLfZSU4cXkpJ2kEUGYiF26wjvrj,None,Violet,None,Kimono,Normal,Red Mohawk,Green
3041,9,504,59.65,https://magiceden.io/item-details/FdcBWbu3wBqJMmQryhvYacbeLrwnARiS5NJXAkgYtX5N,None,CoolBlue,Mask,Tuxedo,Regular Shades,None,Robot
3059,10,6559,21.44,https://magiceden.io/item-details/8vktNw9hfLVRapRCdN4GRhtUtPcsTYBTWMZUGXSi3f65,None,Greyteal,None,None,Big Shades,Burning Head,Green
3068,14,3939,0,https://alpha.art/t/A7HT5D8wkCupS8ZL2rx54WxtETWV91capCWrk6hXzbeu,None,Greyteal,Cigarette,Dog Leash,Normal,Fedora,Robot
3105,10,2291,41.33,https://magiceden.io/item-details/8os9iedbEk9jwZLwW6i1SmgRGCCoe9HuoXt1HExSz3U,None,Greyteal,Warforged,Kimono,Surprised,Crazy Hair,Black
3107,6.99,5605,55.99,https://magiceden.io/item-details/BBn6cBe6dhjkLTZRtqG5AkoJ95cLzwpGyXzVJT5PziFm,None,Greyteal,Warforged,Life Saving Tube,Surprised,None,Orange
3113,5.85,5464,68.04,https://magiceden.io/item-details/BtL2yyPTiNSJj4VQtjFeZGcHjyg8wiXYtce4sGXNhjvs,None,Solana,None,Life Saving Tube,Normal,Crazy Hair,Purple
3178,9.5,6143,28.38,https://magiceden.io/item-details/8kocdFs2QwWHxGq94TFLUwc9ZncEnuqqw6b4HE9RzDUw,None,Greyteal,None,None,Eye Patch,None,Skeleton
3222,6.89,7142,49.83,https://magiceden.io/item-details/AZ2YeQqA4m9JiQsp9Erz7hXsNzMrPVD4SXZZ4h6bkuEB,None,Greyteal,None,Life Saving Tube,Normal,Tiara,Green
3251,6.2,5905,62.49,https://magiceden.io/item-details/8rzgcewBQpdde5GsFzF5R2LCVARAVqR6WE3eAPFcb3f2,None,Greyteal,None,Kimono,Surprised,Vampire Hair,Green
3266,8,7790,35.71,https://magiceden.io/item-details/p88hXKQ39m8YoViz8jpogP6n2ryLoGzxrREDBfx9e4U,None,Greyteal,None,Bathrobe,Normal,None,Robot
3328,10,595,49.23,https://magiceden.io/item-details/ffusamDuzkcXet6vceT9nrVoi1Kbhp6jefwacvHVwvs,None,Cocoa,None,Bathrobe,Closed Eyes,Pirate Bandana,Skeleton
3336,22.2,7914,0,https://alpha.art/t/6PqsqWBZhuifnukGGtnoubPNFpQmLEtMhSq8SAZCfJbJ,None,Violet,None,Dog Leash,Normal,Cap Backwards,Blue
3413,7.195,8577,40.09,https://magiceden.io/item-details/6F1WnnFoDtRdgYvN23zkGstBugSqnfJX5DnwQJNXrQCn,None,Greyteal,None,Life Saving Tube,Normal,None,Orange
3442,10,4201,32.43,https://magiceden.io/item-details/BNvc7HNKNBCDG9UtkpBonjUD3aBQRcVWeiwcesFjKc7,None,Greyteal,Joint,None,Big Shades,None,Orange
3454,7.9,5339,48.13,https://magiceden.io/item-details/FF9sZn75f2ZfCV3xH16dmaswXnaE2iXujztiRvw2nABC,None,Cocoa,None,Black Suit,Regular Shades,None,Green
3541,6,7973,54.86,https://magiceden.io/item-details/7hu9maq4ZUnrKqaSH4KD9Bq1uy8zSgNQcfESbxPjhoQi,None,Greyteal,None,Black Suit,Normal,Cap Forward,Orange
3551,10,2533,40.2,https://magiceden.io/item-details/dWNTCEn7xH3ujpeyuqekfequxuvvq1p8YenQh9xQRrk,None,CoolBlue,None,Pilot Jacket,Wink,None,Blue
3556,7,6389,52.24,https://magiceden.io/item-details/89rrajyB5r1u523CYsvho3DrJpLZpx7YLNroXNFyheJu,None,Greyteal,Blunt,None,Normal,None,Green
3580,8.9,3441,46.97,https://magiceden.io/item-details/14ao9SRXZfP682QNCLvS3ovR1Q1KqZAQZjq1vT8ksQKF,None,Cocoa,None,Life Saving Tube,Superhero,Vampire Hair,Blue
3594,6.3,7365,54.69,https://magiceden.io/item-details/2Z7KvJswfdgUvbyNSnHGorDNprR7jAv6Xn7hYSjLXXmg,None,Cocoa,None,Life Saving Tube,Normal,Black Mohawk,Orange
3647,10,4321,31.87,https://magiceden.io/item-details/WdXMmKTA8hKb5toAPeuh2ywAd3YRgSCv9YK2YracqWF,None,CoolBlue,None,Hi-Vis Vest,Eye Patch,Cap Backwards,Blue
3649,7.2,4900,57.17,https://magiceden.io/item-details/CEko84n4XKdCSuJskcnU3ERG9Fyeop3kNPdBFihqJZSg,None,Solana,Cigarette,None,Surprised,None,Orange
3650,8,3890,53.88,https://magiceden.io/item-details/4WGydvj63Z697bY9riGXnhb5H7LEkz3v2BeVEhaQS9mq,None,Cocoa,None,Dog Leash,Big Shades,Fedora,Black
3666,6.25,4222,69.83,https://magiceden.io/item-details/8SHdD2Vf11RuHWeFUCdG5Lw1GqnweKWY2Ygr1vSye36B,None,CoolBlue,Vape,Kimono,Normal,None,Robot
3733,9,5151,38,https://magiceden.io/item-details/HvbHqZzJLNwrxRK94xibTueubwzywBL1zvYMXEUoxnR3,None,CoolBlue,None,Dog Leash,Surprised,Fast Food Cap,Orange
3734,5.4,2961,84.21,https://magiceden.io/item-details/12n11Dn7RK3wXewPaz1sfhwAxY2bUrGCQAygKQWBbQuU,None,CoolBlue,Vape,None,Relaxed,Crazy Hair,Blue
3747,6.4,2745,75.21,https://magiceden.io/item-details/FYFdgiUkzGvVUDLmkqPYnDfVgGLyR114NcWuk9bzarsA,None,Greyteal,None,Bathrobe,Closed Eyes,Tiara,Black
3759,8.33,2162,58.63,https://magiceden.io/item-details/ASBVZaSUncecjeXPdE5u169GmBvNtLw4aQ4BLMg8Ymwn,None,CoolBlue,Mask,Dog Leash,Superhero,None,Orange
3761,6.6,4430,65.36,https://magiceden.io/item-details/J7HfLy8WeNq3R3yxXvxXRnkjXdM9vKmjF2Pzidk59TqC,None,CoolBlue,None,None,Closed Eyes,Antenna,Green
3776,9,400,60.14,https://magiceden.io/item-details/CHfM5fAWxoXy92xcXkXScrEaUsmFvaKjaJ7oXapVdvuU,None,Solana,Joint,None,Relaxed,Fedora,Purple
3833,13.2,4841,0,https://alpha.art/t/FXEgqufKJejQezYDpGp9GrVagtpdS1iER1M5HTdcDmSy,None,Greyteal,Cigarette,Hi-Vis Vest,Normal,Red Mohawk,Black
3845,10,2164,41.92,https://magiceden.io/item-details/57i1pAXCcpwzUM8SyqwQbHXFiUhZrY7eAWFcNSCz2PiJ,None,Solana,Cigarette,Kimono,Surprised,None,Blue
3853,9.44,1573,50.27,https://magiceden.io/item-details/E7tHUAVDTzecYejzsQmBYPq4jZBTUWGsyUcntCgLUhTZ,None,CoolBlue,None,Dog Leash,Big Shades,Police Cap,Skeleton
3857,25,958,0,https://alpha.art/t/ApmLwZuqXvjYNkFrpH2FbdgdzTcJ9Q8LdUJLbyKP9uPa,None,Cocoa,Mask,Dog Leash,Eye Patch,Burning Head,Black
3881,7.5,602,74.2,https://magiceden.io/item-details/42ZiK6ND6u5jZdTz6NAFXqvpt1re8VnH6CWZMQw7xXdb,None,Cocoa,None,Black Suit,Big Shades,Antenna,Purple
3901,7,6452,51.94,https://magiceden.io/item-details/2hSXPv6h2NzceEUYmyjVNk6A3Eu5df7pfYw4AgVnmtF7,None,CoolBlue,None,Bathrobe,Normal,None,Skeleton
3910,6.85,494,81.2,https://magiceden.io/item-details/BXbHr6Dn5hQ4MXddSezBjLgCrYx6mnDMvj5foEzgdPXS,None,Cocoa,Mask,Kimono,Closed Eyes,Red Crazy Hair,Black
3929,8,2923,58.38,https://magiceden.io/item-details/C8iFYXLRVWrNWgHw96B4Lxav7f5CjsZncgrDUHhHbxmx,None,CoolBlue,Vape,Kimono,Normal,Crazy Hair,Purple
3985,7,7133,48.77,https://magiceden.io/item-details/AsbJ1ueARmY1Vpas2i8QHnsP6bjZhsmBchUxUhGLHM1c,None,CoolBlue,Cigarette,None,Normal,Burning Head,Green
3986,5.65,6256,66.35,https://magiceden.io/item-details/81u8ze3rLCSteyWN1Lov759M4naTjv5zLg7zzZdF4CL8,None,Violet,Cigarette,None,Normal,Crazy Hair,Black
4009,8.69,1755,56.92,https://magiceden.io/item-details/8waDNowNzFjSSuoUEmQyi1avyzmz1whsnNFNeKbM1DEg,None,Solana,None,Referee Shirt,Normal,Red Mohawk,Black
4024,10,1379,45.58,https://magiceden.io/item-details/Apmgag8nXkokBF7i7RLX76NiMdcHuHE26YRjy3t4z471,None,Cocoa,None,Tuxedo,Closed Eyes,Knitted Cap,Green
4062,10,6266,22.81,https://magiceden.io/item-details/5kf8NWzpSTnUQvLFHQZbJd3mFsdb4Uxp4dA73UcfdUty,None,Violet,None,Dog Leash,Normal,Bandana,Blue
4143,6,5446,66.63,https://magiceden.io/item-details/4mYgp6BEeuaR9NSrdNwq5gZEQ8PeSfYpMZd7DSkBh933,None,CoolBlue,Warforged,Dog Leash,Normal,Cap Forward,Purple
4148,10,2037,42.51,https://magiceden.io/item-details/yzRwM68wNNixFfSwqzMbxENgBU3kxBeHQJBrfq5PjNz,None,Greyteal,Cigarette,Dog Leash,Wink,Red Mohawk,Orange
4176,6.75,4853,61.89,https://alpha.art/t/CZGMnXupRYV24HWQtmAJFs9kUA3HxhMecni6jV5b34bW,None,Cocoa,Joint,None,Normal,Cowboy Hat,Green
4184,6.88,5009,59.86,https://magiceden.io/item-details/Ab5dkPGnjo7GXmVK9NQ22kan2jKwMa4q8uBFdzA89STJ,None,CoolBlue,None,Black Suit,Eye Patch,None,Purple
4215,8.5,1748,58.86,https://magiceden.io/item-details/G3GdYUjExGwVakh4Z4rzsb4qw9XXYinbm9mwqjdFX653,None,CoolBlue,Cigarette,None,Relaxed,Bandana,Orange
4235,6,4040,73.18,https://magiceden.io/item-details/6evqzQDmtmwmPY6sABiVQ4EdKuzLdah1paBLSYTaXrXX,None,Greyteal,Warforged,Black Suit,Normal,Fedora,Green
4239,7,7001,49.38,https://alpha.art/t/BRBDdMGSKvXb7uwbZsgMgu5YRWp2QuuoQps8nqRxv6C7,None,Greyteal,Warforged,None,Normal,Fedora,Green
4246,8,1026,67.22,https://magiceden.io/item-details/5DwQ4TYYaoeUgoAvjuMEft5bxVGVSiWz2ihwyXdBbpSm,None,CoolBlue,Blunt,Dog Leash,Eye Patch,None,Green
4251,5.56,5263,71.88,https://magiceden.io/item-details/JCUhUWBYxP2fRQ4yM8PiHbpZRPxRmwPtREQWbg1RkTuq,None,Greyteal,Vape,Black Suit,Normal,Cap Forward,Blue
4259,22.58,1939,0,https://alpha.art/t/AcQUzu8kN5DN6MF3dhJCFa3GK7mAjsKtzPWwwNvK9Dx4,None,Cocoa,Cigarette,Dog Leash,Normal,Lucky Hat,Green
4287,10,2264,41.45,https://magiceden.io/item-details/DvKjKvayNRGBgoMF7a6TVwH1frJC11CbSHgAdgPFgxQr,None,CoolBlue,Cigarette,None,Big Shades,Red Mohawk,Blue
4318,40,419,0,https://alpha.art/t/G1kcLpcfZ3uhwnqf2cd2WNvVpE2XvWZ8dC1T9mJDLpDH,None,Solana,None,None,Surprised,Helicopter Hat,Skeleton
4365,10,666,48.9,https://magiceden.io/item-details/6UZhgrEsXmdVYshHq2jTzQcSwyrUg2pnPR5Nw1p2xikv,None,Cocoa,None,Black Suit,Surprised,Fedora,Demon
4400,9.99,3947,33.71,https://magiceden.io/item-details/EZYswLVCUuc3N2cJQAjWfFDvFftMwmYK9QHMzkqSQWyK,None,CoolBlue,None,Life Saving Tube,Big Shades,Cap Forward,Purple
4401,10,1972,42.81,https://magiceden.io/item-details/5SwUfnQfNVyJJ6YrYred4jFuwQDoFjnugDC5Yg4E6DXf,None,Solana,None,Dog Leash,Closed Eyes,Bandana,Orange
4412,9.8,888,49.86,https://magiceden.io/item-details/6MRWq2iwwwekBygtzzm1cd4v4jMCAizKQMxxCM7uwaky,None,Solana,Warforged,Dog Leash,Normal,Pirate Bandana,Robot
4422,8.77,8109,26.52,https://magiceden.io/item-details/3CKeSdZgA6vUL1H7mn5ZooFt9YQZ23yyebqTEwmDjvUq,None,Greyteal,None,None,Normal,Tiara,Orange
4432,6.9,6338,53.47,https://magiceden.io/item-details/2H2FtbAwwsHjMHkbERPxvP57srKez1fVgFdky4ZBSkdZ,None,Greyteal,None,Black Suit,Wink,None,Purple
4459,10,7679,16.23,https://magiceden.io/item-details/4KYzmkd59prpTewnE5jRWABSts3GYt59yBtus1Mb7A23,None,Cocoa,None,Hi-Vis Vest,Normal,Cap Forward,Orange
4469,9.95,5853,25.23,https://magiceden.io/item-details/3HsFYTwKPENDSNh3QykuaKnP9WobYmfwrEUAJN4dT6Jo,None,Solana,Warforged,Dog Leash,Normal,None,Blue
4475,21.07,3352,0,https://alpha.art/t/CittXaHDXweAALr28Jykr5J8zCx68V2eehxYo2Qtj8Gh,None,Greyteal,Mask,Life Saving Tube,Normal,Fast Food Cap,Black
4505,5.2,3266,84.78,https://magiceden.io/item-details/46g89phkW4BQeFbhpResZSWZqxoiPgx9stqFmYLMR48A,None,Violet,Joint,None,Wink,None,Green
4509,7,2142,72.02,https://magiceden.io/item-details/Af6stmb3FvDnNU6FFuM3T1sJfCh7WBBXNYe2eC2kbxVb,None,Violet,None,Kimono,Normal,Tiara,Robot
4525,6.35,4158,69.13,https://magiceden.io/item-details/33eHfwPhqLUJwKNnKKWW5en3NXfNUeCaa22VcEJr8AeL,None,Cocoa,None,Dog Leash,Relaxed,Cowboy Hat,Green
4526,8.9,2869,49.63,https://magiceden.io/item-details/Cj4Jm6QibRWMn7NjvWLfSGXYAT4YPZRoTEifyNDPhLAT,None,Violet,Cigarette,Dog Leash,Normal,Vampire Hair,Robot
4536,8,4136,52.73,https://magiceden.io/item-details/FRiZgVJ88u4WxSx7z6QzBUTXR5NjnPLBkqWpEjsBaxCw,None,Violet,None,None,Wink,Pirate Bandana,Blue
4555,9.6,5098,32.25,https://magiceden.io/item-details/GioTrcwkk9XQkw37aUPDV2bp87xGx4dZh1AzLg8R9cgc,None,Greyteal,Vape,Hi-Vis Vest,Normal,Crazy Hair,Green
4568,57.3,3470,0,https://alpha.art/t/An7eyYLAdoApBKLf6N5j1fieVcyBkJSBz19ujhZiydD6,None,Violet,Cigarette,None,Normal,Knitted Cap,Green
4588,6.2,5434,64.68,https://magiceden.io/item-details/GrSReVcSisxdjp3XKyLDkBjuYyfRgnfAE5YS51AodYdB,None,Cocoa,Joint,Hi-Vis Vest,Normal,None,Green
4620,6.25,3670,72.4,https://magiceden.io/item-details/CAPJ2KbJ7Fi7Ymkji6aDWCNfBZL3V4QwM3Vd6bvGTHWC,None,CoolBlue,Warforged,Dog Leash,Surprised,Vampire Hair,Black
4645,9.5,2871,43.62,https://magiceden.io/item-details/5nzG1HLZt9y9RWtxhRP9po8L4xEk8s9cBueEfE6F4bFt,None,CoolBlue,Warforged,Dog Leash,Closed Eyes,Cap Forward,Orange
4646,9,5285,37.38,https://magiceden.io/item-details/8txy6WV5gf8Y2Fp8TmWW2p1rZtFH2xJvcKKicvacXi1B,None,Greyteal,Cigarette,Kimono,Normal,None,Robot
4686,6.9,539,80.49,https://magiceden.io/item-details/3b73t5TYrB2NYbFmD5oxBkHbf7wpAHqkhCMdmraE4so1,None,Violet,Joint,Dog Leash,Relaxed,Cowboy Hat,Green
4698,10,7310,17.94,https://magiceden.io/item-details/A5BXnukn4AKFH5ZKy4jzYCFUDLnenroZ7fCkgaUJjdWv,None,CoolBlue,None,None,Surprised,Crazy Hair,Purple
4709,7.6,8586,36,https://magiceden.io/item-details/8EikaK36CYerP1UvTHSYHoivkVLR68KMs5F1FavJaUkG,None,Greyteal,None,Life Saving Tube,Normal,None,Green
4714,8.65,4448,44.78,https://magiceden.io/item-details/7szo33J1PpztuHdmba731LtHPiFh9riCza66PExuePG8,None,Greyteal,None,Black Suit,Surprised,Feather Headband,Green
4715,15,1626,0,https://alpha.art/t/5mXK3Ej2h1ajPEK46kQegNQGR3djkqEvRHbmvQMRZgCK,None,Greyteal,Vape,Life Saving Tube,Normal,Red Mohawk,Zombie
4744,6.1,2403,79.81,https://magiceden.io/item-details/Exr9gViVJeb2cGu17j28rZqouEB5LYPhHUZxXeNKp3yF,None,Cocoa,Cigarette,Dog Leash,Wink,Vampire Hair,Black
4750,20,7917,0,https://alpha.art/t/EDJT2zFwE3SNCbMpSgpcSdp87CadEwLzYpqhG7okkuGY,None,Greyteal,None,Life Saving Tube,Closed Eyes,None,Orange
4753,8.5,2261,56.47,https://magiceden.io/item-details/CZApWrcJaGvt6pgSQua1YjjAdixBfZDxRdVAT5nYnv67,None,Solana,None,Bathrobe,Normal,Police Cap,Robot
4784,9.87,7599,17.9,https://magiceden.io/item-details/5dxNv9UsA3eUpEfqks2Gj8YfCJAFnEtMcfrWLvyNvGHe,None,Violet,None,None,Normal,Feather Headband,Green
4797,8,5786,45.04,https://magiceden.io/item-details/E3D5JYhFy2jBh6Kko4FCKpMJ26zoEk8L1xoSoNf7Hw2Y,None,Violet,None,Hi-Vis Vest,Wink,None,Blue
4807,10,8481,12.49,https://magiceden.io/item-details/HtTtZ6cCRDcEzD8mFmiZmHxVnJkpiDyuF8QwDEGVL2fA,None,Greyteal,None,None,Normal,Cowboy Hat,Orange
4855,7.5,8162,38.98,https://magiceden.io/item-details/EuFoAm5yirZMJqMBJDEVLp1iDv4SWKBBBi3HJ4W35Y1t,None,Greyteal,None,None,Eye Patch,None,Orange
4870,6,4560,70.76,https://magiceden.io/item-details/HAARsZ73PapRvS9udcyhRreCr8cR5wLW6Fg39jytzzud,None,Violet,None,Dog Leash,Superhero,None,Purple
4886,7.49,3548,60.57,https://magiceden.io/item-details/7JN2MarbNDdNgeksL19Bns6K9XDcUK8fcnFxki3gqXB5,None,CoolBlue,None,Bathrobe,Closed Eyes,Cowboy Hat,Blue
4900,39.9,5894,0,https://alpha.art/t/A1g2L8b2coZQhTQSxspXtE2wsswSsi4euwoPeevnafrC,None,Solana,None,Dog Leash,Normal,Mohawk Thin,Black
4952,10,163,51.24,https://magiceden.io/item-details/6EXpxbF3bZMANyFcWjhrJca3ZBAXcMHwKcm8EocWD8KE,None,Cocoa,Cigarette,Referee Shirt,Big Shades,Cowboy Hat,Black
4962,5.5,5600,70.91,https://magiceden.io/item-details/7pQwXL8QoQ5g5f9i6NqdcgFGbQFQj1szUeRQLeUBv2Zo,None,Greyteal,None,Dog Leash,Big Shades,Crazy Hair,Black
5008,20,6521,0,https://alpha.art/t/GuVSBUTWdi9mAcPB8NTsPfNU8cekTaZBF4B5TdJaNNnb,None,Greyteal,None,Life Saving Tube,Superhero,None,Orange
5016,7.5,6817,45.24,https://magiceden.io/item-details/2Ucnhq5VKvbktgLWcjb9gvzt9Pxc5rRrWfEWQVSTooHw,None,CoolBlue,None,None,Eye Patch,Cap Forward,Green
5033,7,1575,74.66,https://magiceden.io/item-details/FrZA6HdKd1e6MAU4pRyiZShG28EdkLYhn6EPB8jFCtHN,None,Cocoa,Warforged,Dog Leash,Cyclops Visor,None,Blue
5081,9.65,1324,49.33,https://magiceden.io/item-details/Fkkum1KhMYNZ1ia1cjm7CUA6pk5V7Fb4433J9tqwhTK,None,Greyteal,None,Hi-Vis Vest,Big Shades,Black Mohawk,Skeleton
5112,6,4195,72.46,https://magiceden.io/item-details/CkdmEfm3eTrGYXmUqUrz41im7Z6rgQLaJH2r4NTSHeVz,None,CoolBlue,None,Kimono,Normal,Red Crazy Hair,Robot
5118,5.55,7934,59.54,https://magiceden.io/item-details/3wXmvGeaeYbKXnAWSFzo15GZAuLLPP4oron5kjHcLnsV,None,Cocoa,None,None,Eye Patch,None,Black
5158,9.5,2534,45.19,https://magiceden.io/item-details/FQdzWQ1rZYoMaXZ4CVAXYcKFLSujD2PcAjDLeJgeejZA,None,Solana,None,Life Saving Tube,Normal,Police Cap,Skeleton
5191,6.64,8086,47.93,https://magiceden.io/item-details/3w1kEKfGkHdLWFaRSiX9F18h5u7hNZ1qa1MZGYUsKWxQ,None,Greyteal,None,Dog Leash,Normal,Red Crazy Hair,Black
5192,7,2329,71.15,https://magiceden.io/item-details/HBt9HzyZZMWP1xXUtRgni4oLW9KkDVq23jaNU6qrPqgK,None,CoolBlue,None,Tuxedo,Relaxed,Police Cap,Green
5250,8,7513,37,https://magiceden.io/item-details/91Ey3E7vptkH3cQKottfeFLi7iAGssnYtNmbQworuY3D,None,Cocoa,None,Dog Leash,Normal,None,Zombie
5254,8,3263,56.8,https://magiceden.io/item-details/9cn3iVh7SeH8rEgv2XPqa9xqQENbt9S7vq1wumAbxpmB,None,CoolBlue,Mask,Dog Leash,Normal,Red Crazy Hair,Orange
5261,9.9,4249,33.2,https://magiceden.io/item-details/yFL7PSD87c5DibKzyNGPKYnXv8PApJkrYK7Y23jgXBN,None,CoolBlue,None,Life Saving Tube,Closed Eyes,Feather Headband,Blue
5279,7,6399,52.19,https://magiceden.io/item-details/J7KKoGpTMfqdPtbrMdivRLtsMp2mbkQu8Af9h8aDoSR,None,Cocoa,None,Kimono,Normal,Fedora,Green
5315,8,3881,53.92,https://magiceden.io/item-details/3JePQqGCQQQnRCPeumwqSAqRyRNMH6EnQWoXkTw3FGbE,None,CoolBlue,None,Life Saving Tube,Big Shades,Police Cap,Black
5400,6.9,2674,70.54,https://magiceden.io/item-details/9svoAjUm1c6nWfXK3CbVUkCfXai3hDKkM4Y4B3zaFuxJ,None,CoolBlue,Cigarette,Black Suit,Normal,Vampire Hair,Robot
5412,9,2582,49.97,https://magiceden.io/item-details/57t7zaex1ABxWkULpQSRvuUgUMqk27AJLS5B6SLMiBC6,None,Solana,Mask,Tuxedo,Normal,None,Black
5433,10,2402,40.81,https://magiceden.io/item-details/4mgoNqq8Ldd6yei171rn1BNK2jmwWHXro9F3NBpyYAx1,None,CoolBlue,None,None,Eye Patch,Antenna,Purple
5463,6.93,5275,58.13,https://magiceden.io/item-details/8uixnsTPxoGProzktdb7UajtT4Yfn7ojdoUzgcEoZ8RR,None,CoolBlue,Mask,None,Normal,Red Mohawk,Green
5467,7.24,5610,53.46,https://magiceden.io/item-details/Hc3kQgdtnWxhuV4Xfjk6CD16U6yA7LV9Bmf8ZRnLMqRK,None,Greyteal,None,Life Saving Tube,Surprised,Feather Headband,Blue
5472,8,378,70.24,https://magiceden.io/item-details/JCLUYidLAD7rSMSuL7Qinv12rzsU19hhKGDBYuKT5TNi,None,CoolBlue,Vape,Bathrobe,Surprised,Crown,Purple
5489,8.88,6219,34.23,https://magiceden.io/item-details/5Gq4F5EcKrDhDrLKohMY1smXUa34pTM6NxnZL4Xon2LN,None,Greyteal,None,None,Relaxed,Red Crazy Hair,Black
5495,8.99,1160,56.7,https://magiceden.io/item-details/FAv3rgjxwHkCWmwFbhjKo9MbCkkPRkXs9jLn3xB79F7r,None,CoolBlue,None,Referee Shirt,Closed Eyes,Red Mohawk,Orange
5507,10,5121,28.14,https://magiceden.io/item-details/GrZhF5FsrDv6b3PX96fQsozrqcFjK1cKA2Fc8rCffVue,None,CoolBlue,None,Hi-Vis Vest,Normal,Cap Backwards,Zombie
5515,5.2,5757,73.18,https://magiceden.io/item-details/FVFxFGVGSYGiPhNsB26jN1ZEvJqjsWR9DcknjZhZCPHC,None,Greyteal,Vape,Dog Leash,Normal,Black Mohawk,Green
5530,12,8140,0,https://alpha.art/t/HfmwjT6NS2C2nZJ1Cb7G6RBFxQoWF1nJMuDLQwqEBh9M,None,Violet,None,None,Normal,Cap Forward,Purple
5552,6.9,7372,48.66,https://magiceden.io/item-details/HPuMkKunTCqJjQh33XCeAhRABYqYRsX8bqnKMKvdpZUd,None,Greyteal,None,Black Suit,Normal,None,Skeleton
5557,7.6,2958,62.22,https://magiceden.io/item-details/9mYk7Z8n4tY21Lg6LhV9b23a1MUCzrquMbqM9bFoUko1,None,Violet,Mask,Dog Leash,Normal,Fedora,Black
5615,10,8511,12.35,https://magiceden.io/item-details/9otm4bUQnrWTUEeNMGgBLuwTiQKfD7YG3BY111NHtCxt,None,Greyteal,None,None,Normal,Cowboy Hat,Green
5652,5.5,7373,62.65,https://magiceden.io/item-details/AFzxYxZ1ZCLLkQwNQu1fn6B1iySc8QneWDiZvBy7JYtc,None,Greyteal,Vape,None,Normal,Burning Head,Black
5674,8,5138,48.06,https://magiceden.io/item-details/CXL6hBigXhAkRfHnntTB82S7HHKcxhLg8uUAwEbtuQi1,None,Cocoa,Warforged,None,Normal,Pirate Bandana,Blue
5688,7.67,2054,65.73,https://magiceden.io/item-details/2ouE553rDdEho72HGyHBDVAWLMEb2egQxffu3pdNybeA,None,Solana,None,Tuxedo,Normal,Police Cap,Robot
5786,5.5,7067,64.08,https://magiceden.io/item-details/HHDgmqwCuDtitZY5MN2uFCNyVq7PxSG22r6inYRmqL16,None,Solana,Warforged,None,Normal,None,Green
5838,6,1061,87.06,https://magiceden.io/item-details/7dXd4LqfvJRkQsF5Gf9cBQWYHuzP58y8tHdgqeCw71No,None,Violet,Joint,None,Relaxed,Police Cap,Black
5842,6.2,4901,67.17,https://magiceden.io/item-details/6jGGouSDGnKdXYdRWw5Sgh7XkT5AoF7QNK2eXrjRHJJD,None,Cocoa,None,Life Saving Tube,Superhero,None,Purple
5882,8,568,69.35,https://magiceden.io/item-details/5vjgGXmNMLhS7gLa6F8bCk6PB5Z2BiKdnn7WwwAHaVSF,None,Violet,Blunt,Dog Leash,Regular Shades,None,Green
5892,6,1985,82.75,https://magiceden.io/item-details/68RQLuVW3Vhbp9TWavyDSXFH3fcFSVwMqv8SGyynVe9i,None,CoolBlue,Cigarette,Life Saving Tube,Regular Shades,Cap Backwards,Black
5895,7,8184,43.87,https://magiceden.io/item-details/6XQZWk5VQimxXEGi8M36NMEWdgrgN91HKhsoYP63acNu,None,Greyteal,None,None,Normal,Tiara,Green
5899,8,165,71.23,https://magiceden.io/item-details/GfJkrPdFU2vioBhz2Uscd8PdUtnghth4xSRH7LExH8bS,Earring,Cocoa,None,Tuxedo,Closed Eyes,Police Cap,Orange
5928,7.7,1396,68.5,https://magiceden.io/item-details/QfiTZ4rQbrK85tKufn62bmXrUmegaNJzh9MFuAHLUKm,None,Greyteal,None,Tuxedo,Wink,Vampire Hair,Skeleton
5995,8.77,6929,32.02,https://magiceden.io/item-details/J7KFQUJRP95pfYqwCxDj4VKrh7HBcNRWvaAjZ1BFeZV5,None,CoolBlue,None,Hi-Vis Vest,Normal,Feather Headband,Black
6031,10,1095,46.9,https://magiceden.io/item-details/8tWzRr1sAEV4uvtGFFLxQ64kreyV1326K8nTQ1XSeRKk,None,Violet,Warforged,Dog Leash,Normal,Fedora,Zombie
6038,9.89,3436,37.09,https://magiceden.io/item-details/E9aHQjaCyHtwFv1HxvKAh1GFeZSL6PykYyZbVJMSzygE,None,CoolBlue,None,Kimono,Regular Shades,Cap Backwards,Green
6058,7,6527,51.59,https://magiceden.io/item-details/GpEygZXqLwoU74d2M55aDs6o3wBVNRCU1hPgZXB4Wf5p,None,Greyteal,None,None,Normal,Mohawk Thin,Zombie
6082,9,5534,36.22,https://magiceden.io/item-details/BJsydB6KSSMzZCkYvjywcm7e9x4f4nPKU9bLWZ8Kg7CG,None,CoolBlue,None,Dog Leash,Surprised,Mohawk Thin,Orange
6089,10,551,49.43,https://magiceden.io/item-details/EwqDuiXnAopWCsHMNPve4z6oKYm98nS4MH8fgycCm4Ed,None,Solana,Cigarette,None,Closed Eyes,Knitted Cap,Purple
6142,7,3012,67.97,https://magiceden.io/item-details/Ad2aKLMRUEzQkkupFvQcE8MhoJ7xoUKsGizqSSE7mbjt,None,Cocoa,None,Bathrobe,Closed Eyes,Police Cap,Green
6237,6.12,2693,78.25,https://magiceden.io/item-details/57Q5A4fd9PcRRKgTVKkWLAUmSqvch71RhBqYdu8D8FAV,None,Solana,Vape,Dog Leash,Normal,Burning Head,Orange
6274,8,2082,62.3,https://magiceden.io/item-details/DFUsbTpfqZs93zTydjJyvVrwQ4yaj991UtpPfLiJoBc9,None,Cocoa,Vape,Kimono,Closed Eyes,None,Purple
6304,10,4669,30.25,https://magiceden.io/item-details/GBoZJho5dCocVEdQ8HRxJDaKyv4ydDwQZkYUjFaMxNed,None,Solana,None,Dog Leash,Big Shades,None,Orange
6354,18,147,0,https://alpha.art/t/2mYJQHc6XvDJ3ZxgXB9rJgc2iFTvmnAeqm5FJBtDYbjS,None,Cocoa,Joint,Pilot Jacket,Surprised,Burning Head,Black
6420,9,3598,45.24,https://magiceden.io/item-details/8BmSTtqSugUqEs4fMyrF7ftcrjeASweRAcbXX4BVBpir,None,Cocoa,None,Life Saving Tube,Normal,Knitted Cap,Robot
6450,8.9,8342,24.14,https://magiceden.io/item-details/5eQYT8ufWejwsEjQMz1UjPqz4ppzJW2gjsz8Qc5sr8SP,None,Greyteal,None,Dog Leash,Surprised,None,Orange
6498,7,3787,64.36,https://magiceden.io/item-details/6Vt7SJZMB2JJyo1jkyn57vrj5wgxRYB3aazSfWzf7Nux,None,CoolBlue,None,Kimono,Wink,Crazy Hair,Blue
6522,9,4177,42.54,https://magiceden.io/item-details/DntUEi8Un1G446g9MD142eGF26xjvGvDwnbBDvnHjLx1,None,Cocoa,Vape,Dog Leash,Normal,Red Mohawk,Green
6526,420.69,392,0,https://alpha.art/t/sPzeUVLcFx1STAY9fQjaG2a5GQEtNi1Pz3WiicBCZeF,None,Greyteal,None,Black Suit,Regular Shades,Cap Forward,Alien
6529,5.49,7210,63.51,https://magiceden.io/item-details/2CdZ2i6uMGcgRdRbYT35UUvjenuwSq18bfvfCmZmSuuu,None,Cocoa,None,Life Saving Tube,Normal,Red Mohawk,Green
6550,20,1894,0,https://alpha.art/t/DRxYhc6MSByLL35H6c565bEXt1eehLqQGTDKDCPPWcyA,None,Greyteal,Vape,None,Cyclops Visor,Cap Forward,Black
6558,9.99,5039,28.62,https://magiceden.io/item-details/7tJG2kcqmehi72D14cX6UWbKkgNQm7BtgVMbH3n4mVbQ,None,Solana,None,Tuxedo,Normal,Cap Forward,Blue
6569,6.2,2661,77.6,https://magiceden.io/item-details/57mmrYfCx4Q8wX9q4EWg2hgK3QWf91ZtNeFPwN3M5ezc,None,Cocoa,Joint,Hi-Vis Vest,Normal,Burning Head,Green
6595,6.5,3198,72.1,https://magiceden.io/item-details/GggLs9c3x7PRKa3Wagqfv3fENYA5frPwprKi51KkCzKA,None,CoolBlue,Mask,None,Closed Eyes,Cap Backwards,Orange
6601,10,906,47.78,https://magiceden.io/item-details/2qEQBNWWgq425RRf5PWZYxspUSRXkBM4jLqdNEmWaHs5,None,Cocoa,Mask,Dog Leash,Normal,Knitted Cap,Robot
6610,9,1422,55.38,https://magiceden.io/item-details/GCFs2g2bKheAGoVoAJDFYEPfF2xLes6xjYsYQy4hVKv2,None,Solana,None,Kimono,Closed Eyes,Red Crazy Hair,Blue
6615,9.9,6235,23.95,https://magiceden.io/item-details/HmFAFPRB71yDuQxtd4FjLAahYauUe4mFPfedskt1ryuU,None,Greyteal,None,Dog Leash,Regular Shades,Cap Forward,Black
6627,9,636,59.04,https://magiceden.io/item-details/93qrHyuq2u5i5Hjrv4dC1yzNz5JnyB5SsYXRRuAYvBDF,None,Greyteal,Vape,Tuxedo,Big Shades,Cowboy Hat,Black
6639,10,7776,15.77,https://magiceden.io/item-details/AJBic9Um6HyMaye4LboM8hXcUQKzayBT3Q41ZWdau4UH,None,Cocoa,None,None,Normal,Tiara,Blue
6641,6,2727,79.3,https://magiceden.io/item-details/2UutTTC8tAicKEiuWUPUj7zQDWR5Gdg8zxVbmCaCJip6,None,Greyteal,Cigarette,Tuxedo,Normal,Red Crazy Hair,Orange
6702,10,1133,46.72,https://alpha.art/t/3DWKTxV4xQr96GvAHSdYKAdvVxWg4sivKg9JRZsJZ7hA,None,Cocoa,Vape,Dog Leash,Big Shades,Police Cap,Blue
6752,7,6480,51.81,https://magiceden.io/item-details/66PnbnzSzmCRPZnqdqX7JTJ4emqG837UHLvdtU4ZsXr7,None,Cocoa,None,Hi-Vis Vest,Normal,Feather Headband,Black
6778,6.09,3961,72.65,https://magiceden.io/item-details/DBRMTXWbm8kE4cXMjyk6pyBSn9qd69RSQFmynfU5D3Ki,None,Greyteal,Vape,Black Suit,Normal,Fedora,Green
6785,7,4242,62.24,https://magiceden.io/item-details/83i5KwvufLJb5vW4SBARubSgUGsSbZWamFEXHyecDhF1,None,CoolBlue,None,None,Cyclops Visor,Cap Forward,Orange
6803,6,5165,67.94,https://magiceden.io/item-details/BxAo1uMPRaCmmVnPCc7d4Mshz4tkaii5AWnKeA3Jayha,None,Solana,None,Black Suit,Surprised,None,Orange
6826,7.6,2013,66.62,https://magiceden.io/item-details/9JNTSonYDc9LFfqwgneiTgbSEpz5sgFBcYDHmi7ZEGUh,None,CoolBlue,Mask,Kimono,Wink,None,Green
6851,220,823,0,https://alpha.art/t/6wCxto56y4RK3Zx2NKriRNdC7HaF3Fzug8qoEvCQA2PX,None,Greyteal,Mask,Kimono,Normal,Black Mohawk,Zombie
6877,6.2,6097,61.6,https://magiceden.io/item-details/CDjvvEaAr8jq6xjCfivm8EtwiekH7gYjvdvbPjpzGnQK,None,Greyteal,None,Life Saving Tube,Normal,Red Crazy Hair,Robot
6891,9.2,3735,42.6,https://magiceden.io/item-details/D6oXvYH7Asid5dMj23U5ezewFWbyRAL9aGRyP8Dv14fA,None,Cocoa,None,Dog Leash,Normal,Feather Headband,Zombie
6904,6.2,5348,65.09,https://magiceden.io/item-details/GU3255MBXMo7vZ1k72cYuJNApwNYgo68MvviDxfzimQ1,None,Cocoa,Vape,None,Normal,Red Crazy Hair,Green
6940,10,5717,25.37,https://magiceden.io/item-details/D7ygF35i2KcLSnjaL3waRNMCoa9R6kochTV6Zf8PmgBt,None,Greyteal,Vape,None,Eye Patch,None,Green
6945,9,8200,23.8,https://magiceden.io/item-details/6P7syo2YTT4EHNND7z5TyHwUNhpwdUvQ8K5ihkM3bZM1,None,Greyteal,None,Life Saving Tube,Normal,Burning Head,Black
6958,7.6,2770,63.1,https://magiceden.io/item-details/E1FME35ogcDwTo8zxaAkZkMjMHDPbB7BA2qyczDAmXzC,None,Violet,None,Black Suit,Surprised,Red Mohawk,Orange
7015,8,5372,46.97,https://magiceden.io/item-details/J2jKvtn78qjjSFrw21t34kSM6xfddMGz3D3axP8cADPj,None,CoolBlue,Warforged,Hi-Vis Vest,Normal,Cap Forward,Black
7060,13,6689,0,https://alpha.art/t/AbgSbE6XYUc9udaaw1X86ccQC7ToNqvF9N1xiCfa7Noc,None,Greyteal,Warforged,Dog Leash,Normal,Cap Backwards,Green
7062,8,7004,39.37,https://magiceden.io/item-details/EsSSStk5qwWS7eumwtVDCtFSYTGDY1em3J98Fjv1eWNW,None,Greyteal,Joint,Life Saving Tube,Normal,None,Blue
7159,7,5987,54.11,https://magiceden.io/item-details/Bi6rqxbAYuo3wnsfADFHr3JjD9Vh6qq9mkyZzK1Yw1aq,None,CoolBlue,None,Dog Leash,Normal,Vampire Hair,Zombie
7180,6.89,4549,61.91,https://magiceden.io/item-details/3dNnpJ3agkgPAJWR1hdufaj2zA2GbDLngQ85pEmTqQ7v,None,CoolBlue,Cigarette,None,Normal,Tiara,Purple
7188,9.4,6126,29.46,https://magiceden.io/item-details/6Hc4bMkFWMbrkX2qWkmSfsJ4faguHoB1JXffZiitvEib,None,Cocoa,None,None,Normal,Police Cap,Zombie
7193,42,2014,0,https://alpha.art/t/BH1ZVUSKFMxPtp6Z9nhiHPys9anikjZoHoDLsroyup9C,None,Greyteal,Vape,Kimono,Normal,Police Cap,Robot
7219,153,1530,0,https://alpha.art/t/9SbLuvQZKj7m33zA5MbUY1fKFnPHSn1fgFTAPv7Xviuf,None,Greyteal,Cigarette,None,Superhero,Tiara,Blue
7223,5.2,5679,73.54,https://magiceden.io/item-details/AezJ4x1NieT4vxQD2Kx3m22RVvP2M2bCSxq9LSbTimUy,None,Cocoa,Vape,Dog Leash,Normal,Cap Backwards,Blue
7261,5.9,2896,79.51,https://magiceden.io/item-details/HkZ5vHhRFFpGsbf48gyd8UBsMbapmEwgKkHpfUo6w9Ks,None,Greyteal,None,Hi-Vis Vest,Superhero,Fedora,Orange
7300,6.5,7215,53.39,https://magiceden.io/item-details/EU3MngkXpJrnr54MFVVBTDp43Xxyais5nUEELFFRE8eX,None,Greyteal,None,None,Wink,Black Mohawk,Black
7324,8,2111,62.17,https://magiceden.io/item-details/BC1DKa4jucRzGNNYZvf3ELnZ25wZD4X1u5Dd6eJbpwTf,None,Greyteal,Cigarette,Hi-Vis Vest,Relaxed,Vampire Hair,Black
7339,1000,350,0,https://alpha.art/t/Hjx9W6ufkgoY874zuFzAjJyBhES5iLNNsfrqvjsryDho,None,Violet,Warforged,None,Normal,Fast Food Cap,Alien
7346,6.2,5029,66.57,https://magiceden.io/item-details/FbmimcK8MY2DWZfbY5YriaVz3t9LE6VdSGHZ35BbBjYN,None,CoolBlue,Cigarette,Life Saving Tube,Normal,Burning Head,Orange
7349,8,3884,53.91,https://magiceden.io/item-details/AZBC2FT7nUDFRk846uZCKfBgcXGhubt8CALMfJQmhbyW,None,Violet,None,None,Closed Eyes,Feather Headband,Purple
7360,10,5576,26.02,https://magiceden.io/item-details/3d7CE7Cy7Lb9dECmssxKJTDnvjT6Jd3pehhNbnhaJTLQ,None,Greyteal,None,Life Saving Tube,Regular Shades,Cap Backwards,Black
7394,41.03,5326,0,https://alpha.art/t/3wpDDLcfNNKJumnZKzquaaDJ9HeV7p2teB7xRLca1twE,None,Greyteal,None,Kimono,Surprised,Police Cap,Black
7401,9.99,2632,39.84,https://alpha.art/t/3QL6vBD3jKAQAtJWgGrk4CXnA3bYXpgNUPdNY8SCz17T,None,Cocoa,None,Life Saving Tube,Relaxed,Fast Food Cap,Green
7441,150,4105,0,https://alpha.art/t/48AHFXZFBJXbkFEbJgT4HJHCQ7dpbc9ZQDVSUdAt2fj1,None,CoolBlue,Mask,Hi-Vis Vest,Normal,None,Robot
7479,6.9,5560,57.1,https://magiceden.io/item-details/BrjZYntmBm5C4Q5ts9yDVq72EaCNsyrd2A4mzrVKAzFQ,None,Greyteal,None,None,Big Shades,Black Mohawk,Purple
7579,7,1746,73.87,https://magiceden.io/item-details/8QGx4xJgbVKZ5dEhVNLhUuNjuJLKJ5uwg9HmdzirBWFt,None,Solana,Cigarette,None,Relaxed,Vampire Hair,Black
7659,21.5,7898,0,https://alpha.art/t/CWYFfuu76C7WpLkPjSpmcDKsRc9cebnvcVrgQt154xyC,None,Cocoa,None,Dog Leash,Normal,Black Mohawk,Blue
7672,9.95,6910,20.31,https://magiceden.io/item-details/3L4UUuHELfEJe5YC2vVZorP4hQkoSgTx2BiuCEWbxx9i,None,Greyteal,None,Tuxedo,Normal,Black Mohawk,Green
7705,9,2918,48.41,https://magiceden.io/item-details/BvPDsu7P8tSG9iA5NKoTAsGrFsLBjeP8H4Dg8p3u8zAG,None,Violet,None,Kimono,Closed Eyes,Burning Head,Black
7785,6.35,3760,70.98,https://magiceden.io/item-details/EbjmnAWJbY4XYRzoZaH5MznB6S9i2s2oUhUcAjQCm48j,None,Greyteal,Joint,Hi-Vis Vest,Surprised,None,Orange
7795,7,3730,64.62,https://magiceden.io/item-details/8Pq79m8yLoHokJzKUChxLmWa5R8dYopJWk3SwaHVSQ5o,None,CoolBlue,None,Kimono,Regular Shades,Cap Forward,Black
7815,15,202,1.06,https://alpha.art/t/9KAGn6JGdspik9xULD5fzwzPeRjwzfZMMAvFzeaHykiS,Earring,Cocoa,None,Bathrobe,Normal,Fedora,Skeleton
7845,5.8,7646,58.38,https://magiceden.io/item-details/3AL1H84raHzCcAEvQuYFua4ChagQUXHHp1Y56X9yTTKV,None,Greyteal,None,Life Saving Tube,Normal,Police Cap,Purple
7866,7.25,3261,64.31,https://magiceden.io/item-details/CfeZEkmy9DTdigwVfH9hnghmnQmfcUyf8poZdYSfbpvY,None,Greyteal,Warforged,Life Saving Tube,Closed Eyes,Cap Forward,Black
7871,9.99,1799,43.72,https://magiceden.io/item-details/AdU8ZMAA1yQJM8bVy3szbfVHhPHTHGPCmWnhipDL1RYe,None,Greyteal,Mask,None,Surprised,Tiara,Purple
7890,7,6700,50.79,https://magiceden.io/item-details/56XZBVKJ4AsHdqTfwCDCxY3VXU98MMTiv5feoSKUdPfL,None,Solana,None,Dog Leash,Surprised,None,Orange
7891,10,7366,17.68,https://magiceden.io/item-details/AWzShJkifXVDswBRZHuSznuYu5H7Wp3XeD6G2ttUGWfo,Earring,Greyteal,None,None,Normal,None,Black
7921,7,8496,42.42,https://magiceden.io/item-details/Bzmv7TFCPP8RseatVvHXDoRsgGkK6g7YxSWvqAdpCvqD,None,Greyteal,None,None,Surprised,None,Purple
7947,9.8,1221,48.31,https://magiceden.io/item-details/6SdJtQkzWf7PhP7Bea74PLHq9uEw49eqNM1LgyERQyDW,None,Greyteal,Mask,Black Suit,Normal,Crown,Purple
7984,9,4620,40.48,https://magiceden.io/item-details/7N6t78SHXYJX9jMStyRgaSd2sFfG7AR83rDZDRTwwG9X,None,CoolBlue,None,Dog Leash,Eye Patch,Crazy Hair,Orange
7996,5.75,1675,86.7,https://magiceden.io/item-details/CB5AoupX1TD7xNnc3H5HbizoijirHtQqoV4MTQ7W3879,None,Cocoa,Warforged,Life Saving Tube,Normal,Antenna,Orange
8040,90,616,0,https://alpha.art/t/4KqbumUmmMo9JEAprZ37ALTTR1osSAjTYse1ipsAWvkQ,None,Cocoa,None,Hi-Vis Vest,Eye Patch,Red Crazy Hair,Skeleton
8041,12.49,6607,0,https://alpha.art/t/H9ZY5pVrQTQPpkPLUa3tqKPJuPfo7aeNDRAnmyGxPhKN,None,Greyteal,None,None,Regular Shades,Burning Head,Green
8099,8.88,2779,50.25,https://alpha.art/t/EPQJLn2YUXhVe4muDSVRoYpC2Zv8qQR6MZJsXfLU5n9H,None,Solana,Vape,Dog Leash,Normal,Fedora,Black
8121,6,6666,60.94,https://magiceden.io/item-details/4kEnxNfEucRnyd9P9tzew2jPd1SvhAfJhex546rogNtu,None,Cocoa,Cigarette,None,Normal,Black Mohawk,Black
8123,7.45,4214,57.87,https://magiceden.io/item-details/7oujocY4eL3mAdeFoTYjUpvYHtB8YGeXoZunxuvWVg64,None,CoolBlue,Cigarette,None,Normal,Mohawk Thin,Robot
8139,9.9,7743,16.93,https://magiceden.io/item-details/9kHrsPi7sjshTm7ciq74Y8ni8V88pmJsTfFBDvP47s8r,None,CoolBlue,Joint,None,Normal,None,Orange
8159,8,3835,54.13,https://magiceden.io/item-details/7ypxmrWiBe9TUFL99ghhWofuQKVFteYbc6mFigvbReE8,None,Violet,Warforged,None,Normal,Vampire Hair,Robot
8272,8,1244,66.2,https://magiceden.io/item-details/3sK2mhznRZzYhQbgJaHDosEb3icUSTgSV2vqoMZCrTzT,None,Greyteal,Cigarette,Pilot Jacket,Normal,Black Mohawk,Green
8297,8.5,1196,61.43,https://magiceden.io/item-details/2jRtaRKAyz51zKmnyGwmSHGuT3Ec6Az2JJdHM1CZsEbW,None,CoolBlue,Cigarette,Life Saving Tube,Surprised,Crown,Orange
8307,9.5,2635,44.72,https://magiceden.io/item-details/4KLqxhbpnhPhbfZjHMpabdqVtCzf49Sf9Vh1rNcPSauW,None,Greyteal,Mask,None,Normal,Police Cap,Zombie
8334,30,1629,0,https://alpha.art/t/6pCaZj7i9hHCnrkCggu26uFmrVKW8b31vgYHgqtdrTJK,None,CoolBlue,Mask,Bathrobe,Normal,Cap Forward,Robot
8357,9.5,2083,47.3,https://magiceden.io/item-details/29u88JZW71xrsBb7ktEuMNsD5H3u1gLFc1WerdpiR2W7,None,CoolBlue,None,None,Superhero,Cowboy Hat,Skeleton
8364,7.77,7587,38.95,https://magiceden.io/item-details/27ikSu9xr7ToLJA4CzVuN3D8dmy7quint5Y2mYXEpb98,None,CoolBlue,None,Dog Leash,Normal,Red Crazy Hair,Orange
8368,6.9,1713,75.02,https://magiceden.io/item-details/6Y3ZLybyi1XRyHY2BDBVck7Fgpp8HQTBdpsRSjDfokED,None,Violet,None,Dog Leash,Wink,Antenna,Black
8369,8.5,6437,37.01,https://magiceden.io/item-details/21WqGrhZvfMwzx2E2o16A23mTLUiqBkkPSQYboRUW5wL,None,Greyteal,Joint,None,Normal,Vampire Hair,Orange
8377,33,6011,0,https://alpha.art/t/B65Jh1me96uayrnxEX5Nv3n6FfnsbFL4RUdzHSBSVhvq,None,Solana,None,Dog Leash,Closed Eyes,None,Orange
8378,9.9,6475,22.83,https://magiceden.io/item-details/5M7Rb3ps7PZyE4fvn6R1mNiJP7aFEpKHKvgUdZomwiXG,None,Greyteal,None,Bathrobe,Normal,Black Mohawk,Purple
8392,6,1943,82.95,https://magiceden.io/item-details/v8BKhpdB882cx7jtViPek1oC7Zgb55gBLU124edGKpN,None,Greyteal,Cigarette,None,Surprised,Antenna,Purple
8412,7.25,532,77.02,https://magiceden.io/item-details/83C3jtMaiJXWr7fwEJo9FgiwB75qjuXMfyb5xW8dRYTk,None,Violet,Mask,Life Saving Tube,Relaxed,Crazy Hair,Orange
8428,9.8,7330,19.85,https://magiceden.io/item-details/FAdcASr9Q9hPieSca2uw1etbHRRkLiDVqqZm2DCGZS5P,None,CoolBlue,None,None,Normal,Mohawk Thin,Robot
8442,7,4107,62.87,https://magiceden.io/item-details/3LzKbUoy4fSHPN61S6QXzqaoi6LCS6ovJHwr5L2yTh6a,None,Solana,None,Bathrobe,Normal,Vampire Hair,Purple
8454,1111,1842,0,https://alpha.art/t/GKwVAL7snqxFfdU42WCSPHq1N3RoyQLZfZKqTuESb91S,None,Solana,None,None,Cyclops Visor,Vampire Hair,Orange
8456,13.8,4738,0,https://alpha.art/t/EHzWyxLYhFzDr4AxCatnA91wpXgQJw5XYhjRVFn9Zjs1,None,Greyteal,Vape,Dog Leash,Normal,Pirate Bandana,Blue
8518,5.5,8339,58.15,https://magiceden.io/item-details/899pKJEGxCmYHW75jt8JUakkGacvvJEi7LkcxUZkdncH,None,Cocoa,None,None,Normal,Black Mohawk,Green
8579,6.9,1286,77.01,https://magiceden.io/item-details/CB9eXSBevwYUodCvQUcQeEawdciMmAT5siwE31WGAixG,None,Solana,None,Life Saving Tube,Eye Patch,Feather Headband,Blue
8582,33,3365,0,https://alpha.art/t/J9HK6j17if5FEsT5ffT2hj78eHh5PgFUVSbESNxZjjVz,None,CoolBlue,None,Kimono,Relaxed,Crazy Hair,Blue
8594,35,3911,0,https://alpha.art/t/H3F9tUQzhxdM2J9LXpsELrR2xwxFZRr9v7eVSzzX7Ut1,None,Greyteal,None,Life Saving Tube,Surprised,Antenna,Black
8605,9.99,5497,26.49,https://magiceden.io/item-details/7Y7igZvcL75cNWfZritexejCtFmJGaw6upJ3EnYTyQZ3,None,Cocoa,None,Life Saving Tube,Normal,Crown,Orange
8650,8.77,5493,38.71,https://magiceden.io/item-details/HZMxJ7yvxsRQ16p5VKB5zaZnmkq7Ss3htgyVwwBrUegA,None,Cocoa,None,Hi-Vis Vest,Normal,Feather Headband,Purple
8680,30,1909,0,https://alpha.art/t/GURmrAZVzR5W8hUeTVQYHmii4JyMx5PjL4LDvNNnb6Mk,None,Violet,Vape,None,Wink,Police Cap,Black
8712,13,4846,0,https://alpha.art/t/5s7MGNbavmYLeCkz2JtGULW5EJr48dTgh1MzqD8sAU3p,None,Violet,None,Bathrobe,Normal,Mohawk Thin,Black
8715,9,3713,44.7,https://magiceden.io/item-details/A6YbsEKGquNaHzj8FRtGQB4jnRyfm8HoGUhVC4UaFm5y,None,CoolBlue,Cigarette,Kimono,Normal,Police Cap,Blue
8739,10,2605,39.86,https://magiceden.io/item-details/HaqVJP25Viomhe55eemdynvUUi393HsyfkX7C3vriaNR,None,Greyteal,Vape,Hi-Vis Vest,Normal,Crown,Green
8748,7.5,1109,71.83,https://magiceden.io/item-details/GSgTcnmRvexwx17yDRC3fqNWSMfCdkHbobh5wBSngkVD,None,Solana,Warforged,Hi-Vis Vest,Normal,Mohawk Thin,Purple
8793,6.5,5361,62.02,https://magiceden.io/item-details/3NiQAuEq7WX2N7MLBC125ygZfgEnwaWs8QaWkA7WhN68,None,Greyteal,None,Bathrobe,Surprised,Crazy Hair,Green
8804,35,3581,0,https://alpha.art/t/2iWE3bBREEDfPZBU24zcptQcaqVb1iCGUtuAU2CBGxpC,None,Cocoa,Cigarette,Life Saving Tube,Normal,Fast Food Cap,Black
8806,8.1,2648,58.66,https://magiceden.io/item-details/AsfnYQ6u8U5TWGazwGnw4fehFtgECfM8VsZRjmQCdabh,None,CoolBlue,None,Dog Leash,Relaxed,Bandana,Purple
8843,10,1361,45.66,https://magiceden.io/item-details/2mP83Bri14KMNAiq2nYgvBe32cM2JqYA52BW8xeuKxa8,None,Cocoa,Vape,Life Saving Tube,Closed Eyes,Police Cap,Orange
8849,5.44,5772,70.71,https://magiceden.io/item-details/CHkVbWcjgAH7YRKoB27gzx7GXdcGDbTn6KKLXnXZbto,None,Cocoa,None,None,Eye Patch,Crazy Hair,Green
8851,6,5254,67.52,https://magiceden.io/item-details/9rh3ouH1L5DJvKKCyTQmCymW2o4X1LPpLXwZaWZRjLgX,None,Cocoa,Warforged,None,Normal,Pirate Bandana,Black
