id,price,moonRank,ðŸ’Ž score (%),storeURL,Accesory,Background,Clothing,Eyes,Hair,Mouth,Name,Weapon
34,0.22,2708,75.91,https://magiceden.io/item-details/6zKx2PZydqqk4zEgYiEf6BDdKXfsNihpPiSM7AJkNSeS,Scars & Piercings,Purple,Sensei Kimono,Empty,Combover,Tongue Out,,Chainsaw
102,0.2,3826,67,https://magiceden.io/item-details/DdpgeTzSfhMChdKo8vvCwXFT9CLsa9qR96BTvkzxAUyw,Gem,Purple,Streetwear Windbreaker,Yellow,Slicked Back,Neutral,,Bat
132,0.248,4113,64.19,https://magiceden.io/item-details/5jr8wsmuRzkuawfz5sfRuqBYJee2nNpJBB7C4XfF7EbK,Glasses,Teal,Casual Tee,Amber,Slicked Back,Shark,,Bat
139,0.2,3290,71.37,https://magiceden.io/item-details/9KeMQ28V12XDELD7yJh3kLGrZcM8guhCuWRNVtK3dSN5,Eyepatch,Yellow,Fighter Tank Top,Purple,Dreads,Excited,,Chainsaw
164,0.38,3267,69.76,https://magiceden.io/item-details/9M4Z7Wry5cDBwc4vxeypq2gCb41KQszvvTn47XbVmNsH,Face Paint,Purple,Shoulder Cover,Amber,Dreads,Shark,,Bat
269,0.11,4027,66.27,https://magiceden.io/item-details/DGN7LQXfh1yY93BDH2h1PFiq9zJzENpbkMhjaSDVqwPd,Gas Mask,Red,Street Kid Tee,Blue,Slicked Up,Neutral,,Bow
297,0.34,3770,66.06,https://magiceden.io/item-details/G9ZdoGv8FCCLbgniJ2fdqcSYC6HQ5vBicU95AiTKSrZr,Blood,Orange,Sensei Kimono,Red,Combover,Neutral,,Bat
317,0.17,4571,61.23,https://magiceden.io/item-details/FySdZx1WUvhi8BQhPDeg4vZysLTEkZQMLHKQANSNqSL8,Face Paint,Yellow,Fighter Tank Top,Blue,Middle Part,Excited,,Bow
335,0.07,2417,79.79,https://magiceden.io/item-details/CSnGB2HUEtwApzvSuevo8r1cz6SGxgJ8ED7JC1sGQxFP,Blindfold,Rose,Bandit Tee,Amber,Wasteland Mask,Neutral,,Chainsaw
336,0.1,2179,81.42,https://magiceden.io/item-details/49cRaRJ5JeHC4MK8ZTz2EYhoZ9cCLTkHVz8ZoKFVmr3K,Samurai Mask,Yellow,Street Kid Tee,Blue,Cutoff Bun,Annoyed,,Submachine Gun
347,0.125,2406,79.33,https://magiceden.io/item-details/5m385U2K9EGAZvDP5UfZ6MPmQYTA3UQKRRpqUSnTjHvL,Gem,Orange,Shoulder Cover,Blue,Dreads,Bloodthirsty,,Submachine Gun
371,0.3,2529,76.57,https://magiceden.io/item-details/FgEABTEu62c8n66UaFj3rxouhcW6jZLq8Y2w6tmeAX1B,Blindfold,Teal,Shoulder Cover,Yellow,Dreads,Shark,,Greatsword
377,0.2,1503,85.93,https://magiceden.io/item-details/9kdVju7tNkYnffHe5EH1ATu84fjKxTqj4S8seJhWGJEZ,Blue Rose,Rose,Street Kid Tee,Red,Combover,Excited,,Dual Swords
389,0.02,2432,80.16,https://magiceden.io/item-details/DVWPZkhBFNPZNT4WxSZX2mS8stxcqkWM17T6ZZkEWsHx,Box Earrings,Lime,Streetwear Jacket,Amber,Slicked Bun,Excited,,Dual Swords
405,0.12,2791,76.24,https://magiceden.io/item-details/BAq2d7eBQmpN7gXWjLvrnnB2srYj6p3sZV2binPKHP1g,Tattoos,Orange,Streetwear Windbreaker,Purple,Combover,Shark,,Katana
410,0.1,2920,75.39,https://magiceden.io/item-details/Bug5nX7sAJbENTLL9EvP64mbe4Qg9K6UpwgPqjjpXmFX,Face Mask,Red,Kill Squad Vest,Yellow,Wasteland Mask,Annoyed,,Katana
438,0.02,3279,73.26,https://magiceden.io/item-details/5rHiuv6wtDkwdc7fPLk7iYa7df1wxAb1X2owG76mQ4Xq,Scars & Piercings,Purple,Bomber Jacket,Yellow,Wasteland Mask,Excited,,Bat
468,0.13,3400,71.18,https://magiceden.io/item-details/HrGDHQq8orY6f9vhcJ4VRdVrbQSemVF3bDKKwUUCGc9M,Blood,Blue,Street Kid Tee,Blue,Headband,Tongue Out,,Bow
512,0.27,2789,74.75,https://magiceden.io/item-details/9A2j2vHGBi4U9ToVmb266pW9jRzY6kGRAzhXN3mAETGH,Face Mask,Rose,Sensei Kimono,Amber,Spiky Cap,Shark,,Greatsword
550,0.026,3707,69.71,https://magiceden.io/item-details/9dComGqeqCXHzoEMX1Toiw3ghZ31sJGWTdJdzQicpsE5,Scars & Piercings,Lime,Fighter Tank Top,Purple,Wavy Long,Neutral,,Scythe
650,0.1,2684,77.31,https://magiceden.io/item-details/ArFDD6TfocCaHr4TodvVQJe5Bedufcvnsn1kJzt2skdr,Bandaid,Orange,Street Kid Tee,Black,Combover,Grin,,Chainsaw
678,0.35,4049,63.69,https://magiceden.io/item-details/43gciEDZYdoug1hA13srFVY3bWtnk6zN4pvKTLFqhrAN,Box Earrings,Yellow,Street Kid Tee,Green,Bun,Annoyed,,Bat
694,0.1,3804,68.18,https://magiceden.io/item-details/6guJmpXeUBpE4GG3FyKm4rPnyNiuFSwuPWtThq7PCGBt,Tattoos,Teal,Vacation Shirt,Empty,Dreads,Neutral,,Bow
709,0.1,345,96.37,https://magiceden.io/item-details/DeZJw1vECduApHdTGNo8w5FhLGAmnGct9fGo4T8Rgecp,Tattoos,Teal,Corrupted General Uniform,Empty,Middle Part,Excited,,Greatsword
726,0.29,3314,70.28,https://magiceden.io/item-details/Aw4ZX48JNHNS2VX8zbHddAymmAApr9XrPf9LuZc3HtUx,Box Earrings,Orange,Casual Tee,Red,Wasteland Mask,Neutral,,Bat
733,0.1,1241,89.07,https://magiceden.io/item-details/Cro8jefzuevsYGgd6uyxoF68rxK6NAMKGbCh4on5zEun,Mecha Beak,Purple,Royal Hunter,Green,Dreads,Excited,,Submachine Gun
737,0.1,1789,84.6,https://magiceden.io/item-details/5rv1Fm196LYNskAaUJdAoJ847T5BjZYuqTLPYonLAXvJ,Bone Mask,Blue,Casual Tee,Blue,Slicked Back,Tongue Out,,Scythe
774,0.1,3070,74.16,https://magiceden.io/item-details/65CUAqkc2zncwAuAbHoB8UhRbE3fDzFhKu7kfUFWYpCg,Scars & Piercings,Rose,Casual Tee,Orange,Wavy Long,Cigarette,,Dual Swords
776,0.31,3453,68.94,https://magiceden.io/item-details/ATPJfG9bNnpf44RUaWy1LsH8hGxWAX38kJ6aYBVHFzF4,Eyepatch,Teal,Bomber Jacket,Amber,Dreads,Shark,,Katana
806,0.35,3633,67.08,https://magiceden.io/item-details/Ds5wdmLB9H92XrvF7kfG8n5kv45apQBQprVkPxrpwWXo,Scars & Piercings,Orange,Bandit Tee,Orange,Cutoff Bun,Annoyed,,Katana
807,0.37,2097,79.39,https://magiceden.io/item-details/FQ6DfFzfPNZ2KXdnymwpuarkwPP4d9KpnAhYwEC472dm,Eyepatch,Red,Robot Tank Top,Amber,Slicked Bun,Neutral,,Greatsword
816,0.02,2671,78.22,https://magiceden.io/item-details/5Z8iwGDn3QtmeXLNe542rpSU4tH9aHMtSLG3HF7qzXTU,Box Earrings,Blue,Bandit Tee,Sky,Slicked Back,Annoyed,,Dual Swords
840,0.3,146,95.99,https://magiceden.io/item-details/6vyhHEzY4vNr3Phh8wGGuGHSAw1D651X81sqpgFuRz39,Scars & Piercings,Light,Corrupted General Uniform,Yellow,Wavy Long,Neutral,,Bat
870,0.3,4694,58.93,https://magiceden.io/item-details/DCBzk4bgZvF1oGZvaRfp3mjCUHSKA5wLvy5ky2HskkAq,Face Paint,Orange,Sensei Kimono,Empty,Slicked Up,Neutral,,Bat
885,0.05,3818,68.57,https://magiceden.io/item-details/EQdWHHjNHDwsAqw8bdTieYopp2isKfPoBQqjtPikG3JT,Tattoos,Orange,Shoulder Cover,Yellow,Slicked Up,Grin,,Bat
934,0.2,3061,73.24,https://magiceden.io/item-details/Cpm9x5jeNf9Ymh2Sqqqwg7hQgUxLbpDX8Sfu9vScrPiW,Glasses,Red,Street Kid Tee,Green,Wavy Long,Tongue Out,,Greatsword
944,0.25,701,91.97,https://magiceden.io/item-details/DJHxcwPQ81h2HEJNTojSBmA7NMgmzNQ4XFkLppDvDs9j,Blood,Yellow,Casual Tee,Red,Long,Bloodthirsty,,Bow
983,0.35,3823,65.53,https://magiceden.io/item-details/4f6rrhuvJPkMYyZ5u5JQrCCyAm7kx8ZU4T9mLmpC858y,Box Earrings,Red,Casual Tee,Blue,Slicked Back,Cigarette,,Katana
1073,0.15,165,97.34,https://magiceden.io/item-details/Gw7KooRES8GRLMWPPZ4M1vigP4dXk1fWQ9m1bu3vAmE7,Scars & Piercings,Shadow,Robot Tank Top,Sky,Bun,Neutral,,Greatsword
1110,0.28,2375,78.03,https://magiceden.io/item-details/SEm4ZBVRVB1Uetn3a3cxTZLWErsqfbYowqpXj6ZQ8PF,Blindfold,Teal,Streetwear Windbreaker,Green,Spiky,Tongue Out,,Bat
1139,0.38,2645,74.83,https://magiceden.io/item-details/E1U2mxPKFJpuEERDPiGPTYGStAV2Qrv2VeQ2jfVU283s,Gem,Rose,Streetwear Jacket,Blue,Slicked Back,Grin,,Submachine Gun
1145,0.09,1629,86.01,https://magiceden.io/item-details/2pT7zxW6KkD7STL9xoZjSrbaKRi2LYatvPW7YyrVnrBB,Samurai Mask,Red,Military Uniform,Amber,Wavy Part,Neutral,,Dual Swords
1291,0.3,4124,63.58,https://magiceden.io/item-details/7RsMjqMnMBxiNuAr8gn79SwHVHtYxnmKVBxmJrbXVY1v,Glasses,Rose,Casual Tee,Blue,Long,Grin,,Bow
1426,0.02,2229,81.82,https://magiceden.io/item-details/6eGgfFw4byPsA8QXc5ZZvALgWjBC5AE6rt81SqjGYwC6,Tattoos,Purple,Royal Uniform,Green,Combover,Excited,,Chainsaw
1442,0.135,1946,82.97,https://magiceden.io/item-details/GH4eTPAnCnaanAsu3EoEBdV6iK9Rnzdv5xV7ghbDXkQj,Bone Mask,Blue,Streetwear Windbreaker,Red,Wavy Long,Neutral,,Bat
1500,0.088,3953,67.09,https://magiceden.io/item-details/Lz1rH8kPoGPAA3UHt6zC7ko3T8sV4ruiRrV8h2Poiat,Face Mask,Blue,Vacation Shirt,Sky,Middle Part,Excited,,Bat
1508,0.2,2302,79.42,https://magiceden.io/item-details/EMz57oQ2nKeRbEdrGzV2FV7KtSfe1K31ZzDzcymva1Bo,Face Mask,Rose,Royal Hunter,Orange,Bun,Annoyed,,Chainsaw
1545,0.2,3749,67.63,https://magiceden.io/item-details/89BfUoWnFGkewZFGgHq4numdAue2644Evs1eLu2UDwfK,Face Mask,Red,Sensei Kimono,Orange,Spiky,Grin,,Submachine Gun
1599,0.019,2329,81.01,https://magiceden.io/item-details/GUpf44ueYvWadAokEdSirtzrtKeAmF67JjY6NbmAH6DG,Blindfold,Yellow,Bandit Tee,Purple,Bun,Tongue Out,,Submachine Gun
1736,0.05,3375,72.18,https://magiceden.io/item-details/Bd7yy55ZCdjPhmFaEbshGtPdVTbm95C9pG9SnvXiGaiA,Face Paint,Red,Military Uniform,Purple,Slicked Up,Tongue Out,,Bat
1754,0.019,1471,88,https://magiceden.io/item-details/C9PbRoPxx66wNajCCrAR2ai1xGBzSFgCszV5hpvMYTx2,Glasses,Light,Vacation Shirt,Purple,Slicked Up,Neutral,,Bow
1772,0.04,4855,60.22,https://magiceden.io/item-details/46tScqZSyrcdx5MzGXcFjhY9LzZ3XpETybwPMPixyBjR,Scars & Piercings,Lime,Casual Tee,Green,Combover,Annoyed,,Dual Swords
1789,0.3,2053,80.45,https://magiceden.io/item-details/BTpWK1hpxLyTHUsLghQHYBQqKehPRCeWYMdRCisnWgDu,Face Paint,Yellow,Robot Tank Top,Yellow,Slicked Back,Tongue Out,,Dual Swords
1833,0.28,2268,78.9,https://magiceden.io/item-details/9kcN2MEJoob4LFGhinTpvatZDGNbmqpaK78p9ryTwzUs,Mecha Beak,Red,Streetwear Windbreaker,Green,Slicked Up,Annoyed,,Submachine Gun
1857,0.2,4851,58.65,https://magiceden.io/item-details/DyBauadbcYhgeKr6Ai776tu3tFBDjztBXfFupzwH3ExU,Glasses,Orange,Fighter Tank Top,Purple,Slicked Up,Neutral,,Bat
1866,0.021,2285,81.35,https://magiceden.io/item-details/AdgrT9byCyk4DwNNKXRQT3wfud1afqMrdQ3WDLvxqhHD,Gem,Purple,Bomber Jacket,Red,Wavy Long,Annoyed,,Bat
1873,0.07,3540,70.64,https://magiceden.io/item-details/8xN2qiXVGf29HA8Yg1Goy4XdimEUmveKZHJ553n1CCAL,Scars & Piercings,Yellow,Fighter Tank Top,Green,Headband,Tongue Out,,Greatsword
1875,0.06,1501,87.35,https://magiceden.io/item-details/EZ1YSDLmnbjdjfQcSQd2jNhoFXcH62tPzF9t584zZaET,Mecha Beak,Blue,Casual Tee,Yellow,Dreads,Annoyed,,Chainsaw
1975,0.2,3923,66.21,https://magiceden.io/item-details/FsBBrePdde9sUHaw5uBAt75cSMRJnyzM8MzcNFUiECyT,Face Mask,Yellow,Military Uniform,Blue,Scruffy,Tongue Out,,Bow
1982,0.1,2050,82.48,https://magiceden.io/item-details/BGDnnkWbNuDnGTir51WnerUZiAcGUZp7riPqGKxbqPHt,Bone Mask,Teal,Military Uniform,Green,Middle Part,Excited,,Bow
1990,0.25,2345,78.57,https://magiceden.io/item-details/FxLwDZpYkog4jgjPcVdhoWBdEdgtnQ7W4eu9HCd9oV1S,Blindfold,Rose,Robot Tank Top,Purple,Middle Part,Annoyed,,Bat
2086,0.3,4387,61.43,https://magiceden.io/item-details/6sYj5obHga6ARw4AyPpfodkFxaoEKV6TAe3PdRofVC9H,Scars & Piercings,Red,Fighter Tank Top,Yellow,Spiky Cap,Grin,,Katana
2088,0.06,2073,82.69,https://magiceden.io/item-details/BEqxpPnrXWW7ApNjdggCWwPB3yyMkiQVDvp9RFXdVd7V,Gem,Blue,Casual Tee,Light,Slicked Up,Grin,,Katana
2099,0.38,4504,59.68,https://magiceden.io/item-details/3Yjs358ioUmhTBAAhYv8JbPPR57mdhv4YKtXhmctnrhi,Face Mask,Yellow,Sensei Kimono,Orange,Scruffy,Annoyed,,Bat
2195,0.2,2909,74.48,https://magiceden.io/item-details/4VM2F8qraTCbWfQqJUrVTiKijkmsd1A8RCVHbFr6SDu9,Tattoos,Rose,Chemsuit,Blue,Slicked Bun,Grin,,Katana
2242,0.31,4180,63.02,https://magiceden.io/item-details/HYYPwPXZAd3nTuE8wxLHTAnKctjFMDa1PkwsyG5AiBpc,Eyepatch,Teal,Shoulder Cover,Yellow,Combover,Excited,,Bat
2272,0.1,1045,90.67,https://magiceden.io/item-details/7RmCpMv5GMDoG6zR6jGYUEYeUzS68A3LwxYHAntwLwrf,Tattoos,Teal,Royal Hunter,Empty,Bun,Grin,,Chainsaw
2319,0.15,1169,89.15,https://magiceden.io/item-details/BoDdBgwKqqTyN8UQfzs1YvKGfZXCzqTU9mABfVzZVwPx,Mecha Beak,Lime,Shoulder Cover,Black,Slicked Bun,Neutral,,Greatsword
2332,0.1,4847,59.69,https://magiceden.io/item-details/A1QZyqdYuxV3E8f9GMTNWzS4FdpjvASknz9paBvQk98u,Bandaid,Rose,Street Kid Tee,Blue,Slicked Bun,Annoyed,,Katana
2336,0.07,1958,83.53,https://magiceden.io/item-details/6DRSfTRrTWb3pi5rnUWw51MfWBe4rS8F7UGaBXK7j8Po,Eyepatch,Orange,Fighter Tank Top,Black,Combover,Shark,,Chainsaw
2369,0.12,1688,85.23,https://magiceden.io/item-details/AacJSojpyYH9vwGcrSKzxWmvA4j8GU8BRrWYBb4c1azk,Eyepatch,Lime,Streetwear Jacket,Amber,Dreads,Shark,,Bat
2379,0.12,3952,66.78,https://magiceden.io/item-details/3Jcw4o6qqvBe7rMQgxuAG2ahw5NExeHdc56qerbVfx6E,Gem,Lime,Shoulder Cover,Orange,Slicked Up,Grin,,Bat
2388,0.32,3892,65.27,https://magiceden.io/item-details/8WHWNyiqvHjBFLfd1HPxg69FBZVpc4Un7ijJ9JxR9CAg,Gem,Teal,Bomber Jacket,Orange,Wavy Long,Neutral,,Bat
2425,0.34,3795,65.86,https://magiceden.io/item-details/DmKjuYrcn6FjFaGLE2p8Pq6Noe5LvcxzN7BnqWtk2z4M,Box Earrings,Orange,Street Kid Tee,Green,Slicked Back,Shark,,Dual Swords
2430,0.325,2589,75.83,https://magiceden.io/item-details/CyibjucPEwWnTGmDqdJDfpVj8ZqTAhmUBYdbpQtTksxZ,Face Paint,Light,Fighter Tank Top,Blue,Combover,Neutral,,Bat
2440,0.15,1507,86.4,https://magiceden.io/item-details/FE7FBN63yTEuAjgTF9iuymprDoL5jZjvfhd6Y8cMPfX7,Gas Mask,Purple,Bomber Jacket,Black,Bun,Neutral,,Bow
2443,0.11,3057,74.17,https://magiceden.io/item-details/8zRaRpjJG8dA89UE6pRUmd5fnCSQMHHQSdHR9tMo8dKn,Blood,Red,Bomber Jacket,Red,Spiky Cap,Neutral,,Katana
2445,0.2,2924,74.35,https://magiceden.io/item-details/FZ9Lm2GaLNQEgDCUAxsVnsWtA9ka191mC37ieSfincoe,Glasses,Purple,Street Kid Tee,Green,Cutoff Bun,Tongue Out,,Dual Swords
2464,0.14,3361,71.39,https://magiceden.io/item-details/6LHtnUXz3rH2Ew7vcMi2qnphkDNdD4GVnkrJDdkttNBc,Eyepatch,Lime,Bandit Tee,Purple,Dreads,Grin,,Dual Swords
2469,0.05,1030,91.29,https://magiceden.io/item-details/AzKufBqQ2kC3gWZEyatcELj8vzGet7D19agQyX9MoAJ5,Blood,Rose,Bomber Jacket,Orange,Side Part,Bloodthirsty,,Dual Swords
2480,0.12,4706,60.63,https://magiceden.io/item-details/CK7yQsCnwKCtnQz1Jb1vkDF6dSeYfMLThBWKTPPvUSj,Bandaid,Yellow,Casual Tee,Empty,Slicked Back,Grin,,Dual Swords
2504,0.15,1371,87.51,https://magiceden.io/item-details/EZxnWTfbXDopAWMjCxG7vbR4JHHwjrUEipTTSPkRbDno,Samurai Mask,Orange,Sensei Kimono,Red,Dreads,Shark,,Katana
2518,0.1,3203,73.08,https://magiceden.io/item-details/Fdw7aDoyLYz3Fn6s3dJQrNaNJYynE5KKwAewdXpFpZsC,Bandaid,Purple,Kill Squad Vest,Yellow,Slicked Bun,Excited,,Katana
2519,0.1,1450,87.36,https://magiceden.io/item-details/H8dGFM8VqWpTiyge9V9rWubWhpnGH7jLkQFYMMcbbHCA,Box Earrings,Red,Military Uniform,Blue,Scruffy,Shark,,Robot Arms
2559,0.07,4557,62.35,https://magiceden.io/item-details/4tgHxwhEo4HoKcVNUKtU31zTSfCTWsQEKYZKabnwatqX,Blindfold,Lime,Casual Tee,Amber,Wavy Long,Neutral,,Greatsword
2599,0.39,895,88.99,https://magiceden.io/item-details/5X5fkY6BsLjrPj8tVnSN5xHaEaWGPzsmhtaEEKBocLGg,Samurai Mask,Red,Fighter Tank Top,Yellow,Wavy Part,Excited,,Bow
2620,0.03,1103,90.89,https://magiceden.io/item-details/5PcR4beprFXovVgty15TKFb7pJVFANMmXMEBtzMZ99JG,Mecha Beak,Yellow,Bandit Tee,Blue,Bun,Annoyed,,Scythe
2635,0.1,1000,91.03,https://magiceden.io/item-details/7Vy9x9WAMB9s6xwxRkEUBPG2K7CYBbkhEuVePYMgZ7Rx,Box Earrings,Yellow,Vacation Shirt,Sky,Long,Neutral,,Robot Arms
2660,0.099,2227,81.04,https://magiceden.io/item-details/HmtD8Ba5a9tiUGqbHf2E67Cky8uBV13VV2Y3DQrZfUE7,Scars & Piercings,Yellow,Bandit Tee,Red,Slicked Back,Neutral,,Scythe
2673,0.12,4345,63.58,https://magiceden.io/item-details/GasyTFwiYMRDanveMo7NaVPBxtLbcuv88ypeXYBLXjZU,Bandaid,Teal,Fighter Tank Top,Yellow,Slicked Bun,Excited,,Bat
2677,0.23,1275,87.49,https://magiceden.io/item-details/2ahX7giSUSw61QjLkfZbtSM6bBzp5AbPPRPirMVDGjhF,Tattoos,Lime,Bomber Jacket,Orange,Combover,Tongue Out,,Scythe
2678,0.02,4492,63.38,https://magiceden.io/item-details/24CJASc1kfy1Dzu5qkSGnxZQ9GjEfiAaEHmdken9Derq,Face Paint,Orange,Fighter Tank Top,Red,Wavy Long,Neutral,,Katana
2746,0.3,311,94.65,https://magiceden.io/item-details/CajTkn1hoj37khsfYHW1Z4FE3nGCjVwg2daYa63sg8Cw,Scars & Piercings,Purple,Military Uniform,Empty,Cutoff Bun,Bloodthirsty,,Robot Arms
2758,0.3,3052,72.31,https://magiceden.io/item-details/7W2yUSLpSCfgMKXNm2Z1QmThjtkfKHDkCxdHmpVwmVwB,Face Mask,Lime,Casual Tee,Amber,Middle Part,Excited,,Robot Arms
2783,0.3,3133,71.65,https://magiceden.io/item-details/3KPJwV899WCAk8a5gcNAyAwMfKxpwuqhYijWhkFFz6uZ,Bandaid,Purple,Bomber Jacket,Blue,Spiky Cap,Grin,,Chainsaw
2805,0.06,3429,71.64,https://magiceden.io/item-details/4ABjAp7AVmDfofWBWDcYL7W6YUP1aCmUHPg42yfaorNa,Blood,Lime,Street Kid Tee,Green,Bun,Neutral,,Chainsaw
2820,0.07,2667,77.75,https://magiceden.io/item-details/AVmRybcbuBXrccUnCaaVbTFwz6ysxbtkqKiQrr6Mjr3t,Bandaid,Yellow,High-Class Suit,Red,Combover,Excited,,Bow
2821,0.34,3196,70.74,https://magiceden.io/item-details/ptSMwjorQ9U9D3Po8gjqKVDtjVTrDCLDDo9H5EcAhd3,Bandaid,Orange,Royal Hunter,Blue,Wasteland Mask,Excited,,Submachine Gun
2840,0.02,3810,68.93,https://magiceden.io/item-details/EyZAY3JNZJxyV6hFr5pxxZWENGiHxZqP5zwYi6vZPknK,Eyepatch,Yellow,Royal Uniform,Blue,Wasteland Mask,Annoyed,,Katana
2847,0.1,4352,63.72,https://magiceden.io/item-details/9YbYT7HFeKNrqa8pGuo3z6GBr7psT6pUBWASe7fTJWZp,Eyepatch,Teal,High-Class Suit,Blue,Slicked Up,Neutral,,Chainsaw
2849,0.25,74,97.08,https://magiceden.io/item-details/ADYo88yeHCqk6Zdm3hEBD8eeoaxhKMckkTMdG9rcE12b,Mecha Beak,Rose,Feather Cover,Amber,Dreads,Annoyed,,Robot Arms
2879,0.23,4262,63.15,https://magiceden.io/item-details/HyuALuiku9mhuThp78m6SE1MxPVFnmWaQciM4W3B5RRL,Bone Mask,Rose,Street Kid Tee,Blue,Slicked Up,Grin,,Katana
2981,0.19,3143,72.67,https://magiceden.io/item-details/8JP7s1A9Y86Wm9575L1rFzpw1R1VYr9aYCSCDyzx29Pt,Face Paint,Yellow,Bomber Jacket,Green,Slicked Bun,Grin,,Bat
3023,0.34,2020,80.32,https://magiceden.io/item-details/EDtoS5tfcFDdx4nVtGGmJWE3RoYccFSUEwuwdmZRAc9D,Mecha Beak,Red,Bomber Jacket,Orange,Wavy Long,Grin,,Dual Swords
3035,0.1,2313,80.33,https://magiceden.io/item-details/8Y5kzLKyUATpK9ghsPVU7nTBUUWeV6jN9HMXa9RxHixW,Scars & Piercings,Lime,Bandit Tee,Blue,Short,Shark,,Dual Swords
3099,0.3,281,94.89,https://magiceden.io/item-details/64iVdxtM3fpNqL5t3XYWQGCMHZxjmt5yAqro7uLfZC2f,Mecha Beak,Red,Feather Cover,Orange,Dreads,Tongue Out,,Dual Swords
3133,0.25,193,96.11,https://magiceden.io/item-details/E67SUUNPyZ9GWKwcMRmmNKc6Xm5mL6oe8toLKbVjppuU,Bone Mask,Shadow,Bomber Jacket,Purple,Wavy Long,Annoyed,,Submachine Gun
3134,0.25,2151,80.15,https://magiceden.io/item-details/2QoHJCgASTSatFKi2pooFX16dMYoobXczwM3yZpzbaGF,Bone Mask,Yellow,Streetwear Jacket,Blue,Scruffy,Excited,,Katana
3148,0.018,4092,66.66,https://magiceden.io/item-details/4Pa7SL6v1LSwsuCeZHmd84YRPfkBgomhwFVVpZjtxszV,Bandaid,Red,Casual Tee,Empty,Slicked Up,Annoyed,,Chainsaw
3258,0.2,3355,70.84,https://magiceden.io/item-details/CTZ3fBE1vRS3Ms4GmfMUWAynDQFPYcp134R7iwPUjU76,Glasses,Blue,Royal Uniform,Black,Headband,Neutral,,Bat
3295,0.2,2682,76.33,https://magiceden.io/item-details/76XrRC1Deix2zmvhnT1vGgvJEhYRscQzzwJPWwc373T5,Eyepatch,Lime,Streetwear Windbreaker,Sky,Slicked Back,Grin,,Dual Swords
3299,0.15,196,97.08,https://magiceden.io/item-details/HyaUgwvuSYC4PyTVGQ1nM5aGWzBQWeS2yFC1mUNNQnHk,Box Earrings,Light,Vacation Shirt,Green,Wasteland Mask,Shark,,Chainsaw
3313,0.04,2191,81.93,https://magiceden.io/item-details/HY2PMv18mSQfafknSRrkDk1JiA9XwNUHgMagRB5tYu5h,Blindfold,Teal,High-Class Suit,Orange,Slicked Bun,Annoyed,,Chainsaw
3339,0.2,2289,79.53,https://magiceden.io/item-details/BvZFyh5qSPBk45iQ3J65VPDJRz64oWXS1PdsrYi5zsXN,Scars & Piercings,Rose,Streetwear Windbreaker,Sky,Dreads,Annoyed,,Bow
3405,0.19,1362,87.18,https://magiceden.io/item-details/3QvWXu7xjVRVDrXdtgzwiL41kkL54BnDKckdTZLSk69i,Bandaid,Rose,Streetwear Windbreaker,Amber,Side Part,Neutral,,Robot Arms
3418,0.05,4663,61.68,https://magiceden.io/item-details/6sSGpMCYUjaavgTg76M82JJaoXmmytEcuKhim2429Q3c,Scars & Piercings,Red,Bandit Tee,Orange,Dreads,Neutral,,Dual Swords
3511,0.02,3021,75.36,https://magiceden.io/item-details/6HWbQjv7jeP2gNAL8sxrXhZsF6R1dwVrjqH16Q7Pisdi,Eyepatch,Rose,Shoulder Cover,Red,Combover,Tongue Out,,Katana
3513,0.042,3123,74.31,https://magiceden.io/item-details/HRM75Aq4tmKm8MZFRFnnBpZ2ia8JSoxohrhXReWrpgoq,Glasses,Lime,Sensei Kimono,Black,Slicked Back,Tongue Out,,Bat
3540,0.05,4091,66.35,https://magiceden.io/item-details/8gNmysDm1S9CPFRcQnThaUjo6cSwrDnkc5d1tapsBLiK,Face Paint,Teal,Military Uniform,Green,Wavy Long,Annoyed,,Bat
3623,0.22,798,91.48,https://magiceden.io/item-details/FEGaroQJtHsNqr9gv368Q2XFPBxEhKoAdqdPntba6Z1o,Scars & Piercings,Orange,Chemsuit,Empty,Wasteland Mask,Shark,,Greatsword
3707,0.05,3412,71.88,https://magiceden.io/item-details/EvLyYqhcyjMHtPT8fE4fEfHdiukkVY5JHN4Fa3M2s5t6,Glasses,Blue,Bomber Jacket,Yellow,Bun,Grin,,Bat
3713,0.2,2169,80.51,https://magiceden.io/item-details/ABXSei1WhRp71sJjcihoebaNqPWpwykHZQQ31ETjTpWM,Scars & Piercings,Orange,Fighter Tank Top,Green,Slicked Bun,Annoyed,,Robot Arms
3717,0.12,2283,80.38,https://magiceden.io/item-details/87uYjvjZ8i6G37N55aX4Yiany9meMXazZJENwuo3ez2L,Gem,Rose,Streetwear Windbreaker,Blue,Cutoff Bun,Grin,,Greatsword
3731,0.1,1691,85.4,https://magiceden.io/item-details/9ZyhmhJeTvrZVDiGFa7SHbj7wHzZEKuSonZQyWEp5Qjy,Glasses,Blue,High-Class Suit,Blue,Spiky Cap,Annoyed,,Robot Arms
3743,0.3,2888,73.65,https://magiceden.io/item-details/63J84KggQKa4mPsNnA7ppybdHxA5Q9vZ6QgHYHJyYHtV,Blood,Purple,Robot Tank Top,Amber,Slicked Up,Neutral,,Greatsword
3816,0.2,3387,70.58,https://magiceden.io/item-details/A5dht3YVws9mmMkGnxVhfAtdv2DDjQmnS1nfcxAabo88,Blood,Blue,Royal Uniform,Green,Spiky Cap,Excited,,Katana
3819,0.2,3388,70.57,https://magiceden.io/item-details/BZJgc9W1gf2LiWEbeEbkVtuBwNcoeKMPP6rJU9TF3haf,Eyepatch,Orange,Casual Tee,Amber,Scruffy,Excited,,Chainsaw
3853,0.14,4626,61.09,https://magiceden.io/item-details/4uXzvC6xThx85Q9PCFgxWExy9LdMiM4zaqXTNeekYdPa,Glasses,Purple,Casual Tee,Green,Spiky Cap,Neutral,,Bat
3904,0.1,2035,82.6,https://magiceden.io/item-details/ooqZifCMvxccjPCbaAMYiX6XcKyFJK9MHvN12dSCZKU,Scars & Piercings,Purple,High-Class Suit,Sky,Slicked Bun,Tongue Out,,Katana
3973,0.2,1328,87.36,https://magiceden.io/item-details/C41qbskZMxg4MN3q8ZXXL8cxTRp8JixfyVs2Dy4xZ19u,Face Mask,Blue,Chemsuit,Empty,Wasteland Mask,Shark,,Submachine Gun
3999,0.1,3723,68.84,https://magiceden.io/item-details/BL9snxchD4AFxP7TL9gLNcYehkVTo7WEirkrFX51CE49,Tattoos,Yellow,Shoulder Cover,Blue,Dreads,Excited,,Chainsaw
4034,0.256,2945,73.62,https://magiceden.io/item-details/8Af84edq4o8HzBLyJ2KXgeSANwzvvKt1rLfL3UMqBDbf,Box Earrings,Lime,High-Class Suit,Empty,Headband,Shark,,Katana
4065,0.14,2845,75.6,https://magiceden.io/item-details/7h9BqsikHnUwxJubD1PRCPXsrRkHjM11z1t6f8i8FDCX,Bandaid,Purple,Shoulder Cover,Orange,Headband,Annoyed,,Scythe
4095,0.078,2252,81.05,https://magiceden.io/item-details/91mbbZMKDWRf31uEzY2s7b5Sb2sRFkvYULrfBtarCHYU,Bandaid,Orange,Kill Squad Vest,Blue,Wasteland Mask,Grin,,Greatsword
4120,0.21,4305,63,https://magiceden.io/item-details/8bn3EDkZmjFAcRnJpuQLihmLACugi8QaBCvsRNaY7Fcv,Tattoos,Lime,Military Uniform,Purple,Dreads,Neutral,,Katana
4135,0.1,4806,60.02,https://magiceden.io/item-details/485SgX3XLTtWvWjj3Mq3Na8vj3N3D8uokY7seUSmrTAY,Blood,Lime,Casual Tee,Blue,Spiky Cap,Neutral,,Bat
4163,0.1,2480,78.97,https://magiceden.io/item-details/Ehd8cAwxtgXN2TLsFJ5riXuTmoCyxPmFChq3qrcXGAmt,Bandaid,Red,Military Uniform,Sky,Dreads,Annoyed,,Bow
4167,0.2,2094,81.12,https://magiceden.io/item-details/GdYh2UYdgAjCojNp7dWNG1YVicCESBBE4kYymHcujnN9,Gas Mask,Teal,Street Kid Tee,Orange,Wasteland Mask,Annoyed,,Dual Swords
4221,0.1,1277,88.77,https://magiceden.io/item-details/G6uKUACdLkuzoWLAZzYjRpKMtsxDhd8dBTNhyEfDXora,Face Mask,Rose,Streetwear Windbreaker,Light,Combover,Annoyed,,Greatsword
4285,0.2,2511,77.72,https://magiceden.io/item-details/GooijKWt9xqeqpzEueCWXGXxCZY1j7LQHQXzE7PcUUa,Face Mask,Teal,Bomber Jacket,Orange,Short,Annoyed,,Bat
4320,0.21,3699,67.94,https://magiceden.io/item-details/FCgNT8DaepU7xZ6PTaahTtPsyAeDCu7prGS5xvmbSE3H,Blood,Rose,Streetwear Windbreaker,Blue,Bun,Annoyed,,Bow
4334,0.1,4909,59.18,https://magiceden.io/item-details/D5kx4UqThp5cbojNdUEDZ6P5YDfP8uAvvdQMCYNcv1xy,Blindfold,Red,Fighter Tank Top,Amber,Headband,Neutral,,Katana
4365,0.04,4116,66.24,https://magiceden.io/item-details/Qp6UqZmVqjn7vdEUEyKnzCusrreGvguN9v1iQDaXFUs,Blindfold,Orange,Fighter Tank Top,Amber,Slicked Back,Annoyed,,Greatsword
4438,0.065,1170,90,https://magiceden.io/item-details/4TELzC7XE5d5BHNdf16NUTdYkPLdsP32NXCtwQbRPyPt,Gem,Blue,Sensei Kimono,Red,Short,Annoyed,,Dual Swords
4463,0.1,3403,71.45,https://magiceden.io/item-details/7qmpxHv65nzh3qDkuuvB23rqovXCvjKhCyB6k9AF9TJ4,Box Earrings,Red,Fighter Tank Top,Black,Wavy Long,Neutral,,Chainsaw
4506,0.15,1041,90.2,https://magiceden.io/item-details/CAxzCyhSonTVPibJgPsDPvTFqptS4qvNQWPa4zUgahbv,Mecha Beak,Lime,Streetwear Windbreaker,Yellow,Slicked Bun,Neutral,,Chainsaw
4513,0.05,4532,62.75,https://magiceden.io/item-details/Fn6TANAiq1oe8Nxyk6ibnfSNKtiVFnyjYptYFG9UpWBk,Eyepatch,Lime,Bomber Jacket,Green,Slicked Back,Excited,,Katana
4528,0.25,2866,74.33,https://magiceden.io/item-details/9KpQTaEvZsZYSPAmZ39ha4hrGmuZuNjkbGF1BKfyp78U,Bandaid,Red,Bomber Jacket,Amber,Spiky Cap,Annoyed,,Bow
4561,0.12,3113,73.61,https://magiceden.io/item-details/DB5eTzVWvEummaFNHhksZLHDtp95PMnDG5M3GJN1cNph,Samurai Mask,Rose,Casual Tee,Green,Wavy Long,Annoyed,,Bat
4584,0.05,2031,83.13,https://magiceden.io/item-details/Bwy56QYdmobnZRPFLRGQziCx7YJiFZwhn9jLiPysYiTC,Blood,Red,Robot Tank Top,Purple,Bun,Excited,,Submachine Gun
4635,0.04,4404,63.89,https://magiceden.io/item-details/8A7x9fkJSH7P4r3rdDzvFAnMdJiLqSvsp5wVsviUfYp,Glasses,Purple,Fighter Tank Top,Black,Dreads,Annoyed,,Katana
4812,0.02,4389,64.22,https://magiceden.io/item-details/4Fry1f8HiMbe9xmmth1UBW9pD5JTEtfoS3cyCBUaCwkX,Face Paint,Yellow,Streetwear Windbreaker,Yellow,Slicked Up,Annoyed,,Katana
4817,0.15,279,96.41,https://magiceden.io/item-details/9NgDC6WTKnZaxnu3exJ3k6ntcMyrX7bEQ4DVu1HSeAbW,Glasses,Light,Shoulder Cover,Amber,Wavy Long,Excited,,Robot Arms
4864,0.1,884,91.98,https://magiceden.io/item-details/3BDtwEuR7G9coSVjSLBM3GcEfVJpw8BZQwMVjEDjrDJG,Face Mask,Rose,Feather Cover,Blue,Spiky,Bloodthirsty,,Katana
4875,0.15,3851,67.3,https://magiceden.io/item-details/5d2XjRHyxfkYG9V9GvsJEpY1xZSEV8kd9xeouS6uoGPC,Bandaid,Lime,Sensei Kimono,Empty,Scruffy,Grin,,Bat
4919,0.3,1194,87.45,https://magiceden.io/item-details/2cCypho5TTG2gV59rhbwmwVkFbeDFiRJVxnHEgjX2Hfy,Eyepatch,Orange,Chemsuit,Empty,Spiky Cap,Tongue Out,,Bat
4937,0.2,1739,84.01,https://magiceden.io/item-details/DYMqS4iYM4Ci2YViiw9ZDaXTaoJMw1SA4P8KmsTFhQtB,Tattoos,Red,High-Class Suit,Sky,Bun,Excited,,Submachine Gun
4976,0.35,206,95,https://magiceden.io/item-details/9nFBPsHQq9LTnN9GhAUhb6tiKVRqjN8faQNEbPcBqiRN,Samurai Mask,Blue,Robot Tank Top,Orange,Dreads,Bloodthirsty,,Greatsword
4979,0.29,4221,62.89,https://magiceden.io/item-details/5f79UiqNN4f3XHG619ZVXXLbcYLNHTQ65cTr6U39JKjs,Face Mask,Red,Military Uniform,Black,Wasteland Mask,Neutral,,Katana
