id,price,moonRank,ðŸ’Ž score (%),storeURL,Background Color,Beak Color,Chain,Ear-ring,Face Tattoo,Favourite rapper,Head accessories,Head Color,Neck Color,Position in gang,Shades,Smoking,Type
0008,50,2615,0,https://magiceden.io/item-details/J25ypByAkq1dpWKKLqydGZDDbUhPKZwDKWskka4eKQJQ,palegreen,lightsalmon,none,none,none,ditc,normal,powderblue,rosybrown,thug,standard,none,normal
0021,150,3244,0,https://solanart.io/nft/3yFD3xU2DqoHE5DiSijq49PGN8wigBN4bJVAtsEpoufg,aquamarine,gray,none,none,none,mobb deep,normal,thistle,gray,thug,standard,none,normal
0025,50,3123,0,https://magiceden.io/item-details/Gc4LdSFSNyNYG4paaxmpUEydYP2GjoxdHXstz5qH8qFp,coral,lightsalmon,none,none,none,jay-z,normal,lavender,gray,thug,standard,none,normal
0039,48,3010,0,https://magiceden.io/item-details/G6SmtSmT6z7GxUXBeRhjc6ZkZmrwnucYmjjjr8cavQ13,thistle,saddlebrown,none,none,none,outkast,normal,pink,gray,thug,standard,none,normal
0041,49,3307,0,https://magiceden.io/item-details/HeT5d7qZbqC48VFrHnk3PHx2TVGxE5Jp7yp8zmPZr57y,lightpink,saddlebrown,none,none,none,biggie,normal,silver,gray,thug,standard,none,normal
0046,45,2506,0,https://magiceden.io/item-details/HHPG1rRs8EJiTURoh4gT8ZLUcYDuGHaqyBbaJeeUxAFh,palegreen,darkslategray,none,none,none,nas,normal,bisque,gray,thug,standard,none,normal
0067,49,468,0,https://magiceden.io/item-details/CPsFRKy3ruPUKEcmde9SNRmrAhxmkQrSH5mYgLMXa2ix,khaki,lightsalmon,silver,none,none,biggie,normal,lightcyan,lightcyan,thug,standard,none,alien
0087,55,1235,0,https://solanart.io/nft/E3Vq2muBXj4xMQzVRcFGNyNAcuCmvMsMPUTAPAWwd54x,coral,saddlebrown,none,none,none,ditc,forwards cap,palegoldenrod,cadetblue,thug,standard,none,normal
0109,26.69,1762,11.69,https://magiceden.io/item-details/2YJnvWGDyBaX71vaeyG7BbEzesEgjR4PHG8rAzyewqPP,coral,darkslategray,none,none,none,wu-tang,heisenhat,lightblue,gray,thug,standard,none,normal
0110,44,2048,0,https://magiceden.io/item-details/26ch8BXoGTK5gq4NkFPuALmxqHYppcrMvqrDYTyQghVX,khaki,lightgray,none,none,none,outkast,heisenhat,silver,slategray,thug,standard,none,normal
0111,50,2481,0,https://magiceden.io/item-details/2StqomA3dDMMqLoKUe6Agiw5iXLtRWv5MPx8wUNaQywf,thistle,saddlebrown,none,none,none,wu-tang,normal,darkgray,gray,thug,standard,none,normal
0133,33,1679,0,https://magiceden.io/item-details/75AkbZi6RBGgsMADf1kv7CHcLUksTpuaXzRV7i83umYJ,khaki,lightgray,none,none,none,biggie,normal,thistle,cadetblue,thug,standard,none,spotted
0140,44,2019,0,https://magiceden.io/item-details/Gh8szqSg13GVKf5U1V8ePQnycSUBB5pxyx5HKD8xiG4d,khaki,saddlebrown,none,silver,none,ditc,normal,lightsteelblue,rosybrown,thug,standard,none,normal
0149,35,1710,0,https://magiceden.io/item-details/DyGvKMSBh6jreDnzC1KXXGFmEepsaS6W6wBS2yatH45A,aquamarine,saddlebrown,none,silver,none,biggie,normal,pink,rosybrown,thug,standard,none,normal
0170,19.99,2140,74.12,https://magiceden.io/item-details/6HQTKGkmWfFwkqqwviVEwtK2kEbwMCkAFuqws1LQW6oS,palegreen,darkslategray,none,none,teardrop,jay-z,normal,thistle,lightslategray,thug,standard,none,normal
0204,33.3,1964,0,https://magiceden.io/item-details/DcH4hocEjdzkhvVugqhezmJKxpRv1NS4zFJcpph9QRJF,palegreen,lightsalmon,none,none,teardrop,mobb deep,normal,paleturquoise,lightslategray,thug,standard,none,normal
0205,28,1785,0,https://magiceden.io/item-details/CCc1PrgEGTLaGyYNvtgmFMyJTS59AeFPpSFkmhRQbUvC,palegreen,tomato,none,none,none,ditc,forwards cap,lavender,slategray,thug,standard,none,normal
0215,49.900002,2790,0,https://solanart.io/nft/4YeX6zzA3C56XHsykiDScvH8Q47XG5gkN55AymbLWFZB,thistle,lightgray,none,none,none,ditc,normal,lightgray,rosybrown,thug,standard,none,normal
0224,42,164,0,https://magiceden.io/item-details/5ZmkTqiCv3oR8xj5dezxn8vhy96nX1z6oCXPxhztDCF1,khaki,saddlebrown,none,none,none,biggie,beanie,lightcyan,lightcyan,enforcer,standard,none,alien
0240,28.9,286,7.44,https://magiceden.io/item-details/9NQ1LHneyxRZ7VA6pktZrELRPnXoGLqnoDxMhq9jivD7,thistle,lightsalmon,none,gold,none,wu-tang,heisenhat,pink,gray,thug,standard,none,spotted
0241,26,1765,18.55,https://magiceden.io/item-details/878A74xGX4UUeZHWFr8yti5h4sYcHeyUvKLfMbGgNbS1,lightpink,gray,none,none,none,ditc,normal,paleturquoise,rosybrown,thug,standard,none,spotted
0261,50,470,0,https://solanart.io/nft/4L8jZh8bp7uPAFk1FxR35xQS2R1xFyhKsNSN3Rcd1WqW,aquamarine,tomato,silver,none,none,jay-z,normal,lightcyan,lightcyan,thug,standard,none,alien
0293,30,1316,0,https://magiceden.io/item-details/2dVGqpocqGoaPxFU4VnQyTdEhte6Gjrb6qF92WE1NmVs,coral,saddlebrown,none,none,none,outkast,normal,lightcyan,lightcyan,thug,standard,none,alien
0299,35,2020,0,https://magiceden.io/item-details/AuWc1oxSSK5ZpKq92XKxttLJurpnyJRFAX9g5RfEaqUE,palegreen,gray,none,none,none,mobb deep,doorag,thistle,lightslategray,thug,standard,none,normal
0311,105,128,0,https://solanart.io/nft/HS44qX44X6D5q5QsCzTHYJMomVCunB4Y7SijjHV7q7My,palegreen,lightgray,gold,none,none,mobb deep,backwards cap,lavender,slategray,thug,standard,none,spotted
0323,35,2100,0,https://solanart.io/nft/cbr1mCN59V7XYPNLokBXL2rv3YE4vEkftit5TzL9PMq,khaki,gray,none,none,none,mobb deep,normal,wheat,darkgray,thug,standard,none,normal
0327,45,1546,0,https://magiceden.io/item-details/2pgbzBimZKZqiTe4pzb8bB4j1yA5bpa8JMBVf57PfNgW,lightpink,tomato,none,silver,none,tupac,forwards cap,lavender,gray,thug,standard,none,normal
0397,29.98,560,0,https://magiceden.io/item-details/36eghwXWkLfnvj2RYgtBUe2nDPxmjpYs7UC5m7LbJeYB,lightpink,lightsalmon,none,none,none,gang-star,normal,lightcyan,lightcyan,enforcer,standard,none,alien
0455,777,183,0,https://solanart.io/nft/ETixXXcqVvKTyvdFyTJQSnfC94aj79zqf2DgMuiKXPpC,lightpink,lightgray,none,none,none,gang-star,beanie,powderblue,darkkhaki,thug,red,none,normal
0476,149,768,0,https://solanart.io/nft/EUVverJcDGqZMbqYMUHFeLs3aamt9s8VTkHR8UWkLu5j,palegreen,saddlebrown,silver,none,none,ditc,normal,lightyellow,gray,thug,standard,none,normal
0499,39.69,661,0,https://magiceden.io/item-details/CCZxAzEQwNBHA1YT4SC6HDy4CwQvYVUKcarye95HjGt8,khaki,darkslategray,none,none,none,wu-tang,doorag,palegoldenrod,dimgray,thug,standard,none,spotted
0522,50,2911,0,https://magiceden.io/item-details/8a2Xs8YY3Xk8PKSbLWfHLrNT6u74fYHGus1oCLgGNXGC,aquamarine,saddlebrown,none,none,none,mobb deep,normal,paleturquoise,lightslategray,thug,standard,none,normal
0542,42,860,0,https://magiceden.io/item-details/5svJo6hp3f1gLvgZdosHrv3Lr35M3FkynbTDfCiDnvhW,aquamarine,tomato,none,gold,none,mobb deep,beanie,lightgray,lightslategray,thug,standard,none,normal
0546,50,1048,0,https://magiceden.io/item-details/5SK91ht6WD76q3zNZ7xCZx4UFr14HKopyfmST536MqFT,khaki,lightgray,none,none,none,jay-z,normal,powderblue,rosybrown,thug,standard,spliff,normal
0549,45,751,0,https://magiceden.io/item-details/HvmEMfmAvigBrHGLufGa5feUAiYYLFQppQm4KNcbYFGG,khaki,lightsalmon,none,none,none,gang-star,normal,pink,darkseagreen,thug,standard,blunt,normal
0570,28,802,10.2,https://magiceden.io/item-details/HN1635HjWEer1cgYVkWnfcC7p5ps1ab8S4k8uivxF2DM,thistle,tomato,none,none,none,wu-tang,forwards cap,lightpink,darkkhaki,thug,standard,none,normal
0605,50,495,0,https://magiceden.io/item-details/2FLPWYpSZtvbk644n5rLA2SSCfg1UZLnrrtQsG6wVK2c,khaki,lightgray,gold,none,none,outkast,normal,lightblue,cadetblue,thug,standard,none,normal
0630,23,1146,56.04,https://magiceden.io/item-details/2q6KTYXzSqqbrECoZuXPmEswswdKPAsBUEAGnZ4bedCi,coral,saddlebrown,none,none,none,outkast,heisenhat,lightblue,rosybrown,thug,standard,none,normal
0637,30,820,0,https://magiceden.io/item-details/6xTbUxEfsTuBMQpDhQcZm866XnVaYJDsCfJqT2Buchxk,khaki,tomato,none,none,teardrop,gang-star,backwards cap,beige,gray,thug,standard,none,normal
0647,42,1584,0,https://magiceden.io/item-details/BUwgV1V1hHNunYNfPVw5aaCCgta44e9tRXNHwC4PYedR,khaki,darkslategray,none,none,none,wu-tang,beanie,thistle,gray,thug,standard,none,spotted
0663,29,1579,0,https://magiceden.io/item-details/7JT3L3cxXWDamsrugTpo9pbnQpxdhSi4mkpAvd5gPAjV,palegreen,gray,none,none,none,nas,normal,silver,slategray,thug,gold,none,normal
0681,40,1245,0,https://magiceden.io/item-details/9x6bffnMopD7ebnECSnDmaLG65C7feBiVS2Ces97Ddu9,coral,gray,none,none,none,tupac,normal,darkolivegreen,darkolivegreen,thug,standard,none,zombie
0717,30,1724,0,https://magiceden.io/item-details/X2fCi2GYDWqPsCfFWZwqGxXTz9wNhQw5uGPgpjQYpdW,thistle,darkslategray,none,none,teardrop,gang-star,normal,lavender,rosybrown,thug,standard,none,normal
0725,19.99,3025,63.41,https://magiceden.io/item-details/41U1JbipFF6e75o1fJXMGjn98FPyabCMx4unYKUL4JkY,khaki,lightsalmon,none,none,none,biggie,normal,thistle,lightslategray,thug,standard,none,normal
0735,158,93,0,https://solanart.io/nft/DVJr3cQhzQYyKibVHncWMcUqNkTybS5f8FbMqtXd1JAR,coral,darkslategray,none,none,none,outkast,forwards cap,honeydew,darkgray,thug,gold,none,normal
0738,22,2830,45.67,https://magiceden.io/item-details/GoHqWx8jdEfhymkdfzmSzabEPMTN7ns7DmookHckPCGH,coral,gray,none,none,none,ditc,normal,lightblue,gray,thug,standard,none,normal
0784,50,684,0,https://magiceden.io/item-details/22K2mhDPbrCqtLmSU3VwfhLb2bK893L8a56uFsuTYLeE,lightpink,tomato,none,none,teardrop,tupac,normal,lightsteelblue,darkseagreen,enforcer,standard,none,normal
0785,38,1018,0,https://magiceden.io/item-details/CBtgBQtq3mAP9vbR7WZmaGwkTNFtj675QbUxfgPjmE31,thistle,gray,none,silver,none,gang-star,normal,wheat,lightslategray,thug,standard,none,spotted
0794,99,2308,0,https://solanart.io/nft/9ZeWgtoiXvVUC1QYSdxgBNocM4STaRZBw8oe8JaTHAVw,aquamarine,darkslategray,none,none,none,outkast,normal,lightpink,darkseagreen,thug,standard,none,normal
0795,45,2024,0,https://solanart.io/nft/FjtuHArvHyBGibcfL5KKRiLxgHHGhaLJcs8TLPx2jbKK,palegreen,lightsalmon,none,none,none,outkast,doorag,silver,slategray,thug,standard,none,normal
0830,39,1428,0,https://magiceden.io/item-details/Br7MzVYXdaDjYqZoTBb2DwHc86VPTz7UW5gqKeSzcdfA,thistle,lightsalmon,none,none,none,ditc,normal,darkolivegreen,darkolivegreen,thug,standard,none,zombie
0870,32,2996,0,https://magiceden.io/item-details/JBYQkEQANFWPJ9S1Q7wDFLeC7XTWA28HMnKwrG2doU2S,lightpink,lightsalmon,none,none,none,ditc,normal,wheat,gray,thug,standard,none,normal
0876,298,2021,0,https://solanart.io/nft/yZrchTpfp1RrTHU1dkobtbbVB6vbCGAe7U7uKkqhVU4,thistle,gray,none,silver,none,nas,normal,mistyrose,gray,thug,standard,none,normal
0882,175,970,0,https://solanart.io/nft/EidDFkv6zAaMPENbx2knKRLi2JjASothaRQpTbcujQ5c,aquamarine,darkslategray,none,silver,none,ditc,forwards cap,lightsteelblue,rosybrown,thug,standard,none,normal
0889,50,2583,0,https://magiceden.io/item-details/BLxaTxHMU9ucrcjrTe8jH7iLQEJkhaac35xMVdNLTf6X,khaki,lightsalmon,none,silver,none,ditc,normal,silver,lightslategray,thug,standard,none,normal
0924,50,3135,0,https://magiceden.io/item-details/4gRymi4M7xFDgDkPAukUMjSy1ena6vLHdXYHS1CfdNE5,aquamarine,lightsalmon,none,none,none,mobb deep,normal,lavender,gray,thug,standard,none,normal
0928,42,403,0,https://magiceden.io/item-details/3326s9udMiGft4wmVxoroJmAXCeMEdS1jL2pHFmLGub6,khaki,darkslategray,silver,silver,none,biggie,beanie,lavender,lightslategray,thug,standard,none,normal
0930,22.5,2058,50.01,https://magiceden.io/item-details/AxQSKp1WBMufdKfhuSQGv3NiTE88EQquTaEYVdn1W2zS,palegreen,saddlebrown,none,none,none,outkast,forwards cap,silver,slategray,thug,standard,none,normal
1026,45,2525,0,https://magiceden.io/item-details/BPTetLYyPX7GHYBHdmc94qC1oUsgZLDJWaQJb6KML5pS,palegreen,tomato,none,none,none,ditc,normal,gainsboro,gray,thug,standard,none,spotted
1038,49,801,0,https://magiceden.io/item-details/F6bhjo5qzZzKBac6YTsuKV1bej6urvQtYPKWqwDwCZwN,coral,lightsalmon,none,silver,none,outkast,normal,darkolivegreen,darkolivegreen,thug,standard,none,zombie
1086,40.99,1669,0,https://magiceden.io/item-details/CwbmjDMYp2vZP44uF9brREuLubLgajbrnZrC9wkMomGL,coral,lightsalmon,none,none,none,nas,beanie,plum,lightslategray,thug,standard,none,normal
1087,22,2118,54.28,https://magiceden.io/item-details/E8FcGAsKA52foNye9KLxYe9t9Qk7nf5bf9mhTZotJZRY,khaki,lightsalmon,none,none,teardrop,gang-star,normal,silver,slategray,thug,standard,none,normal
1105,44.44,867,0,https://magiceden.io/item-details/EkubRGFL9yg6sd6UxjKrwvsqWr2NWnXGuz4Z52Y7568L,thistle,saddlebrown,none,none,teardrop,mobb deep,normal,wheat,lightslategray,enforcer,standard,none,normal
1111,37,550,0,https://magiceden.io/item-details/J3sWcD4qgQvK8UTxEkMMSX5BbFchYoqa4PFLANmpW2jA,lightpink,lightsalmon,none,none,teardrop,outkast,beanie,pink,dimgray,thug,standard,none,normal
1125,36,2277,0,https://magiceden.io/item-details/8w7hErgA29ZY9u12J6WcSDGVurqazfxpSkNjAUsyf2J4,khaki,darkslategray,none,none,none,biggie,normal,pink,dimgray,thug,standard,none,normal
1132,39.95,374,0,https://magiceden.io/item-details/HxyVu3ufnwCGNCsBMQQxCsH8eJFcW17ZNcaQggsSyRPg,aquamarine,lightsalmon,none,gold,none,tupac,normal,darkolivegreen,darkolivegreen,thug,standard,none,zombie
1140,50,908,0,https://magiceden.io/item-details/71xqDe7H2NCNktkyAHimpKZ4N8rTkej1vzhCWsdhaS71,khaki,saddlebrown,none,gold,none,wu-tang,doorag,lightpink,gray,thug,standard,none,normal
1150,38.5,1056,0,https://magiceden.io/item-details/HkDyZHCCtZXaQUb99axJZDAwdYU7rQDji69NNUmWTo9W,coral,darkslategray,none,silver,none,tupac,normal,whitesmoke,slategray,thug,standard,none,normal
1196,45,1441,0,https://magiceden.io/item-details/97vDXLEaEBm13Z6nW9oisRa8En6xYMavoJcFqjC24WX8,aquamarine,darkslategray,none,silver,none,nas,forwards cap,powderblue,gray,thug,standard,none,normal
1198,40,188,0,https://magiceden.io/item-details/AWPpk7Scp2rtMQuLYVNm4GJ2gisHnfWKKYz9n8DQ1SEN,aquamarine,gray,none,silver,none,mobb deep,backwards cap,lightcyan,lightcyan,thug,standard,none,alien
1216,49,2094,0,https://magiceden.io/item-details/GdmDDe6zunDjzQ2ksj86xtWgttTCTMRLqrY9NwCAyAFX,thistle,lightgray,none,none,none,nas,normal,silver,gray,thug,standard,spliff,normal
1263,31,1240,0,https://magiceden.io/item-details/HUK5DAA8kCxjXcdqryGp7ZNP5oVBaecJJ2QbajUikvUG,aquamarine,darkslategray,none,gold,none,jay-z,normal,pink,slategray,thug,standard,none,normal
1267,46.69,911,0,https://magiceden.io/item-details/2PhWwfm6PiRQSm8XMKT7KTNqx4Ts38Y2oAvNwgV4bRjo,palegreen,lightgray,none,none,none,outkast,doorag,lightsteelblue,slategray,thug,standard,none,spotted
1271,45,349,0,https://magiceden.io/item-details/4vkcWp3n6bSuUfW53sHWFrsHAbMGpDfdtL1wSbHj6Ame,coral,lightgray,none,none,none,wu-tang,heisenhat,silver,rosybrown,enforcer,standard,none,spotted
1275,50,407,0,https://magiceden.io/item-details/HF7duJcFXcev8cVCNZN2s7FahyD2bTY3ADWWXyzLKhuK,thistle,tomato,none,gold,none,outkast,beanie,paleturquoise,darkgray,thug,standard,none,normal
1281,40,3283,0,https://magiceden.io/item-details/HkW5nXRmDmJkSBFZpJqoHVrhQgpUpQTqJgftKwR64EjC,palegreen,darkslategray,none,none,none,wu-tang,normal,silver,gray,thug,standard,none,normal
1292,49,2373,0,https://magiceden.io/item-details/HbAPJTajQY3VydJU2W2WM7cUgdaP8bToz5VgiPNJRzKU,lightpink,gray,none,none,none,ditc,normal,honeydew,gray,thug,standard,none,normal
1304,32.5,460,0,https://magiceden.io/item-details/7aqzd6keVZ1a6LPyMQBUybZWVwqLX7AvZdqBkGFDbzn1,lightpink,tomato,none,none,none,jay-z,doorag,lightcyan,lightcyan,thug,standard,none,alien
1311,24.69,1632,33.26,https://magiceden.io/item-details/72HjhKyPTiaVdeJNv7eDFzUzFBmhpRvE6jXziRhC6VSa,aquamarine,darkslategray,none,silver,none,ditc,beanie,lightsteelblue,gray,thug,standard,none,normal
1330,50,733,0,https://magiceden.io/item-details/9nMMESxHPmimiDguEGPa5uZfVdBhVcawcp7RCDdB4hH3,thistle,gray,silver,none,none,wu-tang,forwards cap,beige,gray,thug,standard,none,normal
1337,29,2584,0,https://magiceden.io/item-details/BDm5Gy1esRi2RUZZSRLu6SFnxGpSTbz2XaXuuWjj5pYN,palegreen,saddlebrown,none,none,none,tupac,normal,thistle,cadetblue,thug,standard,none,normal
1383,29.95,618,0,https://magiceden.io/item-details/9vcqFTHqu7Thea91CTzhYJTLr9YjAzrUZMUFPEA9s6sL,palegreen,lightgray,none,silver,none,tupac,normal,wheat,gray,enforcer,standard,none,spotted
1412,25,948,38.43,https://magiceden.io/item-details/ziXZEGmGjVcpf9zMaD58g5VvAee3WqDSFigARBSAhhS,coral,gray,none,silver,none,tupac,backwards cap,paleturquoise,slategray,thug,standard,none,normal
1431,99,3297,0,https://solanart.io/nft/D56jgvkZKVzYsdhJxhB6hf3tLjPLwbaxZ7yCFX5EMj7g,aquamarine,tomato,none,none,none,nas,normal,silver,gray,thug,standard,none,normal
1438,49,283,0,https://magiceden.io/item-details/25odV1cGdmn6n2mCTNbGUnFND7VXn1daAQQPjZCSxo8h,thistle,darkslategray,none,silver,none,tupac,beanie,linen,dimgray,thug,standard,none,normal
1445,30,2853,0,https://magiceden.io/item-details/6eTr1GaytJUbpBH3fbQqVjZaEy5VHPqs2E1vMuj1f4Qo,lightpink,lightsalmon,none,none,none,wu-tang,normal,thistle,rosybrown,thug,standard,none,normal
1482,117,3220,0,https://solanart.io/nft/Dz5six3Ebt5Tva2HAgwPXrk5TtaozTsTJ2kNqhmTPLYL,lightpink,saddlebrown,none,none,none,jay-z,normal,lightgray,gray,thug,standard,none,normal
1483,1338,1889,0,https://solanart.io/nft/5NTcj6yj4Z95CgDCHYMKdWgAWs73pk1U5N5WVGMk4ZGh,lightpink,gray,none,silver,none,outkast,normal,lightgray,dimgray,thug,standard,none,normal
1497,20.4,2671,63.59,https://magiceden.io/item-details/63QQxfJchLcWneH4GKmeEHemZHP9vwDm8ddR2YPDyX7v,lightpink,lightsalmon,none,none,teardrop,nas,normal,silver,gray,thug,standard,none,normal
1537,25,1300,34.18,https://magiceden.io/item-details/7WosMiHYr12pM47UXFC1K6H2T6Bw4NXHM5oKHciSgp5U,aquamarine,lightgray,none,none,none,ditc,normal,lightcyan,lightcyan,thug,standard,none,alien
1571,30,2445,0,https://magiceden.io/item-details/CCc7VnyKDZJMZGqqxU59pddXtfLsp43mwTkLmHcHb5bq,khaki,tomato,none,none,none,biggie,normal,wheat,rosybrown,thug,standard,none,normal
1593,49,3195,0,https://solanart.io/nft/44BiHHpWSySEp8k4Ux9c19uxeGEz9Vof8rYvjm82WdPC,coral,darkslategray,none,none,none,nas,normal,gainsboro,gray,thug,standard,none,normal
1609,30,628,0,https://magiceden.io/item-details/8tFEuCWTsskh5cLuDNKKrtgGbUX4t7cM55nW52XjD3J,thistle,darkslategray,none,silver,none,jay-z,normal,lightgray,lightslategray,enforcer,standard,none,spotted
1631,50,1303,0,https://magiceden.io/item-details/D9HsQkXkWGUp6Qdp9c5AW2fyH1LVyMyP1hm4fCfQryKQ,lightpink,lightsalmon,none,none,none,tupac,normal,darkolivegreen,darkolivegreen,thug,standard,none,zombie
1635,76,656,0,https://solanart.io/nft/fcxCVuwYRKDXN4XawK4RimyHtYNbJuy8fuaq4juRsaA,coral,lightgray,silver,gold,none,mobb deep,normal,silver,darkseagreen,thug,standard,none,normal
1646,45,53,0,https://magiceden.io/item-details/EouqFHQ2enfrRKrSUTYsWoWU7bX9RSQ7N7PXmzox5E3S,aquamarine,saddlebrown,silver,none,none,tupac,beanie,peachpuff,cadetblue,enforcer,standard,none,normal
1664,25,1959,26.2,https://magiceden.io/item-details/GVmb5Ut8Qf3tF1QBUJHWx8e79p9vzkXJRfHZXipxnPy4,coral,saddlebrown,none,silver,none,nas,normal,paleturquoise,rosybrown,thug,standard,none,normal
1688,33,3060,0,https://solanart.io/nft/692xUNVGTn6dUqWNKf4oQL6WeAv4yRhQgehiSr7pQSRz,thistle,lightsalmon,none,none,none,biggie,normal,powderblue,gray,thug,standard,none,normal
1707,42.68,1873,0,https://magiceden.io/item-details/FtqzmzTpPUdYLVX1z3Sy3qNDs8tWyub9GJNNh1JNpHzx,coral,lightsalmon,none,none,none,biggie,normal,beige,darkseagreen,thug,standard,none,normal
1710,25,2860,15.31,https://magiceden.io/item-details/C4HcHwXQpfRNjijyYYYh8k4YXYwyzQqwPzyikvFVGzfQ,palegreen,lightsalmon,none,none,none,jay-z,normal,thistle,rosybrown,thug,standard,none,normal
1712,123.449997,652,0,https://solanart.io/nft/6pVxoGx1jQFNqvEg6tvQ9LyEuonWbwCeFguboKQ9Pivd,khaki,lightsalmon,none,none,none,ditc,normal,darkolivegreen,darkolivegreen,enforcer,standard,none,zombie
1729,48.5,1697,0,https://magiceden.io/item-details/CsCr4Pynnxg3rxJ8UhUEuYh3Kwuf5WhQxEGNb7FhwLwh,palegreen,saddlebrown,none,none,none,gang-star,normal,lavender,lightslategray,thug,red,none,normal
1735,48,585,0,https://magiceden.io/item-details/BCr7cY48bpivUNctuhtVcNkhEXx3B5gkE4QYBz5SbhKg,khaki,saddlebrown,none,none,none,biggie,normal,lightcyan,lightcyan,enforcer,standard,none,alien
1744,222,596,0,https://alpha.art/t/FMAdiE3DiNJioLeAn5cifPGR99P9Shbc65nKK4CK3N8Q,palegreen,darkslategray,none,silver,none,ditc,normal,thistle,darkseagreen,thug,standard,blunt,normal
1749,50,2082,0,https://magiceden.io/item-details/3uzuUaPLXhAum7cNSddQFhMyz2QUFnMfbdEqQREYAaNH,lightpink,gray,none,gold,none,gang-star,normal,gainsboro,gray,thug,standard,none,normal
1777,40,1454,0,https://magiceden.io/item-details/38kv1CccBK33gKnDzsfxeZDYpGdPqRgepifkAceFFgoy,thistle,lightgray,none,silver,none,ditc,normal,lightgray,gray,thug,red,none,normal
1781,20.1,2659,66.74,https://magiceden.io/item-details/xF3oyPYkGBnFmSfPhaFLwMVShuSntNv7THLGk7AfaPQ,khaki,darkslategray,none,none,teardrop,wu-tang,normal,silver,gray,thug,standard,none,normal
1833,29.69,1995,0,https://magiceden.io/item-details/AV8osE753nancsgkYFtdcGv7tKsszjkD5HYLkfWs4vDJ,thistle,tomato,none,none,none,ditc,doorag,wheat,gray,thug,standard,none,normal
1848,130,3096,0,https://solanart.io/nft/BGkLbAekNo3HdugJaYRwvW5axWzCXkedxabzsX1of3yM,palegreen,darkslategray,none,none,none,tupac,normal,paleturquoise,gray,thug,standard,none,normal
1859,250,839,0,https://solanart.io/nft/2wozFZfXumgCoaapgYymMPnpHU5XiYpGbRjCLEk3TH4Y,thistle,gray,silver,none,none,wu-tang,normal,beige,darkgray,thug,standard,none,normal
1867,39.69,732,0,https://magiceden.io/item-details/Fy8iVTzRNFZVP1ywPoeDvWp4tLF9DTCzrJdzCpBD9Wyj,aquamarine,lightgray,silver,none,none,gang-star,beanie,paleturquoise,rosybrown,thug,standard,none,normal
1886,29,2276,0,https://magiceden.io/item-details/3hGNRAG8g6RjZ32eeA5RXSNWkEDC2w5S2BRgfmPomVPM,lightpink,lightsalmon,none,none,none,mobb deep,doorag,lightgray,gray,thug,standard,none,normal
1892,298,3136,0,https://solanart.io/nft/87M5mEfgQMmQBYXyddFzXCvXoR8Kd5TqaG6UxeGW8bMX,aquamarine,lightgray,none,none,none,ditc,normal,paleturquoise,gray,thug,standard,none,normal
1902,45,458,0,https://magiceden.io/item-details/2LE7A558sW6ZHA3zZHzX6jfLBYZ9wW1hYXTa1c1xtLn2,khaki,tomato,none,none,none,jay-z,doorag,lightcyan,lightcyan,thug,standard,none,alien
1933,300,377,0,https://solanart.io/nft/F2WUHELnSzprKScZzWX9TSdeZxkvQsdRP2y6VynfaBcw,aquamarine,gray,silver,none,none,gang-star,normal,lavender,darkseagreen,thug,red,none,normal
1940,20,3264,60.42,https://magiceden.io/item-details/3Q5o2aELjjTiAVeevgjqZuJnhHxEeZ3nYTgT2SRzjS4T,khaki,lightsalmon,none,none,none,ditc,normal,thistle,gray,thug,standard,none,normal
1942,169.690002,1340,0,https://solanart.io/nft/G9cPcaP4Kha1DMhkdMdaBox6cUPSzWLmqipzhx5zErGc,thistle,tomato,none,none,none,ditc,normal,lightgray,gray,underboss,standard,none,normal
2003,40,1008,0,https://magiceden.io/item-details/7uSPJ6GE3gjSMkL9YYsnNTU6MsnabhBmADUbPFEREGip,coral,lightsalmon,none,silver,none,outkast,normal,palegreen,gray,enforcer,standard,none,normal
2008,50,1281,0,https://magiceden.io/item-details/H22hQAoiq5Lhdsx4r48tAReSamgk9ViGcvhDa1x1FwPj,aquamarine,saddlebrown,none,none,none,biggie,normal,powderblue,gray,enforcer,standard,none,spotted
2021,32,2516,0,https://magiceden.io/item-details/3aetLrNWuUs6FTefQwy5QW1M3zAVZzAL4FJqQviSPgQF,lightpink,lightgray,none,silver,none,tupac,normal,palegoldenrod,gray,thug,standard,none,normal
2030,22,2105,54.44,https://magiceden.io/item-details/CsrxNzr7AB7oD26kuwTJm3ywfTt2PYNBQUHAFRmimqQc,coral,saddlebrown,none,none,none,gang-star,normal,peachpuff,lightslategray,thug,standard,none,normal
2054,21,2434,60.46,https://magiceden.io/item-details/5F8DDZKJmh1JwBC8CBJkf8o1nvQZjDJTyGLddUATeNgi,aquamarine,lightgray,none,none,none,wu-tang,normal,paleturquoise,darkseagreen,thug,standard,none,normal
2082,36,3237,0,https://magiceden.io/item-details/5AvxZtia7bFs9ouxZVYA2JrUqSRL9CAGwxyrCqbi5JcC,khaki,tomato,none,none,none,outkast,normal,lightgray,gray,thug,standard,none,normal
2090,420,1691,0,https://solanart.io/nft/E2mgD8MzbR3VT2K6XpyAAPW8Ktq2xYSX4xYBCSoxAVLi,coral,saddlebrown,none,none,none,tupac,normal,silver,lightslategray,thug,standard,spliff,normal
2115,420,81,0,https://solanart.io/nft/A5v3mXA8hubuCMUpGLAmYDPacyqeqDex6UusajnthZxa,aquamarine,gray,none,none,teardrop,ditc,heisenhat,antiquewhite,rosybrown,thug,standard,none,spotted
2154,80,1824,0,https://solanart.io/nft/Ca1B36im4VjLQK93MMaQSAbUFU1FYkwCGGgHS6dNAdd5,aquamarine,saddlebrown,none,gold,none,jay-z,normal,pink,gray,thug,standard,none,normal
2168,50,2301,0,https://magiceden.io/item-details/BCpiBXGaS9P7hKnrE3KFrfUTFbZ2kXHVrRwzt9VAXN8y,coral,saddlebrown,none,none,none,outkast,normal,lavenderblush,gray,thug,standard,none,normal
2197,46,3227,0,https://magiceden.io/item-details/BRPviC4pvMNxYwdRxMVPEWeiwPTXTUNBGyYYbRd5CJ6Z,thistle,saddlebrown,none,none,none,biggie,normal,gainsboro,gray,thug,standard,none,normal
2198,49.99,1576,0,https://magiceden.io/item-details/A3rdj1yuEYSxBR6BPnFCZsTCMqTygjoD6FwQb8Mh5wbi,coral,tomato,none,none,none,tupac,forwards cap,silver,gray,enforcer,standard,none,normal
2212,99,1229,0,https://solanart.io/nft/4qByu92LTp1oDN3P7eD6DpuXP7vWHzJCmotRrjLYk2c3,palegreen,gray,none,none,none,biggie,normal,lightcyan,lightcyan,thug,standard,none,alien
2215,45,3059,0,https://solanart.io/nft/DDr5kSxQzLy5Msd67fmNwvPkMkBBN4GuBFBP78NFkgz8,lightpink,darkslategray,none,none,none,tupac,normal,palegoldenrod,gray,thug,standard,none,normal
2233,69,1573,0,https://solanart.io/nft/4HoPYqE8kvHqQVN8PtATTXipm4KdsKjHs9ffwZtACK3Z,khaki,lightgray,none,none,none,tupac,normal,lightpink,gray,thug,standard,blunt,normal
2274,44,3051,0,https://magiceden.io/item-details/GiyM2gAYkmr9TEibgMHH4GbntFjA6TU2N1Y4vaCynP3t,palegreen,lightsalmon,none,none,none,ditc,normal,lightpink,gray,thug,standard,none,normal
2288,150,1516,0,https://alpha.art/t/Af2j4a41YAUkH9DJpzEYA4NZ6MZguimMTWgRhQghP8tA,lightpink,tomato,none,none,none,mobb deep,heisenhat,paleturquoise,dimgray,thug,standard,none,normal
2303,34.990002,2335,0,https://solanart.io/nft/7YQJMRSkbix7B6zkcfwWnKmRRrVaTpcX6p8Rtryb9rmf,aquamarine,gray,none,none,none,mobb deep,normal,palegoldenrod,darkseagreen,thug,standard,none,normal
2348,50,1565,0,https://solanart.io/nft/F2scQ35hiECogVeLQbxD22EZSJXdM3pyx5DYidayCqbf,coral,darkslategray,none,none,none,jay-z,normal,plum,gray,thug,standard,spliff,normal
2357,29,878,0,https://magiceden.io/item-details/CogkoGAqHJLyCwCPVLbge5erL9eAdLRwym7GUTmkHwaU,palegreen,lightsalmon,none,silver,none,ditc,forwards cap,lavender,dimgray,thug,standard,none,normal
2365,20,3042,63.11,https://magiceden.io/item-details/8mxdASsmhfYbVXxW6oz2yJtuJ657TpKZTFvitwdUC7kL,palegreen,gray,none,none,none,mobb deep,normal,powderblue,gray,thug,standard,none,normal
2367,40,791,0,https://magiceden.io/item-details/4J5AykYdBSSnSPe7V2kpCXQc4GaGEqvLEn5LWDZDqJ4p,aquamarine,darkslategray,none,silver,none,biggie,normal,darkolivegreen,darkolivegreen,thug,standard,none,zombie
2401,50,329,0,https://magiceden.io/item-details/AJcDLkKg4GjC3M9KnujdSo9jSHKAQH4MrYbnoLFinxSe,khaki,lightgray,none,none,none,ditc,doorag,wheat,slategray,thug,gold,none,normal
2410,30,1888,0,https://magiceden.io/item-details/8ntYDJ6hxjkCeq4QgdvkeGEiwKfMkgfTv8Vipb2pXhEP,lightpink,darkslategray,none,none,none,gang-star,normal,lavender,darkkhaki,thug,standard,none,normal
2429,39.9,1370,0,https://magiceden.io/item-details/BByJ9pxbMKTZeMAEsTE9pboyGomuTZuJU3pZJves6QL1,palegreen,lightsalmon,none,none,none,biggie,normal,darkolivegreen,darkolivegreen,thug,standard,none,zombie
2435,67,1154,0,https://solanart.io/nft/XSwie4QLQTfxkqVDgGVYo6SXDbYRqzPFdZ8KaRAQbP2,palegreen,darkslategray,none,gold,none,mobb deep,normal,lightsteelblue,darkgray,thug,standard,none,normal
2473,39,1051,0,https://magiceden.io/item-details/BTDpMNGrbTa4Mb2FNDsw6CDampXhvcNBqdeFmJqzjhbL,khaki,gray,none,none,none,tupac,normal,thistle,darkseagreen,thug,standard,spliff,normal
2540,100,1414,0,https://solanart.io/nft/8Znodsta894J9ECCXYxAi8WFgv3wfLmfSF9BQt4cH8Xa,thistle,saddlebrown,none,none,none,nas,normal,darkolivegreen,darkolivegreen,thug,standard,none,zombie
2571,28,1688,0,https://magiceden.io/item-details/68aHyA5oRwTce5XVFrrDRw2PkqEM8iMHUPjLf3FrfGcU,palegreen,tomato,gold,none,none,wu-tang,normal,gainsboro,gray,thug,standard,none,normal
2581,39,1007,0,https://magiceden.io/item-details/9zyrxbLzk9Sb38PnagdXV5n13HgKcZtrgKnZmiw5a1js,palegreen,lightgray,none,none,none,ditc,normal,lavender,dimgray,thug,standard,blunt,normal
2599,45,2062,0,https://magiceden.io/item-details/8ykmybh7esCULQAyG9QLNUq8UiaBnjNNUWdWyQkKpzH3,aquamarine,darkslategray,none,none,none,wu-tang,normal,silver,gray,thug,standard,spliff,normal
2616,49,745,0,https://magiceden.io/item-details/D7BXoxLDnqapK9Y9t7ooPKpYTpq3k8ZyRshhN8LoZYsa,khaki,lightsalmon,none,silver,none,nas,normal,lightcyan,lightcyan,thug,standard,none,alien
2633,34.999,3002,0,https://magiceden.io/item-details/9gNQ7EPKowymEuyjiJtFehLird587nziarTqDXVrobHS,khaki,tomato,none,none,none,mobb deep,normal,pink,gray,thug,standard,none,normal
2661,75,1930,0,https://solanart.io/nft/6YLs4VcisSjAzTSX5vHdHKYaT9vshpzJ6VCmftq7zJe3,aquamarine,tomato,gold,none,none,wu-tang,normal,silver,gray,thug,standard,none,normal
2686,40,610,0,https://magiceden.io/item-details/kpHWo5mQHiiAjg3EEM1vWcqSu8AQ5JJJChtNixFd1ac,lightpink,darkslategray,none,none,none,outkast,beanie,darkolivegreen,darkolivegreen,thug,standard,none,zombie
2687,37,2383,0,https://magiceden.io/item-details/EtrprSfou1tjwMeAp13cPcFfcJad2aWWcGTFHxqMMLdN,aquamarine,lightsalmon,none,none,none,ditc,normal,palegoldenrod,darkseagreen,thug,standard,none,normal
2689,300,298,0,https://solanart.io/nft/FVT6ZAMJ6asL3h8pXjtdZ6m143nYF5E6uBMWbUsz488r,palegreen,lightsalmon,none,none,none,mobb deep,normal,darkolivegreen,darkolivegreen,thug,gold,none,zombie
2724,39,2185,0,https://magiceden.io/item-details/EZoNCCYXMo8GMCKynSkeHjstNPxjyYss4H2aTmCjcCBS,coral,saddlebrown,none,none,teardrop,mobb deep,normal,lightpink,gray,thug,standard,none,normal
2725,189,3119,0,https://solanart.io/nft/9nH11TcFxc7LvKQbuq4yBVeNUacaoMvfTUkNUxnRPgx7,thistle,gray,none,none,none,tupac,normal,lightgray,gray,thug,standard,none,normal
2727,29.99,667,0,https://magiceden.io/item-details/3Qea4mB3K6UYW9hMYVad3a5SE9GxxDWweFBfM9hpQWNB,lightpink,saddlebrown,none,silver,none,jay-z,normal,plum,lightslategray,thug,standard,spliff,normal
2748,25,1917,26.71,https://magiceden.io/item-details/5wvVPr1KKwmNDA5De5YxJZNMV8d8qzPBsbo2NDLK6zuV,palegreen,tomato,none,none,none,wu-tang,heisenhat,silver,rosybrown,thug,standard,none,normal
2749,80,161,0,https://solanart.io/nft/EZGomswVJ8K963u7riXDAGsSrtnyXAZheCQXwhciHs8x,coral,lightsalmon,silver,gold,none,wu-tang,forwards cap,thistle,dimgray,thug,standard,none,normal
2765,70,2407,0,https://alpha.art/t/69tDMH2U5v8fsu8dxYaEwSK5EA68EZeTqX9pB639NyDL,thistle,lightgray,none,none,none,gang-star,normal,lavender,darkgray,thug,standard,none,normal
2783,250,803,0,https://solanart.io/nft/13b6qR79UcWhWHSgspo8qiwGxh6a7nMo5iXX5FvrPZ6n,khaki,tomato,none,silver,none,nas,normal,darkolivegreen,darkolivegreen,thug,standard,none,zombie
2788,42.69,1163,0,https://magiceden.io/item-details/B3XP9JWGXFWnookgJPm4YkoRKPdgLsmPJ6kH2vcrF1KE,lightpink,darkslategray,none,none,none,jay-z,backwards cap,powderblue,cadetblue,thug,standard,none,normal
2822,30,2746,0,https://magiceden.io/item-details/BdgGhBKvPFXTqtuqCPWDQjBhpvufJP9ypExHzt8V8bZR,aquamarine,darkslategray,none,none,none,ditc,normal,silver,cadetblue,thug,standard,none,normal
2837,46,2374,0,https://magiceden.io/item-details/GMXe8tN1VCPwgZTLXMeVsosVV5FgDR6cbYPwNPjRhLJR,aquamarine,tomato,none,none,none,tupac,normal,moccasin,gray,thug,standard,none,normal
2838,70,438,0,https://solanart.io/nft/8gDdrbiFHYrL2oJ32NFz6bddpkU9ttmFhyS5GL1mzfB5,aquamarine,gray,none,none,none,outkast,doorag,lightcyan,lightcyan,thug,standard,none,alien
2909,38,3201,0,https://magiceden.io/item-details/HeoWfBxMJLM5WykH2gNxZ2iwVNYcKHtj2dFNZJbtQUA4,khaki,darkslategray,none,none,none,jay-z,normal,gainsboro,gray,thug,standard,none,normal
2913,35,2269,0,https://magiceden.io/item-details/BnTkQGTh2thmDEbB1GWnDBSRsa3eDAZ19AmcZVTRqktp,thistle,saddlebrown,none,none,none,nas,normal,palegoldenrod,gray,enforcer,standard,none,normal
2926,36,945,0,https://magiceden.io/item-details/6EX62yXXKTYsUpdpQ22cGQDS3kWdBEDyaDzVqyUAcgx3,coral,lightsalmon,none,none,teardrop,gang-star,normal,moccasin,slategray,thug,standard,none,normal
2928,38,2230,0,https://magiceden.io/item-details/D12J5X75Y8XSW5p6JMvXWPT4qGKKDPyPWf2T8VSpxoPk,lightpink,gray,none,silver,none,jay-z,normal,lightgray,lightslategray,thug,standard,none,normal
2935,39,1073,0,https://magiceden.io/item-details/7Z61GiJK9kAh6YgyUJs6ynQ79ydi9HnQ6p1UwNQ6wai8,palegreen,darkslategray,none,silver,teardrop,ditc,normal,thistle,dimgray,thug,standard,none,normal
2959,49.69,1383,0,https://magiceden.io/item-details/Dn628tkucPdATLVtZWpGQSNNBx8gvGxbG1xYSxg5kFaA,lightpink,darkslategray,none,none,none,jay-z,normal,darkolivegreen,darkolivegreen,thug,standard,none,zombie
2980,37,3088,0,https://magiceden.io/item-details/gwyZAj8fCoZEXjN4tZU2WUCFYbBAPhcEwKWYYZajB24,thistle,saddlebrown,none,none,none,wu-tang,normal,silver,lightslategray,thug,standard,none,normal
3019,28,1700,0,https://magiceden.io/item-details/8QGDqfw5fRcQHNpvbsEs58Qr8dyMQqBchzR6kr9Rkb39,lightpink,saddlebrown,none,silver,none,gang-star,normal,moccasin,gray,thug,standard,none,normal
3095,40,814,0,https://magiceden.io/item-details/CSSSbxHXt98HGggJRj6nxG6fviYYbFD8trSmboLpFHuc,aquamarine,tomato,none,silver,none,ditc,normal,darkolivegreen,darkolivegreen,thug,standard,none,zombie
3100,24,1685,39.52,https://magiceden.io/item-details/Bo5wYsHApvWrHx46kEcy1MMtZjkTa5UH1d4M33rEFb2d,thistle,lightgray,none,silver,none,jay-z,normal,lightpink,dimgray,thug,standard,none,normal
3105,29,1237,0,https://magiceden.io/item-details/DkwJeEMp15Cif3Y81diXdm6dWSy4mXbMUzg6Xfkt76Va,palegreen,gray,none,none,none,mobb deep,normal,lightcyan,lightcyan,thug,standard,none,alien
3133,40,1520,0,https://magiceden.io/item-details/J8m73GYBA47zjPJEyuVbf5vxw2tibqS7nkKfRrJpMvov,khaki,lightsalmon,none,none,none,nas,normal,moccasin,cadetblue,thug,standard,none,normal
3168,83,2912,0,https://alpha.art/t/8Ay6J2951QPPyY77wXmHZkuKPuBgXonuSzFvabmJg3U5,aquamarine,gray,none,none,none,nas,normal,silver,rosybrown,thug,standard,none,normal
3175,26,1121,26.34,https://magiceden.io/item-details/HCVahLF9Ec1Y2ZwbEAKfD2dpN4WMivkA3TWfAasCMbDG,thistle,gray,none,silver,teardrop,jay-z,normal,lightblue,gray,thug,standard,none,normal
3177,47,2496,0,https://magiceden.io/item-details/BR47i9En1HBcHhQc2USUv4RsyG44FwHa5VxYkpcqSEzr,palegreen,darkslategray,none,none,none,ditc,heisenhat,thistle,gray,thug,standard,none,normal
3221,48.88,1507,0,https://magiceden.io/item-details/RbHiAn4Agn8mMWRpgBE9j2HNzrK4hCJRLS8Ctwcj2xw,thistle,saddlebrown,none,none,teardrop,ditc,normal,lavender,darkgray,thug,standard,none,normal
3236,75,1893,0,https://solanart.io/nft/CJLZNgtHsZLCHNpccPWiyp1sRogciPzfCwwarBnvgkef,coral,gray,none,silver,none,wu-tang,normal,silver,gray,enforcer,standard,none,normal
3246,35,2286,0,https://solanart.io/nft/ADdt6d6ZvVMdxquSZtTEqurkGHM9G6zSCg7MbJ65KjRG,palegreen,lightgray,none,none,none,outkast,normal,powderblue,darkgray,thug,standard,none,normal
3262,39.99,691,0,https://magiceden.io/item-details/DS2bbCQQcC2ovPf2MSdyH4YU8Kzmfg9R2apQZGVSLV5A,lightpink,tomato,silver,silver,none,outkast,backwards cap,lightsteelblue,gray,thug,standard,none,normal
3268,250,513,0,https://solanart.io/nft/Cwy3niJK3R6h6Mxx9xbkdLa5AU7hXsULM1U3rzpzeVpd,aquamarine,gray,none,none,none,gang-star,normal,lightsteelblue,slategray,thug,standard,blunt,spotted
3271,47.5,125,0,https://magiceden.io/item-details/3pQKAtn5ig2tv5fwyxxsgaTBx8QDVzwMx8TP58uSceWA,aquamarine,saddlebrown,none,none,none,jay-z,normal,wheat,slategray,enforcer,standard,spliff,spotted
3298,420,76,0,https://solanart.io/nft/CKCS6FVNWvfzqnb6oPCUHY2G8c7JkB3LeXw1pQH43pU2,khaki,lightsalmon,none,none,none,wu-tang,backwards cap,darkolivegreen,darkolivegreen,thug,tron,none,zombie
3315,20,2022,75.44,https://magiceden.io/item-details/AeKMrTMMnH6QSxN7xWqK9PAZZwG9SnwgbHRWSZhsJjFJ,coral,tomato,none,silver,none,nas,normal,gainsboro,rosybrown,thug,standard,none,normal
3322,22,2914,44.65,https://magiceden.io/item-details/Avy1JgTndvXZQ8NMsfdZM73ATfpYkuppq4oEWfqJ4PCg,thistle,lightgray,none,none,none,tupac,normal,thistle,slategray,thug,standard,none,normal
3328,140,2664,0,https://solanart.io/nft/Ch8UGBYVNonaWSF9rvpxiWZwHC7aHvTW4cNUWVv8zTug,aquamarine,darkslategray,none,none,none,jay-z,normal,lightpink,slategray,thug,standard,none,normal
